-- phpMyAdmin SQL Dump
-- version 5.2.1
-- https://www.phpmyadmin.net/
--
-- Servidor: 127.0.0.1
-- Tiempo de generación: 07-03-2026 a las 22:06:03
-- Versión del servidor: 10.4.32-MariaDB
-- Versión de PHP: 8.2.12

SET SQL_MODE = "NO_AUTO_VALUE_ON_ZERO";
START TRANSACTION;
SET time_zone = "+00:00";


/*!40101 SET @OLD_CHARACTER_SET_CLIENT=@@CHARACTER_SET_CLIENT */;
/*!40101 SET @OLD_CHARACTER_SET_RESULTS=@@CHARACTER_SET_RESULTS */;
/*!40101 SET @OLD_COLLATION_CONNECTION=@@COLLATION_CONNECTION */;
/*!40101 SET NAMES utf8mb4 */;

--
-- Base de datos: `sacrej`
--

-- --------------------------------------------------------

--
-- Estructura de tabla para la tabla `celebracion`
--

CREATE TABLE `celebracion` (
  `IdCel` int(15) NOT NULL,
  `FechCel` date NOT NULL,
  `TipCel` int(2) NOT NULL,
  `NumLib` int(4) NOT NULL,
  `NumFol` int(10) NOT NULL,
  `IdMin` int(5) NOT NULL,
  `Lugar` text NOT NULL
) ENGINE=InnoDB DEFAULT CHARSET=utf8mb4 COLLATE=utf8mb4_general_ci;

-- --------------------------------------------------------

--
-- Estructura de tabla para la tabla `individuos`
--

CREATE TABLE `individuos` (
  `idInd` int(20) NOT NULL,
  `NomInd` text NOT NULL,
  `ApeInd` text NOT NULL,
  `LugNacInd` text NOT NULL,
  `FecNacInd` date NOT NULL,
  `SexInd` text NOT NULL,
  `FilInd` text NOT NULL COMMENT 'Filiacion del individuo',
  `DirInd` text NOT NULL,
  `IdUsu` int(11) NOT NULL
) ENGINE=InnoDB DEFAULT CHARSET=utf8mb4 COLLATE=utf8mb4_general_ci;

-- --------------------------------------------------------

--
-- Estructura de tabla para la tabla `individuo_celebracion`
--

CREATE TABLE `individuo_celebracion` (
  `IdInd` int(20) NOT NULL,
  `IdCel` int(15) NOT NULL,
  `RegCiv` varchar(15) NOT NULL,
  `NotMar` text NOT NULL,
  `EstCel` int(2) NOT NULL COMMENT 'Estado de la celebracion, para saber si es anulada, caso especial u otros casos'
) ENGINE=InnoDB DEFAULT CHARSET=utf8mb4 COLLATE=utf8mb4_general_ci;

-- --------------------------------------------------------

--
-- Estructura de tabla para la tabla `jerarquia_ministro`
--

CREATE TABLE `jerarquia_ministro` (
  `CodJer` int(2) NOT NULL COMMENT 'Codigo de la jerarquia del ministro',
  `NomJer` text NOT NULL COMMENT 'Nombre de la jerarquia',
  `DesJer` text NOT NULL COMMENT 'Descripcion breve de la jerarquia'
) ENGINE=InnoDB DEFAULT CHARSET=utf8mb4 COLLATE=utf8mb4_general_ci;

--
-- Volcado de datos para la tabla `jerarquia_ministro`
--

INSERT INTO `jerarquia_ministro` (`CodJer`, `NomJer`, `DesJer`) VALUES
(1, 'SACERDOTE', 'persona consagrada a la religión para celebrar ritos y oficios, actuando a menudo como intermediario entre la comunidad religiosa y la divinidad');

-- --------------------------------------------------------

--
-- Estructura de tabla para la tabla `ministro_celebrante`
--

CREATE TABLE `ministro_celebrante` (
  `IdMinCel` int(9) NOT NULL,
  `Nom` text NOT NULL,
  `Ape` text NOT NULL,
  `CodJer` int(2) NOT NULL
) ENGINE=InnoDB DEFAULT CHARSET=utf8mb4 COLLATE=utf8mb4_general_ci;

--
-- Volcado de datos para la tabla `ministro_celebrante`
--

INSERT INTO `ministro_celebrante` (`IdMinCel`, `Nom`, `Ape`, `CodJer`) VALUES
(1, 'Julián', 'Silvetti', 1),
(2, 'Jorge H', 'Perez', 1),
(3, 'nestor', 'chacon', 1),
(4, 'Pedro M', 'Garriz', 1),
(5, 'Luis', 'Buitrago', 1),
(6, 'pio leon', 'hernandez', 1),
(7, 'Ramiro', 'Useche', 1),
(8, 'Gonzalo', 'Lormaza', 1),
(9, 'Otho Jose', 'Cardenas', 1),
(10, 'Rafael A', 'gonzalez', 1);

-- --------------------------------------------------------

--
-- Estructura de tabla para la tabla `padres`
--

CREATE TABLE `padres` (
  `IdPad` int(11) NOT NULL,
  `IdInd` int(20) NOT NULL,
  `Nom` text NOT NULL,
  `Ape` text NOT NULL,
  `Sex` tinyint(1) NOT NULL
) ENGINE=InnoDB DEFAULT CHARSET=utf8mb4 COLLATE=utf8mb4_general_ci;

-- --------------------------------------------------------

--
-- Estructura de tabla para la tabla `padrinos`
--

CREATE TABLE `padrinos` (
  `IdPadri` int(11) NOT NULL,
  `IdInd` int(20) NOT NULL,
  `Nom` text NOT NULL,
  `Ape` text NOT NULL,
  `Sex` tinyint(1) NOT NULL,
  `TipCelPad` int(11) NOT NULL
) ENGINE=InnoDB DEFAULT CHARSET=utf8mb4 COLLATE=utf8mb4_general_ci;

-- --------------------------------------------------------



-- --------------------------------------------------------

--
-- Estructura de tabla para la tabla `tipo_celebracion`
--

CREATE TABLE `tipo_celebracion` (
  `IdTip` int(2) NOT NULL,
  `DesTip` text NOT NULL
) ENGINE=InnoDB DEFAULT CHARSET=utf8mb4 COLLATE=utf8mb4_general_ci;

--
-- Volcado de datos para la tabla `tipo_celebracion`
--



-- --------------------------------------------------------

--
-- Estructura de tabla para la tabla `usuarios`
--

CREATE TABLE `usuarios` (
  `IdUsu` int(11) NOT NULL,
  `NomUsu` varchar(50) NOT NULL,
  `ApeUsu` varchar(50) NOT NULL,
  `Usuario` varchar(12) NOT NULL,
  `ClaUsu` varchar(255) NOT NULL,
  `RolUsu` varchar(10) NOT NULL DEFAULT 'user'
) ENGINE=InnoDB DEFAULT CHARSET=utf8mb4 COLLATE=utf8mb4_general_ci;

--
-- Indices de la tabla `usuarios`
--
ALTER TABLE `usuarios`
  ADD PRIMARY KEY (`IdUsu`),
  ADD UNIQUE KEY `Usuario` (`Usuario`);

ALTER TABLE `tipo_celebracion`
  ADD PRIMARY KEY (`IdTip`);

--
-- Estructura de tabla para la tabla `preguntas_seguridad`
--

CREATE TABLE `preguntas_seguridad` (
  `IdUsu` int(11) NOT NULL,
  `PreSeg1` text NOT NULL,
  `ResSeg1` text NOT NULL,
  `PreSeg2` text NOT NULL,
  `ResSeg2` text NOT NULL,
  `PreSeg3` text NOT NULL,
  `ResSeg3` text NOT NULL,
  `PreSeg4` text NOT NULL,
  `ResSeg4` text NOT NULL
) ENGINE=InnoDB DEFAULT CHARSET=utf8mb4 COLLATE=utf8mb4_general_ci;
ALTER TABLE `preguntas_seguridad`
  ADD KEY `IdUsu` (`IdUsu`);

ALTER TABLE `preguntas_seguridad`
  ADD CONSTRAINT `preguntas_seguridad_ibfk_1` FOREIGN KEY (`IdUsu`) REFERENCES `usuarios` (`IdUsu`);
COMMIT;
--
-- Volcado de datos para la tabla `preguntas_seguridad`
--

--
-- Volcado de datos para la tabla `usuarios`
--
INSERT INTO `tipo_celebracion` (`IdTip`, `DesTip`) VALUES
(1, 'Bautizo');

INSERT INTO `usuarios` (`IdUsu`, `NomUsu`, `ApeUsu`, `Usuario`, `ClaUsu`, `RolUsu`) VALUES
(1, 'Administrador', 'Principal', 'Admin01', '$2y$10$FjDphbSHUuuFvHJoB3hQJu1rgmCUiPoFEHbfajQ4hPPK/M5xasdzC', '10'),
(2, 'Administrador', 'Principal', 'Admin02', '$2y$10$FjDphbSHUuuFvHJoB3hQJu1rgmCUiPoFEHbfajQ4hPPK/M5xasdzC', '10'),
(3, 'Administrador', 'Principal', 'Admin03', '$2y$10$FjDphbSHUuuFvHJoB3hQJu1rgmCUiPoFEHbfajQ4hPPK/M5xasdzC', '10'),
(4, 'Administrador', 'Principal', 'Admin04', '$2y$10$FjDphbSHUuuFvHJoB3hQJu1rgmCUiPoFEHbfajQ4hPPK/M5xasdzC', '10'),
(26015780, 'yeison', 'medina', 'Leo123', '$2y$10$/xbGIRxWC1DozwvkLkCzU.PNrnO3VoGtFz6X4PsnlWX53lGjGDkTy', '20');

INSERT INTO `preguntas_seguridad` (`IdUsu`, `PreSeg1`, `ResSeg1`, `PreSeg2`, `ResSeg2`, `PreSeg3`, `ResSeg3`, `PreSeg4`, `ResSeg4`) VALUES
(1, '¿Cuál es el nombre de tu primera mascota?', '1', '¿En qué ciudad naciste?', '2', '¿Cuál es tu comida favorita?', '3', '¿Cómo se llama tu mejor amigo de la infancia?', '4'),
(26015780, '¿Cuál es el nombre de tu primera mascota?', '1', '¿En qué ciudad naciste?', '2', '¿Cuál es tu comida favorita?', '3', '¿Cómo se llama tu mejor amigo de la infancia?', '4');

--
-- Índices para tablas volcadas
--
--
-- Indices de la tabla `celebracion`
--
ALTER TABLE `celebracion`
  ADD PRIMARY KEY (`IdCel`),
  ADD KEY `TipCel` (`TipCel`,`IdMin`),
  ADD KEY `IdMin` (`IdMin`);

--
-- Indices de la tabla `individuos`
--
ALTER TABLE `individuos`
  ADD PRIMARY KEY (`idInd`),
  ADD KEY `IdUsu` (`IdUsu`);

--
-- Indices de la tabla `individuo_celebracion`
--
ALTER TABLE `individuo_celebracion`
  ADD KEY `IdInd` (`IdInd`),
  ADD KEY `IdCel` (`IdCel`);

--
-- Indices de la tabla `jerarquia_ministro`
--
ALTER TABLE `jerarquia_ministro`
  ADD PRIMARY KEY (`CodJer`);

--
-- Indices de la tabla `ministro_celebrante`
--
ALTER TABLE `ministro_celebrante`
  ADD PRIMARY KEY (`IdMinCel`),
  ADD KEY `CodGer` (`CodJer`);

--
-- Indices de la tabla `padres`
--
ALTER TABLE `padres`
  ADD PRIMARY KEY (`IdPad`),
  ADD KEY `idx_IdInd` (`IdInd`);

--
-- Indices de la tabla `padrinos`
--
ALTER TABLE `padrinos`
  ADD PRIMARY KEY (`IdPadri`),
  ADD KEY `idx_IdInd` (`IdInd`),
  ADD KEY `fk_padrinos_tipcel` (`TipCelPad`);

--
-- Indices de la tabla `preguntas_seguridad`
--


--
-- Indices de la tabla `tipo_celebracion`
--




--
-- AUTO_INCREMENT de las tablas volcadas
--

--
-- AUTO_INCREMENT de la tabla `individuos`
--
ALTER TABLE `individuos`
  MODIFY `idInd` int(20) NOT NULL AUTO_INCREMENT;

--
-- AUTO_INCREMENT de la tabla `jerarquia_ministro`
--
ALTER TABLE `jerarquia_ministro`
  MODIFY `CodJer` int(2) NOT NULL AUTO_INCREMENT COMMENT 'Codigo de la jerarquia del ministro', AUTO_INCREMENT=2;

--
-- AUTO_INCREMENT de la tabla `ministro_celebrante`
--
ALTER TABLE `ministro_celebrante`
  MODIFY `IdMinCel` int(9) NOT NULL AUTO_INCREMENT, AUTO_INCREMENT=2;

--
-- AUTO_INCREMENT de la tabla `padres`
--
ALTER TABLE `padres`
  MODIFY `IdPad` int(11) NOT NULL AUTO_INCREMENT, AUTO_INCREMENT=3;

--
-- AUTO_INCREMENT de la tabla `padrinos`
--
ALTER TABLE `padrinos`
  MODIFY `IdPadri` int(11) NOT NULL AUTO_INCREMENT, AUTO_INCREMENT=3;

--
-- AUTO_INCREMENT de la tabla `tipo_celebracion`
--
ALTER TABLE `tipo_celebracion`
  MODIFY `IdTip` int(2) NOT NULL AUTO_INCREMENT, AUTO_INCREMENT=2;

--
-- Restricciones para tablas volcadas
--

--
-- Filtros para la tabla `celebracion`
--
ALTER TABLE `celebracion`
  ADD CONSTRAINT `celebracion_ibfk_1` FOREIGN KEY (`TipCel`) REFERENCES `tipo_celebracion` (`IdTip`),
  ADD CONSTRAINT `celebracion_ibfk_2` FOREIGN KEY (`IdMin`) REFERENCES `ministro_celebrante` (`IdMinCel`);

--
-- Filtros para la tabla `individuos`
--
ALTER TABLE `individuos`
  ADD CONSTRAINT `individuos_ibfk_1` FOREIGN KEY (`IdUsu`) REFERENCES `usuarios` (`IdUsu`);

--
-- Filtros para la tabla `individuo_celebracion`
--
ALTER TABLE `individuo_celebracion`
  ADD CONSTRAINT `individuo_celebracion_ibfk_2` FOREIGN KEY (`IdCel`) REFERENCES `celebracion` (`IdCel`),
  ADD CONSTRAINT `individuo_celebracion_ibfk_3` FOREIGN KEY (`IdInd`) REFERENCES `individuos` (`idInd`);

--
-- Filtros para la tabla `ministro_celebrante`
--
ALTER TABLE `ministro_celebrante`
  ADD CONSTRAINT `ministro_celebrante_ibfk_1` FOREIGN KEY (`CodJer`) REFERENCES `jerarquia_ministro` (`CodJer`);

--
-- Filtros para la tabla `padres`
--
ALTER TABLE `padres`
  ADD CONSTRAINT `padres_ibfk_1` FOREIGN KEY (`IdInd`) REFERENCES `individuos` (`idInd`);

--
-- Filtros para la tabla `padrinos`
--
ALTER TABLE `padrinos`
  ADD CONSTRAINT `padrinos_ibfk_1` FOREIGN KEY (`IdInd`) REFERENCES `individuos` (`idInd`);

--
-- Filtros para la tabla `preguntas_seguridad`
--


/*!40101 SET CHARACTER_SET_CLIENT=@OLD_CHARACTER_SET_CLIENT */;
/*!40101 SET CHARACTER_SET_RESULTS=@OLD_CHARACTER_SET_RESULTS */;
/*!40101 SET COLLATION_CONNECTION=@OLD_COLLATION_CONNECTION */;

SET FOREIGN_KEY_CHECKS = 0;

-- --------------------------------------------------------
-- 1. Crear la tabla ImgActas primero
-- --------------------------------------------------------
CREATE TABLE IF NOT EXISTS `ImgActas` (
  `IdImg` int(11) NOT NULL AUTO_INCREMENT,
  `UrlArchivo` varchar(255) NOT NULL,
  `NombreDigitalizador` varchar(100) NOT NULL,
  `FechaRegistro` timestamp NOT NULL DEFAULT current_timestamp(),
  PRIMARY KEY (`IdImg`)
) ENGINE=InnoDB DEFAULT CHARSET=utf8mb4 COLLATE=utf8mb4_general_ci;

-- --------------------------------------------------------
-- 2. Modificar individuo_celebracion para incluir la relación
-- --------------------------------------------------------

-- Añadimos la columna para el ID de la imagen
ALTER TABLE `individuo_celebracion` 
  ADD COLUMN `IdImgActa` int(11) DEFAULT NULL;

-- Creamos la relación (Llave Foránea)
ALTER TABLE `individuo_celebracion`
  ADD CONSTRAINT `fk_indcel_imgactas` 
  FOREIGN KEY (`IdImgActa`) REFERENCES `ImgActas` (`IdImg`) 
  ON DELETE SET NULL ON UPDATE CASCADE;

SET FOREIGN_KEY_CHECKS = 1;

--
-- Volcado de datos para la tabla `celebracion`
--

INSERT INTO `celebracion` (`IdCel`, `FechCel`, `TipCel`, `NumLib`, `NumFol`, `IdMin`, `Lugar`) VALUES
(0, '1964-05-01', 1, 0, 0, 7, 'La Fria'),
(1, '1955-10-30', 1, 1, 1, 3, 'La Fria'),
(2, '1955-10-30', 1, 1, 1, 3, 'La Fria'),
(3, '1955-10-30', 1, 1, 1, 3, 'La Fria'),
(4, '1955-10-30', 1, 1, 2, 3, 'La Fria'),
(5, '1955-10-30', 1, 1, 2, 3, 'La Fria'),
(6, '1955-10-30', 1, 1, 2, 3, 'La Fria'),
(7, '1955-10-30', 1, 1, 3, 3, 'La Fria'),
(8, '1955-11-01', 1, 1, 3, 3, 'La Fria'),
(9, '1955-11-01', 1, 1, 3, 3, 'La Fria'),
(10, '1955-11-01', 1, 1, 4, 3, 'La Fria'),
(11, '1955-11-02', 1, 1, 4, 3, 'La Fria'),
(12, '1955-11-02', 1, 1, 4, 3, 'La Fria'),
(13, '1955-11-04', 1, 1, 5, 3, 'La Fria'),
(14, '1955-11-06', 1, 1, 5, 3, 'La Fria'),
(16, '1955-11-06', 1, 1, 6, 3, 'La Fria'),
(17, '1955-11-06', 1, 1, 6, 3, 'La Fria'),
(18, '1955-11-06', 1, 1, 6, 3, 'La Fria'),
(19, '1955-11-06', 1, 1, 7, 3, 'La Fria'),
(20, '1955-11-06', 1, 1, 7, 3, 'La Fria'),
(21, '1955-11-06', 1, 1, 7, 3, 'La Fria'),
(22, '1955-11-06', 1, 1, 8, 3, 'La Fria'),
(23, '1955-11-06', 1, 1, 8, 3, 'La Fria'),
(24, '1955-11-06', 1, 1, 8, 3, 'La Fria'),
(25, '1955-11-06', 1, 1, 9, 3, 'La Fria'),
(26, '1955-11-06', 1, 1, 9, 3, 'La Fria'),
(27, '1955-11-07', 1, 1, 9, 3, 'La Fria'),
(28, '1955-11-07', 1, 1, 10, 6, ''),
(29, '1955-11-09', 1, 1, 10, 3, 'La Fria'),
(30, '1955-11-10', 1, 1, 10, 3, 'La Fria'),
(31, '1955-11-10', 1, 1, 11, 3, 'La Fria'),
(32, '1955-11-10', 1, 1, 11, 3, 'La Fria'),
(33, '1955-11-13', 1, 1, 11, 3, 'La Fria'),
(34, '1955-11-13', 1, 1, 12, 3, 'La Fria'),
(35, '1955-11-13', 1, 1, 12, 3, 'La Fria'),
(36, '1955-11-13', 1, 1, 12, 4, 'La Fria'),
(37, '1955-11-13', 1, 1, 13, 3, 'La Fria'),
(39, '1955-11-13', 1, 1, 39, 3, 'La Fria'),
(41, '1955-11-13', 1, 1, 14, 3, 'La Fria'),
(42, '1955-11-13', 1, 1, 14, 3, 'La Fria'),
(43, '1955-11-13', 1, 1, 15, 3, 'La Fria'),
(44, '1955-11-13', 1, 1, 15, 3, 'La Fria'),
(45, '1955-11-13', 1, 1, 15, 10, 'La Fria'),
(46, '1955-11-13', 1, 1, 16, 10, 'LA FRIA'),
(47, '1955-11-13', 1, 1, 16, 10, 'La Fria'),
(48, '1955-11-13', 1, 1, 16, 10, 'La Fria'),
(49, '1955-11-13', 1, 1, 17, 10, 'La Fria'),
(50, '1955-11-13', 1, 1, 17, 10, 'La Fria'),
(51, '1955-11-13', 1, 1, 17, 10, 'La Fria'),
(52, '1955-11-14', 1, 1, 18, 3, 'La Fria'),
(53, '1955-11-20', 1, 1, 18, 3, 'La Fria'),
(54, '1955-11-20', 1, 1, 18, 3, 'La Fria'),
(55, '1955-11-20', 1, 1, 19, 3, 'La Fria'),
(56, '1955-11-22', 1, 1, 19, 3, 'La Fria'),
(57, '1955-11-25', 1, 1, 19, 6, 'La Fria'),
(58, '1955-11-20', 1, 1, 20, 3, 'La Fria'),
(59, '1955-11-20', 1, 1, 20, 3, 'La Fria'),
(60, '1955-11-20', 1, 1, 20, 3, 'La Fria'),
(61, '1955-11-27', 1, 1, 21, 3, 'La Fria'),
(62, '1955-11-27', 1, 1, 21, 3, 'LA FRIA'),
(63, '1955-11-27', 1, 1, 21, 3, 'LA FRIA'),
(64, '1955-12-02', 1, 1, 22, 3, 'La Fria'),
(65, '1955-12-02', 1, 1, 22, 3, 'La Fria'),
(66, '1955-12-04', 1, 1, 22, 3, 'La Fria'),
(67, '1955-12-04', 1, 1, 23, 3, 'La Fria'),
(68, '1955-12-04', 1, 1, 23, 3, 'La Fria'),
(69, '1955-12-04', 1, 1, 23, 3, 'La Fria'),
(70, '1955-12-04', 1, 1, 24, 3, 'La Fria'),
(71, '1955-12-07', 1, 1, 24, 3, 'La Fria'),
(72, '1955-12-07', 1, 1, 24, 3, 'La Fria'),
(73, '1955-12-07', 1, 1, 25, 3, 'La Fria'),
(74, '1955-12-08', 1, 1, 25, 3, 'La Fria'),
(75, '1955-12-08', 1, 1, 25, 3, 'La Fria'),
(76, '1955-12-08', 1, 1, 26, 3, 'La Fria'),
(77, '1955-12-09', 1, 1, 26, 3, 'La Fria'),
(78, '1955-12-11', 1, 1, 26, 3, 'La Fria'),
(79, '1955-12-11', 1, 1, 27, 3, 'La Fria'),
(80, '1955-12-11', 1, 1, 27, 3, 'La Fria'),
(81, '1955-12-11', 1, 1, 27, 3, 'La Fria'),
(1541, '1971-09-12', 1, 8, 12, 4, 'La Fría'),
(1970, '1961-10-22', 1, 3, 14, 8, 'Sagrado Corazon De Jesus De La Fria'),
(1977, '1961-10-23', 1, 3, 17, 8, 'Sagrado Corazon De Jesus De La Fria'),
(1984, '1961-10-29', 1, 3, 19, 5, 'Sagrado Corazon De Jeus De La Fria'),
(2010, '1958-12-25', 1, 2, 13, 3, 'La Fría'),
(2174, '1958-12-02', 1, 2, 1, 3, 'La Fría'),
(2175, '1958-12-02', 1, 2, 1, 3, 'Sagrado Corazón De Jesús La Fría'),
(2176, '1958-12-06', 1, 2, 1, 3, 'Sagrado Corazón De Jesús La Fría'),
(2177, '1958-12-07', 1, 2, 2, 3, 'Sagrado Corazón De Jesús'),
(2178, '1958-12-07', 1, 2, 2, 3, 'Sagrado Corazón De Jesús'),
(2179, '1958-12-07', 1, 2, 2, 3, 'La Fria'),
(2180, '1958-12-08', 1, 2, 3, 3, 'La Fria'),
(2181, '1958-12-08', 1, 2, 3, 3, 'La Fria'),
(2182, '1958-12-08', 1, 2, 3, 3, 'La Fria'),
(2183, '1958-12-09', 1, 2, 4, 3, 'La Fria'),
(2184, '1958-12-09', 1, 2, 4, 3, 'La Fria'),
(2185, '1958-12-14', 1, 2, 4, 3, 'La Fria'),
(2186, '1958-12-14', 1, 2, 5, 3, 'La Fria'),
(2187, '1958-12-14', 1, 2, 5, 3, 'La Fria'),
(2188, '1958-12-14', 1, 2, 5, 3, 'La Fria'),
(2189, '1958-12-14', 1, 2, 6, 3, 'La Fria'),
(2190, '1958-12-14', 1, 2, 6, 3, 'La Fria'),
(2191, '1958-12-14', 1, 2, 6, 3, 'La Fria'),
(2192, '1958-12-14', 1, 2, 7, 3, 'La Fria'),
(2194, '1958-12-14', 1, 2, 7, 3, 'La Fria'),
(2195, '1958-12-17', 1, 2, 8, 3, 'La Fria'),
(2196, '1958-12-21', 1, 2, 7, 3, 'La Fria'),
(2198, '1958-12-21', 1, 2, 9, 3, 'La Fria'),
(2199, '1958-12-21', 1, 2, 9, 3, 'La Fria'),
(2200, '1958-12-21', 1, 2, 9, 3, 'La Fria'),
(2201, '1958-12-21', 1, 2, 10, 3, 'La Fria'),
(2203, '1958-12-23', 1, 2, 10, 3, 'La Fria'),
(2204, '1958-12-24', 1, 2, 11, 3, 'La Fria'),
(2205, '1958-12-24', 1, 2, 11, 3, 'La Fria'),
(2206, '1958-12-24', 1, 2, 11, 3, 'La Fria'),
(2207, '1958-12-24', 1, 2, 12, 3, 'La Fría'),
(2208, '1958-12-24', 1, 2, 12, 3, 'La Fría'),
(2209, '1958-12-27', 1, 2, 12, 3, 'La Fría'),
(2212, '1958-12-25', 1, 2, 13, 3, 'La Fría'),
(2213, '1958-12-25', 1, 2, 14, 3, 'La Fría'),
(2214, '1958-12-25', 1, 2, 14, 3, 'La Fría'),
(2215, '1958-12-25', 1, 2, 14, 3, 'La Fría'),
(2216, '1958-12-28', 1, 2, 15, 3, 'La Fría'),
(2217, '1958-12-28', 1, 2, 15, 3, 'La Fría'),
(2218, '1958-12-28', 1, 2, 15, 3, 'La Fría'),
(2219, '1958-12-28', 1, 2, 16, 3, 'La Fría'),
(2220, '1958-12-28', 1, 2, 16, 3, 'La Fría'),
(2221, '1958-12-28', 1, 2, 16, 3, 'La Fría'),
(2222, '1958-12-28', 1, 2, 17, 3, 'La Fría'),
(2223, '1958-12-28', 1, 2, 17, 3, 'La Fría'),
(2224, '1958-12-28', 1, 2, 17, 3, 'La Fría'),
(2225, '1958-12-28', 1, 2, 18, 3, 'En Esta Jurisdicción'),
(2226, '1958-12-28', 1, 2, 18, 3, 'La Fría'),
(2227, '1958-12-28', 1, 2, 18, 3, 'La Fría'),
(2228, '1958-12-28', 1, 2, 19, 3, 'La Fría'),
(2229, '1958-12-28', 1, 2, 19, 3, 'La Fría'),
(2230, '1958-12-28', 1, 2, 19, 3, 'La Fria'),
(2231, '1958-12-28', 1, 2, 20, 3, 'La Fría'),
(2232, '1958-12-28', 1, 2, 20, 3, 'La Fría'),
(2233, '1958-12-28', 1, 2, 20, 3, 'La Fria'),
(2234, '1958-12-28', 1, 2, 21, 3, 'La Fría'),
(2235, '1958-12-28', 1, 2, 21, 3, 'La Fría'),
(2236, '1958-12-28', 1, 2, 21, 3, 'La Fría'),
(2237, '1958-12-28', 1, 2, 22, 3, 'La Fría'),
(2238, '1958-12-28', 1, 2, 22, 3, 'La Fría'),
(2240, '1959-01-03', 1, 2, 23, 3, 'La Fría'),
(2242, '1959-01-04', 1, 2, 23, 3, 'La Fría'),
(2243, '1959-01-04', 1, 2, 24, 3, 'La Fría'),
(2244, '1959-01-04', 1, 2, 24, 3, 'La Fría'),
(2245, '1959-01-04', 1, 2, 24, 3, 'La Fría'),
(2246, '1959-01-06', 1, 2, 25, 3, 'La Fría'),
(2248, '1959-01-06', 1, 2, 25, 3, 'La Fria'),
(2249, '1959-01-06', 1, 2, 26, 3, 'La Fria'),
(2250, '1959-01-11', 1, 2, 26, 3, 'La Fria'),
(2251, '1959-01-11', 1, 2, 27, 3, 'La Fria'),
(2252, '1959-01-11', 1, 2, 27, 3, 'La Fria'),
(2253, '1959-01-18', 1, 2, 27, 3, 'La Fria'),
(2255, '1959-01-18', 1, 2, 28, 3, 'La Fria'),
(2256, '1959-01-18', 1, 2, 28, 3, 'La Fria'),
(2257, '1959-01-18', 1, 2, 28, 3, 'La Fria'),
(2258, '1959-01-18', 1, 2, 29, 3, 'La Fria'),
(2259, '1959-01-18', 1, 2, 29, 3, 'La Fria'),
(2261, '1959-01-18', 1, 2, 30, 3, 'La Fria'),
(2262, '1959-01-23', 1, 2, 30, 3, 'La Fria'),
(2263, '1959-01-25', 1, 2, 30, 3, 'La Fria'),
(2264, '1959-01-25', 1, 2, 31, 3, 'La Fria'),
(2265, '1959-01-25', 1, 2, 31, 3, 'LA FRIA'),
(2267, '1959-01-25', 1, 2, 31, 3, 'La Fria'),
(2268, '1959-01-29', 1, 2, 32, 3, 'La Fria'),
(2269, '1959-01-31', 1, 2, 32, 3, 'La Fria'),
(2270, '1959-01-31', 1, 2, 32, 3, 'La Fria'),
(2271, '1959-02-01', 1, 2, 33, 3, ''),
(2272, '1959-02-01', 1, 2, 33, 3, 'La Fria'),
(2273, '1959-02-01', 1, 2, 33, 3, 'La Fria'),
(2274, '1959-02-10', 1, 2, 34, 3, 'La Fria'),
(2275, '1959-02-01', 1, 2, 34, 3, 'La Fria'),
(2276, '1959-02-01', 1, 2, 34, 3, 'La Fria'),
(2277, '1959-02-01', 1, 2, 35, 3, 'La Fria'),
(2278, '1959-02-01', 1, 2, 35, 3, 'La Fria'),
(2279, '1959-02-01', 1, 2, 35, 3, 'La Fria'),
(2280, '1959-02-01', 1, 2, 36, 3, 'La Fria'),
(2447, '1959-01-06', 1, 2, 25, 3, 'La Fria'),
(3816, '1964-04-04', 1, 4, 10, 7, 'La Fria'),
(6129, '1978-10-01', 1, 3, 1, 2, 'Sacrado Corazon De Jesus'),
(6130, '1971-10-01', 1, 3, 1, 2, 'La Fria'),
(6131, '1961-10-01', 1, 3, 1, 2, 'Sagrado Corazon De Jesus De La Fria'),
(6132, '1971-10-01', 1, 3, 2, 2, 'La Fria'),
(6133, '1971-10-01', 1, 3, 2, 2, 'Sacrado Corazon De Jesus De La Fria'),
(6134, '1971-10-01', 1, 3, 2, 2, 'Sagrado Corazon De Jesus De La Fria'),
(6135, '1971-10-01', 1, 3, 3, 2, 'Sagrado Cotazon De Jesus La Fria'),
(6136, '1971-10-01', 1, 3, 3, 2, 'Sagrado Corazon De Jesus La Fria'),
(6137, '1961-10-01', 1, 3, 3, 2, 'Sagrado Corazon De Jesus La Fria'),
(6138, '1961-10-01', 1, 3, 4, 2, 'Sagrado Corazon De Jesus De La Fria'),
(6139, '1961-10-01', 1, 3, 4, 2, 'Sagrado Corazon De Jesus De La Fria'),
(6140, '1961-10-01', 1, 3, 4, 2, 'Sagrado Corazon De Jesus La Fria'),
(6144, '1961-10-01', 1, 3, 6, 2, 'Sagrado Corazon De Jesus La Fria'),
(6145, '1961-10-01', 1, 3, 6, 2, 'Sagrado Corazon De Jesus De La Fria'),
(6146, '1961-10-01', 1, 3, 6, 2, 'Sagrado Corazon De Jesus L A Frian'),
(6150, '1961-10-02', 1, 3, 8, 2, 'Sagrado Corazon De Jesus La Fria'),
(6151, '1961-10-04', 1, 3, 8, 2, 'Sagrado Corazon De Jesus La Fria'),
(6152, '1961-10-08', 1, 3, 8, 2, 'Sagrado Corazon De Jesus La Fria'),
(6153, '1961-10-08', 1, 3, 9, 8, 'Sagrado Corazon De Jesus La Fria'),
(6154, '1961-10-08', 1, 3, 9, 8, 'Sagrado Corazon De Jesus La Fria'),
(6155, '1961-10-08', 1, 3, 9, 8, 'Sagrado Corazon De Jesus La Fria'),
(6156, '1961-10-08', 1, 3, 10, 8, 'Sagrado Corazon De Jesus La Fria'),
(6157, '1961-10-08', 1, 3, 10, 8, 'Sagrado Corazon De Jesus De La Fria'),
(6158, '1961-10-08', 1, 3, 10, 8, 'Sagrado Corazon De Jesus De La Fria'),
(6159, '1961-10-08', 1, 3, 11, 8, 'Sagrado Corazon De Jesus De La Fria'),
(6160, '1961-10-08', 1, 3, 11, 8, 'Sagrado Corazon De Jesus De La Fria'),
(6161, '1961-10-08', 1, 3, 11, 8, 'Sagrado Corazon De Jesus De La Fria'),
(6162, '1961-10-09', 1, 3, 12, 8, 'Sagrado Corazon De Jesus De La Fria'),
(6163, '1961-10-15', 1, 3, 12, 8, 'Sagrado Corazon De Jesus'),
(6164, '1961-10-15', 1, 3, 12, 8, 'Sagrado Corazon De Jesus De La Fria'),
(6165, '1961-10-15', 1, 3, 13, 8, 'Sagrado Corazon De Jesus De La Fria'),
(6166, '1961-10-15', 1, 3, 13, 8, 'Sagrado Corazon De Jesus'),
(6167, '1961-10-15', 1, 3, 13, 8, 'Sagrado Corazon De Jesus De La Fria'),
(6168, '1961-10-08', 1, 3, 14, 8, 'Sagrado Corazon De Jesus De La Fria'),
(6169, '1961-10-17', 1, 3, 14, 8, 'Sagrado Corazon De Jesus De La Fria'),
(6171, '1961-10-22', 1, 3, 15, 8, 'Sagrado Corazon De Jesus De La Fria'),
(6172, '1961-10-22', 1, 32, 15, 8, 'Sagrado Corazon De Jesus De La Fria'),
(6173, '1961-10-22', 1, 3, 15, 5, 'Sagrado Corazon De Jesus De La Fria'),
(6174, '1961-10-22', 1, 3, 16, 5, 'Sagrado Corazon De Jesus De La Fria'),
(6175, '1961-10-22', 1, 3, 16, 8, 'Sagrado Corazon De Jesus De La Fria'),
(6176, '1961-10-22', 1, 3, 16, 8, 'Sagrado Corazon De Jesus De La Fria'),
(6178, '1961-10-24', 1, 3, 17, 8, 'Sagrado Corazon De Jesus De La Fria'),
(6180, '1961-10-28', 1, 3, 18, 8, 'Sagrado Corazon De Jesus De La Fria'),
(6181, '1961-10-29', 1, 3, 18, 5, 'Sagrado Corazon De Jeus De La Fria'),
(6183, '1961-10-29', 1, 3, 19, 5, 'Sagrado Corazon De Jeus De La Fria'),
(6186, '1961-10-29', 1, 3, 20, 5, 'Sagrado Corazon De Jeus De La Fria'),
(6187, '1961-10-29', 1, 3, 20, 5, 'Sagrado Corazon De Jeus De La Fria'),
(6189, '1961-10-29', 1, 3, 21, 5, 'La Fria'),
(6190, '1961-10-29', 1, 3, 21, 8, 'La Fria'),
(6192, '1961-10-31', 1, 3, 22, 5, 'La Fria'),
(6293, '1961-10-01', 1, 3, 22, 2, 'La Fria'),
(8288, '1964-03-29', 1, 4, 1, 5, 'La Fria'),
(8289, '1964-03-29', 1, 4, 1, 7, 'La Fria'),
(8290, '1964-03-29', 1, 4, 1, 7, 'La Fria'),
(8291, '1964-03-29', 1, 4, 2, 7, 'La Fria'),
(8292, '1964-03-29', 1, 4, 2, 7, 'La Fria'),
(8294, '1964-03-29', 1, 4, 3, 7, 'La Fria'),
(8295, '1964-03-29', 1, 4, 3, 7, 'La Fria'),
(8296, '1964-03-29', 1, 4, 3, 7, 'La Fria'),
(8297, '1964-03-29', 1, 4, 4, 7, 'La Fria'),
(8299, '1964-03-29', 1, 4, 4, 7, 'La Fria'),
(8300, '1964-03-29', 1, 4, 5, 7, 'La Fria'),
(8301, '1964-03-29', 1, 4, 5, 7, 'La Fria'),
(8302, '1964-03-29', 1, 4, 5, 7, 'La Fria'),
(8303, '1964-03-29', 1, 4, 6, 7, 'La Fria'),
(8304, '1964-03-29', 1, 4, 6, 7, 'La Fria'),
(8305, '1964-03-29', 1, 4, 6, 7, 'La Fria'),
(8306, '1964-03-29', 1, 4, 7, 7, 'La Fria'),
(8307, '1964-03-29', 1, 4, 7, 7, 'La Fria'),
(8308, '1964-03-30', 1, 4, 7, 7, 'La Fria'),
(8309, '1964-03-31', 1, 4, 8, 5, 'La Fria'),
(8310, '1964-02-01', 1, 4, 8, 5, 'La Fria'),
(8311, '1964-04-02', 1, 4, 8, 7, 'La Fria'),
(8312, '1964-04-02', 1, 4, 9, 5, 'La Fria'),
(8313, '1964-04-03', 1, 4, 9, 7, 'La Fria'),
(8314, '1964-04-15', 1, 4, 8, 7, 'La Fria'),
(8315, '1964-04-03', 1, 4, 10, 7, 'La Fria'),
(8317, '1964-04-04', 1, 4, 10, 7, 'La Fria'),
(8318, '1964-04-05', 1, 4, 11, 7, 'La Fria'),
(8319, '1964-04-05', 1, 4, 11, 7, 'La Fria'),
(8320, '1964-04-05', 1, 4, 11, 7, 'La Fria'),
(8321, '1964-04-05', 1, 4, 12, 7, 'La Fria'),
(8322, '1964-04-05', 1, 4, 12, 7, 'La Fria'),
(8323, '1964-05-05', 1, 4, 12, 7, 'La Fria'),
(8324, '1964-04-05', 1, 4, 13, 7, 'La Fria'),
(8325, '1964-04-05', 1, 4, 13, 7, 'La Fria'),
(8326, '1964-04-07', 1, 4, 13, 7, 'La Fria'),
(8327, '1964-04-09', 1, 4, 14, 7, 'La Fria'),
(8328, '1964-04-09', 1, 4, 14, 7, 'La Fria'),
(8329, '1964-04-11', 1, 4, 14, 7, 'La Fria'),
(8330, '1964-04-12', 1, 4, 15, 7, 'La Fria'),
(8331, '1964-04-12', 1, 4, 15, 7, 'La Fria'),
(8332, '1964-04-12', 1, 4, 15, 7, 'La Fria'),
(8333, '1964-04-12', 1, 4, 16, 5, 'La Fria'),
(8334, '1964-04-12', 1, 4, 16, 5, 'La Fria'),
(8335, '1964-04-12', 1, 4, 16, 7, 'La Fria'),
(8336, '1964-04-12', 1, 4, 17, 7, 'La Fria'),
(8337, '1964-04-12', 1, 4, 17, 7, 'La Fria'),
(8338, '1964-04-12', 1, 4, 17, 5, 'La Fria'),
(8339, '1964-04-12', 1, 4, 18, 5, 'La Fria'),
(8340, '1964-04-12', 1, 4, 18, 7, 'La Fria'),
(8341, '1964-04-12', 1, 4, 18, 5, 'La Fria'),
(8342, '1964-04-18', 1, 4, 19, 7, 'La Fria'),
(8343, '1964-04-18', 1, 4, 19, 7, 'La Fria'),
(8344, '1964-04-19', 1, 4, 19, 7, 'La Fria'),
(8345, '1964-04-19', 1, 4, 20, 7, 'La Fria'),
(8346, '1964-04-19', 1, 4, 20, 7, 'La Fria'),
(8347, '1964-04-19', 1, 4, 20, 7, 'La Fria'),
(8348, '1964-04-19', 1, 4, 21, 7, 'La Fria'),
(8349, '1964-04-19', 1, 4, 21, 7, 'La Fria'),
(8350, '1964-04-19', 1, 4, 21, 7, 'La Fria'),
(8351, '1964-04-19', 1, 4, 22, 5, 'La Fria'),
(8353, '1964-04-25', 1, 4, 22, 7, 'La Fria'),
(8354, '1964-04-26', 1, 4, 23, 7, 'La Fria'),
(8355, '1964-04-26', 1, 4, 23, 7, 'La Fria'),
(8356, '1964-04-26', 1, 4, 23, 7, 'La Fria'),
(8357, '1964-04-26', 1, 4, 24, 7, 'La Fria'),
(8358, '1964-04-26', 1, 4, 24, 7, 'La Fria'),
(8359, '1964-04-27', 1, 4, 24, 7, 'La Fria'),
(8360, '1964-04-30', 1, 4, 25, 7, 'La Fria'),
(8361, '1964-04-30', 1, 4, 25, 7, 'La Fria'),
(8362, '1964-04-30', 1, 4, 25, 5, 'La Fria'),
(8363, '1964-05-01', 1, 4, 26, 7, 'La Fria'),
(8365, '1964-05-01', 1, 4, 26, 7, 'La Fria'),
(8366, '1964-05-01', 1, 4, 27, 7, 'La Fria'),
(8367, '1964-05-02', 1, 4, 27, 5, 'La Fria'),
(8368, '1964-05-02', 1, 4, 27, 7, 'La Fria'),
(8369, '1964-05-02', 1, 4, 28, 7, 'La Fria'),
(8370, '1964-05-02', 1, 4, 28, 7, 'La Fria'),
(8371, '1964-05-03', 1, 4, 28, 5, 'La Fria'),
(8372, '1964-05-03', 1, 4, 29, 5, 'La Fria'),
(8373, '1964-05-03', 1, 4, 29, 5, 'La Fria'),
(8374, '1964-05-03', 1, 4, 29, 5, 'La Fria'),
(8375, '1964-05-03', 1, 4, 30, 5, 'La Fria'),
(8376, '1964-05-03', 1, 4, 30, 5, 'La Fria'),
(8377, '1964-05-03', 1, 4, 30, 5, 'La Fria'),
(8379, '1964-05-03', 1, 4, 31, 5, 'La Fria'),
(8380, '1964-05-03', 1, 4, 31, 5, 'La Fria'),
(8381, '1964-05-03', 1, 4, 32, 5, 'La Fria'),
(8382, '1964-05-03', 1, 4, 32, 5, 'La Fria'),
(8384, '1964-05-03', 1, 4, 33, 5, 'La Fria'),
(8385, '1964-05-03', 1, 4, 33, 5, 'La Fria'),
(8386, '1964-05-03', 1, 4, 33, 5, 'La Fria'),
(8387, '1964-05-03', 1, 4, 34, 5, 'La Fria'),
(8388, '1964-05-03', 1, 4, 34, 7, 'La Fria'),
(8389, '1964-05-03', 1, 4, 34, 7, 'La Fria'),
(8390, '1964-05-03', 1, 4, 35, 7, 'La Fria'),
(8391, '1964-05-03', 1, 4, 35, 7, 'La Fria'),
(8392, '1964-05-03', 1, 4, 35, 7, 'La Fria'),
(8393, '1964-05-03', 1, 4, 36, 7, 'La Fria'),
(8394, '1964-05-03', 1, 4, 36, 5, 'La Fria'),
(8395, '1964-05-05', 1, 4, 36, 7, 'La Fria'),
(8396, '1964-05-06', 1, 4, 37, 7, 'La Fria'),
(8397, '1964-05-06', 1, 4, 37, 7, 'La Fria'),
(8398, '1964-05-07', 1, 4, 37, 7, 'La Fria'),
(8399, '1964-05-09', 1, 4, 38, 7, 'La Fría'),
(8400, '1964-05-10', 1, 4, 38, 7, 'La Fría'),
(8402, '1964-05-10', 1, 4, 39, 5, 'La Fría'),
(8403, '1964-05-10', 1, 4, 39, 5, 'La Fría'),
(8404, '1964-05-10', 1, 4, 39, 5, 'La Fría'),
(8405, '1964-05-10', 1, 4, 40, 5, 'La Fría'),
(8406, '1964-05-10', 1, 4, 40, 5, 'La Fría'),
(8407, '1964-05-11', 1, 4, 40, 5, 'La Fría'),
(8408, '1964-05-11', 1, 4, 41, 5, 'La Fría'),
(8409, '1964-05-12', 1, 4, 41, 7, 'La Fría'),
(8410, '1964-05-14', 1, 4, 41, 7, 'La Fría'),
(8411, '1964-05-14', 1, 4, 42, 7, 'La Fría'),
(8412, '1964-05-15', 1, 4, 42, 7, 'La Fría'),
(8413, '1964-05-15', 1, 4, 42, 7, 'La Fría'),
(8414, '1964-05-16', 1, 4, 43, 7, 'La Fría'),
(8415, '1964-05-16', 1, 4, 43, 7, 'La Fría'),
(8416, '1964-05-16', 1, 4, 43, 7, 'La Fría'),
(8417, '1964-05-16', 1, 4, 44, 7, 'La Fría'),
(8418, '1964-05-16', 1, 4, 44, 7, 'La Fría'),
(8419, '1964-05-16', 1, 4, 44, 7, 'La Fría'),
(8420, '1964-05-16', 1, 4, 45, 7, 'La Fría'),
(8421, '1964-05-16', 1, 4, 45, 7, 'La Fría'),
(8422, '1964-05-16', 1, 4, 45, 7, 'La Fría'),
(8423, '1964-05-17', 1, 4, 46, 5, 'La Fría'),
(8424, '1964-05-17', 1, 4, 46, 5, 'La Fría'),
(8425, '1964-05-17', 1, 4, 46, 7, 'La Fría'),
(8426, '1964-05-17', 1, 4, 47, 7, 'La Fría'),
(8427, '1964-05-17', 1, 4, 47, 5, 'La Fría'),
(8428, '1964-05-18', 1, 4, 47, 7, 'La Fría'),
(8429, '1964-05-18', 1, 4, 48, 5, 'La Fría'),
(8430, '1964-05-20', 1, 4, 48, 7, 'La Fría'),
(8431, '1964-05-20', 1, 4, 48, 5, 'La Fría'),
(8432, '1964-05-20', 1, 4, 49, 7, 'La Fría'),
(8433, '1964-05-21', 1, 4, 49, 7, 'La Fría'),
(8434, '1964-05-21', 1, 4, 49, 5, 'La Fría'),
(8435, '1964-05-23', 1, 4, 50, 5, 'La Fría'),
(8436, '1964-05-23', 1, 4, 50, 7, 'La Fría'),
(8437, '1964-05-24', 1, 4, 50, 7, 'La Fría'),
(8438, '1964-05-24', 1, 4, 51, 7, 'La Fría'),
(8439, '1964-05-29', 1, 4, 51, 5, 'La Fría'),
(8440, '1964-05-29', 1, 4, 51, 7, 'La Fría'),
(8441, '1964-05-30', 1, 4, 52, 7, 'La Fría'),
(8442, '1964-05-30', 1, 4, 52, 7, 'La Fría'),
(8443, '1964-05-30', 1, 4, 52, 5, 'La Fría'),
(8444, '1964-05-30', 1, 4, 53, 5, 'La Fría'),
(8445, '1964-05-30', 1, 4, 53, 5, 'La Fría'),
(8446, '1964-05-30', 1, 4, 53, 5, 'La Fría'),
(8447, '1964-05-30', 1, 4, 54, 5, 'La Fría'),
(8448, '1964-05-31', 1, 4, 54, 5, 'La Fría'),
(8449, '1964-05-31', 1, 4, 54, 5, 'La Fría'),
(8450, '1964-05-31', 1, 4, 55, 5, 'La Fría'),
(8451, '1964-05-31', 1, 4, 55, 7, 'La Fría'),
(8452, '1964-05-31', 1, 4, 55, 7, 'La Fría'),
(8453, '1964-05-31', 1, 4, 56, 7, 'La Fría'),
(8454, '1964-05-31', 1, 4, 56, 7, 'La Fría'),
(8455, '1964-05-31', 1, 4, 56, 7, 'La Fría'),
(8456, '1964-05-31', 1, 4, 57, 7, 'La Fría'),
(8457, '1964-05-31', 1, 4, 57, 7, 'La Fría'),
(8458, '1964-05-31', 1, 4, 57, 7, 'La Fría'),
(8459, '1964-05-31', 1, 4, 58, 7, 'La Fría'),
(8460, '1964-05-31', 1, 4, 58, 7, 'La Fría'),
(8461, '1964-05-31', 1, 4, 58, 5, 'La Fría'),
(8462, '1964-06-02', 1, 4, 59, 7, 'La Fría'),
(8463, '1964-06-03', 1, 4, 59, 7, 'La Fría'),
(8464, '1964-06-03', 1, 4, 59, 7, 'La Fría'),
(8465, '1964-06-03', 1, 4, 60, 7, 'La Fría'),
(8466, '1964-06-06', 1, 4, 60, 5, 'La Fría'),
(8467, '1964-06-06', 1, 4, 60, 5, 'La Fría'),
(8993, '1964-03-29', 1, 4, 2, 7, 'La Fria'),
(10507, '1966-06-09', 1, 5, 1, 5, 'La Fría'),
(10508, '1966-06-09', 1, 5, 1, 5, 'La Fría'),
(10509, '1966-06-11', 1, 5, 1, 7, 'La Fría'),
(10510, '1966-06-11', 1, 5, 2, 7, 'La Fría'),
(10511, '1966-06-11', 1, 5, 2, 7, 'La Fría'),
(10512, '1966-06-12', 1, 5, 2, 7, 'La Fría'),
(10513, '1965-07-12', 1, 5, 3, 7, 'La Fría'),
(10514, '1966-05-12', 1, 5, 3, 7, 'La Fría'),
(10515, '1966-06-12', 1, 5, 3, 7, 'La Fría'),
(10516, '1966-06-12', 1, 5, 4, 5, 'La Fría'),
(10517, '1966-06-12', 1, 5, 4, 5, 'La Fría'),
(10518, '1966-06-12', 1, 5, 4, 5, 'La Fría'),
(10519, '1966-06-13', 1, 5, 5, 5, 'La Fría'),
(10520, '1966-06-14', 1, 5, 5, 5, 'La Fría'),
(10521, '1966-06-15', 1, 5, 5, 5, 'La Fría'),
(10522, '1966-06-16', 1, 5, 6, 7, 'La Fría'),
(10523, '1966-06-16', 1, 5, 6, 7, 'La Fría'),
(10524, '1966-06-18', 1, 5, 6, 7, 'La Fría'),
(10525, '1966-06-19', 1, 5, 7, 7, 'La Fría'),
(10526, '1966-06-19', 1, 5, 7, 5, 'La Fría'),
(10527, '1966-06-19', 1, 5, 7, 5, 'La Fría'),
(10528, '1966-06-20', 1, 5, 8, 7, 'La Fría'),
(10529, '1966-06-21', 1, 5, 8, 7, 'La Fría'),
(10532, '1966-06-23', 1, 5, 9, 7, 'La Fría'),
(10533, '1966-06-24', 1, 5, 9, 7, 'La Fría'),
(10534, '1966-06-25', 1, 5, 10, 7, 'La Fría'),
(10535, '1966-06-25', 1, 5, 10, 7, 'La Fría'),
(10536, '1966-06-25', 1, 5, 10, 7, 'La Fría'),
(10537, '1966-06-25', 1, 5, 11, 5, 'La Fría'),
(10538, '1966-06-25', 1, 5, 11, 5, 'La Fría'),
(10539, '1966-06-26', 1, 5, 11, 7, 'La Fría'),
(10540, '1966-06-26', 1, 5, 12, 5, 'La Fría'),
(10541, '1966-06-26', 1, 5, 12, 7, 'La Fría'),
(10542, '1966-06-26', 1, 5, 12, 5, 'La Fría'),
(10543, '1966-06-26', 1, 5, 13, 5, 'La Fría'),
(10544, '1966-06-28', 1, 5, 13, 5, 'La Fría'),
(10545, '1966-06-28', 1, 5, 13, 5, 'La Fría'),
(10546, '1966-06-29', 1, 5, 14, 7, 'La Fría'),
(10547, '1966-06-29', 1, 5, 14, 7, 'La Fría'),
(10548, '1966-06-29', 1, 5, 14, 7, 'La Fría'),
(10549, '1966-06-29', 1, 5, 15, 7, 'La Fría'),
(10550, '1966-06-09', 1, 5, 15, 5, 'La Fría'),
(10551, '1966-07-02', 1, 5, 15, 7, 'La Fría'),
(10552, '1966-07-02', 1, 5, 16, 5, 'La Fría'),
(10553, '1966-07-02', 1, 5, 16, 7, 'La Fría'),
(10554, '1966-07-02', 1, 5, 16, 5, 'La Fria'),
(10555, '1966-05-12', 1, 5, 17, 5, 'La Fria'),
(10556, '1966-07-03', 1, 5, 17, 5, 'La Fria'),
(10557, '1966-07-03', 1, 5, 17, 5, 'La Fria'),
(10558, '1966-07-04', 1, 5, 18, 5, 'La Fria'),
(10559, '1966-07-08', 1, 5, 18, 5, 'La Fria'),
(10560, '1967-07-08', 1, 5, 18, 5, 'La Fria'),
(10561, '1966-07-09', 1, 5, 19, 7, 'La Fria'),
(10562, '1966-07-09', 1, 5, 19, 7, 'La Fria'),
(10563, '1966-07-10', 1, 5, 19, 7, 'La Fria'),
(10585, '1966-07-16', 1, 5, 27, 5, 'La Fria'),
(10586, '1966-07-16', 1, 5, 27, 5, 'La Fria'),
(10587, '1966-07-16', 1, 5, 27, 5, 'La Fria'),
(10588, '1966-07-16', 1, 5, 28, 5, 'La Fria'),
(10589, '1966-07-16', 1, 5, 28, 5, 'La Fria'),
(10590, '1966-07-17', 1, 5, 28, 5, 'La Fria'),
(10591, '1966-07-16', 1, 5, 29, 5, 'La Fria'),
(10592, '1966-07-16', 1, 5, 29, 5, 'La Fria'),
(10593, '1966-07-16', 1, 5, 29, 5, 'La Fria'),
(10594, '1966-07-16', 1, 5, 30, 5, 'La Fria'),
(10595, '1966-07-16', 1, 5, 30, 5, 'La Fria'),
(10596, '1966-07-16', 1, 5, 30, 5, 'La Fria'),
(10597, '1966-07-16', 1, 5, 31, 7, 'La Fria'),
(10598, '1966-07-16', 1, 5, 31, 7, 'La Fria'),
(10599, '1966-07-17', 1, 5, 31, 7, 'La Fria'),
(10600, '1966-07-17', 1, 5, 32, 7, 'La Fria'),
(12001, '1978-01-25', 1, 6, 1, 3, 'La Fria'),
(12002, '1968-01-27', 1, 6, 1, 6, 'La Fria'),
(12003, '1968-01-28', 1, 6, 1, 6, 'La Fria'),
(12004, '1968-01-28', 1, 6, 2, 6, 'La Fria'),
(12005, '1968-01-28', 1, 6, 2, 3, 'La Fria'),
(12006, '1968-01-28', 1, 6, 2, 3, 'La Fria'),
(12007, '1968-01-31', 1, 6, 3, 6, 'La Fría'),
(12008, '1968-02-02', 1, 6, 3, 6, 'La Fria'),
(12009, '1968-02-02', 1, 6, 3, 6, 'La Fria'),
(12010, '1968-02-02', 1, 6, 4, 6, 'La Fría'),
(12011, '1968-02-02', 1, 6, 4, 6, 'La Fria'),
(12012, '1968-02-02', 1, 6, 4, 6, 'La Fria'),
(12013, '1968-02-02', 1, 6, 5, 6, 'La Fria'),
(12014, '1968-02-02', 1, 6, 5, 6, 'La Fria'),
(12015, '1968-02-02', 1, 6, 5, 6, 'La Fria'),
(12016, '1968-02-03', 1, 6, 6, 6, 'La Fria'),
(12017, '1968-02-03', 1, 6, 6, 6, 'La Fria'),
(12018, '1968-02-03', 1, 6, 6, 6, 'La Fria'),
(12019, '1968-02-03', 1, 6, 7, 6, 'La Fria'),
(12020, '1968-02-04', 1, 6, 7, 6, 'La Fria'),
(12021, '1968-02-04', 1, 6, 7, 6, 'La Fría'),
(12022, '1968-02-04', 1, 6, 8, 6, 'La Fría'),
(12023, '1968-02-04', 1, 6, 8, 6, 'La Fría'),
(12024, '1968-02-04', 1, 6, 8, 6, 'La Fría'),
(12025, '1968-02-04', 1, 6, 9, 6, 'La Fria'),
(12026, '1968-02-04', 1, 6, 9, 6, 'La Fría'),
(12027, '1968-02-04', 1, 6, 9, 6, 'La Fría'),
(12028, '1968-02-04', 1, 6, 10, 6, 'La Fria'),
(12029, '1968-02-04', 1, 6, 10, 6, 'La Fría'),
(12030, '1968-02-04', 1, 6, 10, 6, 'La Fría'),
(12031, '1968-02-06', 1, 6, 11, 6, 'La Fria'),
(12032, '1968-02-06', 1, 6, 11, 6, 'La Fria'),
(12033, '1968-02-07', 1, 6, 11, 6, 'La Fria'),
(12034, '1968-02-10', 1, 6, 12, 6, 'La Fría'),
(12035, '1968-02-10', 1, 6, 12, 6, 'La Fría'),
(12036, '1968-02-10', 1, 6, 12, 6, 'La Fria'),
(12037, '1968-02-10', 1, 6, 13, 6, 'La Fría'),
(12038, '1968-02-10', 1, 6, 13, 6, 'La Fria'),
(12039, '1968-02-11', 1, 6, 13, 6, 'La Fría'),
(12040, '1968-02-11', 1, 6, 14, 6, 'La Fría'),
(12041, '1968-02-11', 1, 6, 14, 6, 'La Fria'),
(12042, '1968-02-11', 1, 6, 14, 6, 'La Fría'),
(12043, '1968-02-11', 1, 6, 15, 6, 'La Fría'),
(12044, '1968-02-11', 1, 6, 15, 6, 'La Fria'),
(12045, '1968-02-11', 1, 6, 15, 6, 'La Fria'),
(12046, '1968-02-13', 1, 6, 16, 3, 'La Fria'),
(12048, '1968-02-17', 1, 6, 16, 9, 'La Fria'),
(12049, '1968-02-17', 1, 6, 17, 9, 'La Fria'),
(12050, '1968-02-10', 1, 6, 17, 9, 'La Fria'),
(12051, '1968-02-17', 1, 6, 17, 9, 'La Fria'),
(12053, '1968-02-17', 1, 6, 18, 9, 'La Fria'),
(12054, '1968-02-17', 1, 6, 18, 9, 'La Fria'),
(12055, '1968-02-17', 1, 6, 19, 9, 'La Fria'),
(12056, '1968-02-17', 1, 6, 19, 9, 'La Fria'),
(12058, '1968-02-17', 1, 6, 20, 9, 'La Fria'),
(12059, '1968-02-17', 1, 6, 20, 9, 'La Fria'),
(12060, '1968-02-17', 1, 6, 20, 9, 'La Fria'),
(12061, '1968-02-17', 1, 6, 21, 9, 'La Fria'),
(12062, '1968-02-17', 1, 6, 21, 9, 'La Fria'),
(12064, '1968-02-18', 1, 6, 22, 9, 'La Fria'),
(12065, '1968-02-18', 1, 6, 22, 9, 'La Fria'),
(12066, '1978-02-28', 1, 6, 22, 9, 'La Fria'),
(12067, '1978-02-18', 1, 6, 23, 9, 'La Fria'),
(12068, '1978-02-18', 1, 6, 23, 9, 'La Fria'),
(12069, '1978-02-25', 1, 6, 23, 9, 'La Fria'),
(12070, '1978-02-22', 1, 6, 24, 9, 'La Fria'),
(12073, '1978-02-28', 1, 6, 25, 9, 'La Fria'),
(12074, '1978-02-25', 1, 6, 25, 9, 'La Fria'),
(12075, '1978-02-25', 1, 6, 25, 9, 'La Fria'),
(12076, '1978-02-25', 1, 6, 26, 9, 'La Fria'),
(12077, '1978-02-25', 1, 6, 26, 9, 'La Fria'),
(12078, '1968-02-25', 1, 6, 26, 9, 'Sagrado Corazon De Jesus De La Fria'),
(12079, '1978-02-25', 1, 6, 27, 9, 'La Fria'),
(12080, '1978-02-25', 1, 6, 27, 9, 'La Fria'),
(12081, '1978-02-25', 1, 6, 27, 9, 'La Fria'),
(12082, '1978-03-01', 1, 6, 28, 9, 'La Fria'),
(12083, '1978-05-02', 1, 6, 28, 9, 'La Fria'),
(12084, '1968-05-02', 1, 6, 28, 9, 'Esta Parroquia'),
(12085, '1968-03-02', 1, 6, 29, 9, 'Esta Parroquia'),
(12086, '1968-03-02', 1, 6, 29, 9, 'Esta Parroquia'),
(12087, '1968-03-03', 1, 6, 29, 9, 'Esta Parroquia'),
(12088, '1968-03-03', 1, 6, 30, 9, 'La Fria'),
(12089, '1968-03-03', 1, 6, 30, 9, 'La Fria'),
(12090, '1968-03-03', 1, 6, 30, 9, 'La Fria'),
(12091, '1968-03-03', 1, 6, 31, 9, 'La Fria'),
(12092, '1968-03-03', 1, 6, 31, 9, 'La Fria'),
(12093, '1968-03-03', 1, 6, 31, 9, 'La Fria'),
(12094, '1968-03-03', 1, 6, 32, 9, 'La Fria'),
(12095, '1968-03-03', 1, 6, 32, 9, 'La Fria'),
(12096, '1968-04-04', 1, 6, 32, 9, 'La Fria'),
(12097, '1968-06-06', 1, 6, 33, 9, 'La Fria'),
(12098, '1968-03-06', 1, 6, 33, 9, 'La Fria'),
(12099, '1968-03-06', 1, 6, 33, 9, 'La Fria'),
(12600, '1969-12-24', 1, 7, 31, 1, 'La Fria'),
(13513, '1969-12-25', 1, 7, 36, 1, 'La Fria'),
(13514, '1979-12-08', 1, 7, 3, 1, 'La Fria'),
(13515, '1979-12-08', 1, 7, 3, 4, 'La Fría'),
(13516, '1979-12-08', 1, 7, 3, 4, 'La Fria'),
(13517, '1979-12-08', 1, 7, 4, 4, 'La Fria'),
(13518, '1978-12-08', 1, 7, 4, 1, 'La Fria'),
(13519, '1979-12-08', 1, 7, 4, 1, 'La Fria'),
(13520, '1979-12-08', 1, 7, 5, 4, 'La Fria'),
(13521, '1979-12-08', 1, 7, 5, 4, 'La Fria'),
(13522, '1979-12-08', 1, 7, 5, 4, 'La Fria'),
(13523, '1969-12-08', 1, 7, 6, 4, 'La Fria'),
(13524, '1969-12-08', 1, 7, 6, 4, 'La Fria'),
(13525, '1969-12-08', 1, 7, 6, 4, 'La Fria'),
(13526, '1969-12-08', 1, 7, 7, 4, 'La Fria'),
(13527, '1969-12-08', 1, 7, 7, 4, 'La Fria'),
(13528, '1969-12-08', 1, 7, 7, 4, 'La Fria'),
(13529, '1969-12-08', 1, 7, 8, 4, 'La Fria'),
(13530, '1969-12-08', 1, 7, 8, 4, 'La Fria'),
(13531, '1969-12-09', 1, 7, 8, 4, 'La Fria'),
(13532, '1969-12-10', 1, 7, 9, 4, 'La Fria'),
(13534, '1969-12-10', 1, 7, 9, 4, 'La Fria'),
(13535, '1969-12-10', 1, 7, 10, 4, 'La Fria'),
(13536, '1969-12-10', 1, 7, 10, 1, 'La Fria'),
(13537, '1969-12-10', 1, 7, 10, 4, 'La Fria'),
(13538, '1969-12-11', 1, 7, 11, 1, 'La Fria'),
(13539, '1969-12-12', 1, 7, 11, 1, 'La Fria'),
(13540, '1969-12-13', 1, 7, 11, 1, 'La Fria'),
(13541, '1969-12-13', 1, 7, 12, 4, 'La Fria'),
(13542, '1969-12-13', 1, 7, 12, 4, 'La Fria'),
(13543, '1969-12-14', 1, 7, 12, 1, 'La Fria'),
(13544, '1969-12-14', 1, 7, 13, 1, 'La Fria'),
(13545, '1969-12-14', 1, 7, 13, 1, 'La Fria'),
(13546, '1969-12-14', 1, 7, 13, 1, 'La Fria'),
(13547, '1969-12-15', 1, 7, 14, 4, 'La Fria'),
(13548, '1969-12-16', 1, 7, 14, 4, 'La Fria'),
(13549, '1969-12-16', 1, 7, 14, 4, 'La Fria'),
(13551, '1969-12-20', 1, 7, 15, 4, 'La Fria'),
(13552, '1969-12-20', 1, 7, 15, 4, 'La Fria'),
(13553, '1969-12-20', 1, 7, 16, 4, 'La Fria'),
(13554, '1969-12-20', 1, 7, 16, 4, 'La Fria'),
(13555, '1969-12-20', 1, 7, 16, 4, 'La Fria'),
(13556, '1969-12-20', 1, 7, 17, 1, 'La Fria'),
(13557, '1969-12-20', 1, 7, 17, 1, 'La Fria'),
(13558, '1969-12-20', 1, 7, 17, 1, 'La Fria'),
(13559, '1969-12-20', 1, 7, 18, 4, 'La Fria'),
(13560, '1969-12-21', 1, 7, 18, 1, 'Colon'),
(13561, '1969-12-30', 1, 7, 18, 4, 'La Fria'),
(13562, '1969-12-21', 1, 7, 19, 1, 'La Fria'),
(13563, '1969-12-21', 1, 7, 19, 1, ''),
(13564, '1969-12-29', 1, 7, 19, 1, ''),
(13565, '1969-12-21', 1, 7, 20, 4, 'La Fria'),
(13566, '1969-12-21', 1, 7, 20, 4, 'La Fria'),
(13567, '1969-12-21', 1, 7, 20, 1, 'La Fria'),
(13568, '1969-12-21', 1, 7, 21, 1, 'La Fria'),
(13569, '1969-12-21', 1, 7, 21, 1, 'La Fria'),
(13570, '1969-12-22', 1, 7, 21, 4, 'La Fria'),
(13571, '1969-12-24', 1, 7, 22, 4, 'La Fria'),
(13575, '1969-12-24', 1, 7, 23, 4, 'La Fria'),
(13576, '1969-12-24', 1, 7, 23, 4, 'La Fria'),
(13577, '1969-12-24', 1, 7, 24, 4, 'La Fria'),
(13578, '1969-12-24', 1, 7, 24, 4, 'La Fria'),
(13579, '1969-12-24', 1, 7, 24, 4, 'La Fria'),
(13580, '1969-12-24', 1, 7, 25, 1, 'La Fria'),
(13581, '1969-12-24', 1, 7, 25, 1, 'La Fria'),
(13582, '1969-12-24', 1, 7, 25, 1, 'La Fria'),
(13583, '1969-12-24', 1, 7, 26, 1, 'La Fria'),
(13584, '1969-12-24', 1, 7, 26, 1, 'La Fria'),
(13585, '1969-12-24', 1, 7, 25, 1, 'La Fria'),
(13586, '1969-12-25', 1, 7, 27, 4, 'La Fria'),
(13587, '1969-12-24', 1, 7, 27, 1, 'La Fria'),
(13588, '1969-12-24', 1, 7, 27, 4, 'La Fria'),
(13589, '1969-12-24', 1, 7, 28, 4, 'La Fria'),
(13590, '1969-12-24', 1, 7, 28, 4, 'La Fria'),
(13591, '1969-12-24', 1, 7, 28, 1, 'La Fria'),
(13592, '1969-12-24', 1, 7, 29, 1, 'La Fria'),
(13594, '1969-12-24', 1, 7, 29, 1, 'La Fria'),
(13595, '1969-12-24', 1, 7, 30, 4, 'La Fria'),
(13596, '1969-12-24', 1, 7, 30, 4, 'La Fria'),
(13597, '1969-12-24', 1, 7, 30, 1, 'La Fria'),
(13598, '1969-12-24', 1, 7, 31, 1, 'La Fria'),
(13599, '1969-06-24', 1, 7, 31, 1, 'La Fria'),
(13602, '1969-12-24', 1, 7, 32, 1, 'La Fria'),
(13603, '1969-12-24', 1, 7, 32, 1, 'La Fria'),
(13604, '1969-12-24', 1, 7, 33, 1, 'La Fria'),
(13605, '1969-12-24', 1, 7, 33, 1, 'La Fria'),
(13606, '1969-12-24', 1, 7, 33, 1, 'La Fria'),
(13607, '1969-12-24', 1, 734, 0, 1, 'La Fria'),
(13608, '1969-12-25', 1, 7, 34, 1, 'La Fria'),
(13609, '1969-12-25', 1, 7, 34, 1, 'La Fria'),
(13610, '1969-12-25', 1, 7, 35, 1, 'La Fria'),
(13611, '1969-12-25', 1, 7, 35, 1, 'La Fria'),
(13612, '1969-12-25', 1, 7, 35, 1, 'La Fria'),
(13614, '1969-12-21', 1, 7, 36, 1, 'La Fria'),
(13616, '1969-12-21', 1, 7, 37, 4, 'La Fria'),
(13617, '1969-12-26', 1, 7, 37, 1, 'La Fria'),
(13618, '1969-12-26', 1, 7, 37, 4, 'La Fria'),
(13619, '1969-12-26', 1, 7, 38, 1, 'La Fria'),
(13620, '1969-12-26', 1, 7, 38, 1, 'La Fria'),
(13621, '1969-12-27', 1, 7, 38, 1, 'La Fria'),
(13622, '1969-12-27', 1, 7, 39, 1, 'La Fria'),
(13623, '1969-12-27', 1, 7, 39, 1, 'La Fria'),
(13624, '1969-12-27', 1, 7, 39, 1, 'La Fria'),
(13625, '1969-12-28', 1, 7, 40, 1, 'La Fria'),
(13626, '1969-12-28', 1, 7, 40, 1, 'La Fria'),
(13627, '1969-12-28', 1, 7, 40, 1, 'La Fria'),
(13628, '1969-12-22', 1, 7, 41, 1, 'La Fria'),
(13629, '1969-12-22', 1, 7, 41, 1, 'La Fria'),
(13630, '1969-12-24', 1, 7, 41, 1, 'La Fria'),
(13932, '1970-05-14', 1, 7, 143, 1, 'La Fría'),
(15008, '1971-08-28', 1, 8, 1, 4, 'La Fria'),
(15009, '1971-08-29', 1, 8, 1, 4, 'La Fria'),
(15010, '1971-08-29', 1, 8, 1, 4, 'La Fria'),
(15011, '1971-08-29', 1, 8, 2, 4, 'La Fria'),
(15012, '1971-08-29', 1, 8, 2, 4, 'La Fria'),
(15013, '1971-08-29', 1, 8, 2, 4, 'La Fria'),
(15014, '1971-08-29', 1, 8, 3, 4, 'La Fria'),
(15015, '1971-08-29', 1, 8, 3, 4, 'La Fria'),
(15016, '1971-08-29', 1, 8, 3, 4, 'La Fria'),
(15017, '1971-08-29', 1, 8, 4, 4, 'La Fria'),
(15018, '1971-08-29', 1, 8, 4, 4, 'La Fria'),
(15019, '1971-09-03', 1, 8, 4, 4, 'La Fria'),
(15021, '1971-09-04', 1, 8, 5, 4, 'La Fria'),
(15022, '1971-09-04', 1, 8, 5, 4, 'LA FRIA'),
(15023, '1971-09-04', 1, 8, 6, 4, 'LA FRIA'),
(15024, '1971-09-05', 1, 8, 6, 4, 'La Fria'),
(15026, '1971-09-05', 1, 8, 7, 4, 'La Fria'),
(15027, '1971-09-05', 1, 8, 7, 4, 'LA FRIA'),
(15028, '1971-09-05', 1, 8, 7, 4, 'LA FRIA'),
(15030, '1971-09-05', 1, 8, 8, 4, 'La Fria'),
(15031, '1971-09-05', 1, 8, 8, 4, 'La Fria'),
(15032, '1971-09-05', 1, 8, 9, 4, 'La Fria'),
(15033, '1971-09-11', 1, 8, 9, 4, 'La Fria'),
(15035, '1971-09-11', 1, 8, 10, 4, 'La Fria'),
(15036, '1971-09-11', 1, 8, 10, 4, 'La Fria'),
(15037, '1971-09-11', 1, 8, 10, 4, 'La Fria'),
(15038, '1971-09-11', 1, 8, 11, 4, 'La Fria'),
(15039, '1971-09-12', 1, 8, 11, 4, 'La Fria'),
(15040, '1971-09-12', 1, 8, 11, 4, 'La Fria'),
(15041, '1971-09-12', 1, 8, 12, 4, 'En La Parroquia'),
(15042, '1971-09-12', 1, 8, 12, 4, 'La Fria'),
(15043, '1971-09-12', 1, 8, 12, 4, 'La Fria'),
(15044, '1970-09-12', 1, 8, 13, 4, 'La Fria'),
(15045, '1971-09-12', 1, 8, 13, 4, 'La Fria'),
(15046, '1971-09-12', 1, 8, 13, 4, 'La Fria'),
(15047, '1971-09-12', 1, 8, 14, 4, 'La Fria'),
(15048, '1971-09-12', 1, 8, 14, 4, 'La Fria'),
(15049, '1971-09-13', 1, 8, 14, 4, 'La Fria'),
(15050, '1971-09-13', 1, 8, 15, 4, 'La Fria'),
(15051, '1971-09-14', 1, 8, 15, 4, 'La Fria'),
(15052, '1971-09-18', 1, 8, 15, 4, 'La Fria'),
(15053, '1971-09-18', 1, 8, 16, 4, 'La Fria'),
(15054, '1971-09-18', 1, 8, 16, 4, 'La Fria'),
(15055, '1971-07-18', 1, 8, 16, 4, 'La Fria'),
(15056, '1971-09-18', 1, 8, 17, 4, 'La Fria'),
(15057, '1971-09-18', 1, 8, 17, 4, 'La Fria'),
(15058, '1971-09-19', 1, 8, 17, 4, 'La Fria'),
(15059, '1971-09-19', 1, 8, 18, 4, 'La Fria'),
(15060, '1971-09-19', 1, 8, 18, 4, 'La Fria'),
(15061, '1971-09-19', 1, 8, 18, 4, 'La Fria'),
(15062, '1971-09-22', 1, 8, 19, 4, 'La Fria'),
(15063, '1971-09-23', 1, 8, 19, 4, 'La Fria'),
(15064, '1971-09-23', 1, 8, 19, 4, 'La Fria'),
(15065, '1971-09-24', 1, 8, 20, 4, 'La Fria'),
(15066, '1971-09-25', 1, 8, 20, 4, 'La Fria'),
(15530, '1966-06-21', 1, 5, 8, 7, 'La Fría'),
(83784, '1964-05-03', 1, 4, 31, 5, 'La Fria'),
(152057, '1968-02-17', 1, 6, 19, 9, 'La Fria');

INSERT INTO `individuos` (`idInd`, `NomInd`, `ApeInd`, `LugNacInd`, `FecNacInd`, `SexInd`, `FilInd`, `DirInd`, `IdUsu`) VALUES
('09680110LQ', 'Luz Celeste', 'Quintero Castellanos', 'Esta Parroquia', '0968-01-10', '2', '1', NULL, 1),
('09700901RO', 'Rodolfo', 'Ortiz Balaguera', 'La Fria', '1970-09-01', '1', '1', NULL, 2),
('09710422CG', 'Carmen Alicia', 'Gomes Rivas', 'La Fria', '1971-04-22', '2', '2', NULL, 2),
('18580501HC', 'Hermes', 'Chacon Moreno', 'La Fria', '1858-05-01', '1', '2', NULL, 1),
('18580606RM', 'Rosa Eloina', 'Maldonado', 'En Esta Juridiccion', '1858-06-06', '2', '2', NULL, 1),
('19540306JC', 'Jaime Antonio', 'Contreras', 'Jose Trinidad Colmenares', '1954-03-06', '1', '3', NULL, 4),
('19541202GG', 'German', 'Gutierrez Vargas', 'Jurisdiccion De Seboruco', '1954-12-02', '1', '2', NULL, 1),
('19550102JA', 'Jose Edgar', 'Alicastro Sarate', 'Esta Jurisdicción', '1955-01-02', '1', '2', NULL, 1),
('19550127MA', 'Maria De La Paz', 'Anteliz Chacon', 'Jurisdiccion De Rivas Berti', '1955-01-27', '2', '2', NULL, 1),
('19550213LH', 'Luz Marina', 'Hortua', 'Esta Jurisdiccion', '1955-02-13', '2', '3', NULL, 1),
('19550306JM', 'Juan Agustin', 'Mendez Contreras', 'San Juan De Colon', '1955-03-06', '1', '2', NULL, 1),
('19550309MQ', 'Margarita', 'Quiroz Jimenez', 'Esta Jurisdiccion', '1955-03-09', '2', '2', NULL, 1),
('19550312AO', 'Alis Thelma De Jesus', 'Ostos Contreras', 'Esta Jurisdiccion', '1955-03-12', '2', '2', NULL, 1),
('19550320JA', 'Jose Gregorio', 'Acuña', 'Esta Jurisdiccion', '1955-03-20', '1', '3', NULL, 1),
('19550326FP', 'Fagustino', 'Peñaranda', 'Esta Jurisdiccion', '1955-03-26', '1', '3', NULL, 1),
('19550329AD', 'Aidee', 'Diaz', 'La Fria', '1955-03-29', '2', '3', NULL, 1),
('19550404YM', 'Yelitza Maria', 'Molina', 'Esta Jurisdiccion', '1955-04-04', '2', '2', NULL, 1),
('19550405JQ', 'Jose Santos', 'Quintero Morales', 'Jurisdicción De Táriba', '1955-04-05', '1', '2', NULL, 1),
('19550503AR', 'Anaiz', 'Rojas', 'Esta Jurisdiccion', '1955-05-03', '2', '2', NULL, 1),
('19550520AR', 'Anadelina', 'Roa Quintero', 'Esta Jurisdiccion', '1955-05-20', '2', '2', NULL, 1),
('19550602ER', 'Erasmo', 'Rivera', 'Esta Jurisdiccion', '1955-06-02', '1', '2', NULL, 1),
('19550604OM', 'Orlando Gaurian', 'M Ch', 'Esta Jurisdiccion', '1955-06-04', '1', '2', NULL, 1),
('19550613GB', 'Gerardo Antonio', 'Becerra Valles', 'San Cristobal La Concordia', '1955-06-13', '2', '2', NULL, 1),
('19550620LC', 'Leonel', 'Cruz Duran', 'San Juan De Colon', '1955-06-20', '1', '2', NULL, 1),
('19550630GR', 'Gladis Teresa', 'Rodriguez Forero', 'Esta Jurisdiccion', '1955-06-30', '2', '2', NULL, 1),
('19550630LE', 'Luis Angel', 'Esparza', 'Esta Jurisdiccion', '1955-06-30', '1', '3', NULL, 1),
('19550714MJ', 'Maria Cohinta', 'Jimenez', 'Esta Jurisdiccion', '1955-07-14', '2', '2', NULL, 1),
('19550720AH', 'Angel Maria', 'Hernandez Roa', 'Esta Jurisdiccion', '1955-07-20', '1', '2', NULL, 1),
('19550721HM', 'Hibia', 'Molina Villamizar', 'Esta Jurisdiccion', '1955-07-21', '2', '2', NULL, 1),
('19550725MF', 'Manuel Gustavo', 'Fernandez', 'Esta Jurisccion', '1955-07-25', '1', '3', NULL, 1),
('19550730RG', 'Ramiro', 'Garcia Espinel', 'Esta Jurisdiccion', '1955-07-30', '1', '2', NULL, 1),
('19550731DB', 'Durlan Felipe', 'Berbesi Sandoval', 'La Fria', '1955-07-31', '1', '2', NULL, 1),
('19550801JP', 'Jose Gregorio', 'Peñaranda', 'Esta Jurisdiccion', '1955-08-01', '1', '2', NULL, 1),
('19550803AG', 'Aydee', 'Guillen', 'Esta Jurisdiccion', '1955-08-03', '2', '3', NULL, 1),
('19550803CS', 'Carmen Teresa', 'Salazar', 'Esta Jurisdiccion', '1955-08-03', '2', '3', NULL, 1),
('19550803LS', 'Luis Alberto', 'Sanchez', 'ESTA JURISDICCION', '1955-08-03', '1', '3', NULL, 1),
('19550808BZ', 'Blanca Nieve', 'Zambrano', 'Jurisdiccion De Rivas Berti', '1955-08-08', '2', '2', NULL, 1),
('19550811JP', 'Juan De Dios', 'Peñaloza', 'Esta Jurisdicción', '1955-08-11', '1', '3', NULL, 1),
('19550814EG', 'Eusebio', 'Guerrero', 'Esta Jurisdiccion', '1955-08-14', '1', '2', NULL, 1),
('19550815CG', 'Carmen Alicia', 'Galvis', 'Esta Jurisdiccion', '1955-08-15', '2', '2', NULL, 1),
('19550827CC', 'Carmen Cecilia', 'Castillo', 'Esta Jurisdiccion', '1955-08-27', '2', '3', NULL, 1),
('19550905MC', 'Maria Cenaida', 'Castrillon', 'Esta Jurisdiccion', '1955-09-05', '1', '3', NULL, 1),
('19550916JS', 'Jesus Maria', 'Suarez Hernadez', 'Esta Jurisdiccion', '1955-09-16', '1', '2', NULL, 1),
('19550920CG', 'Carmen Yozaira', 'Gonzalez Vera', 'Esta Jurisdiccion', '1955-09-20', '2', '2', NULL, 1),
('19550920JO', 'Jorge Eliecer', 'Ortiz', 'La Fria', '1955-09-20', '1', '3', NULL, 1),
('19550920JP', 'Jose Evelio', 'Perez', 'La Fria', '1955-09-20', '1', '3', NULL, 1),
('19550920VM', 'Victor Tulio', 'Moncada', 'Esta Jurisdiccion', '1955-09-20', '1', '2', NULL, 1),
('19550922JZ', 'Jose Domingo', 'Zapata', 'Jurisdiccion De La Grita', '1955-09-22', '1', '2', NULL, 1),
('19550924MG', 'Mercedez Ramon', 'Guerrero Noguera', 'Esta Jurisdiccion', '1955-09-24', '1', '2', NULL, 1),
('19550930JF', 'Josefa', 'Fernez', 'Esta Jurisdiccion', '1955-09-30', '2', '3', NULL, 1),
('19550930JV', 'Jesus Antonio', 'Valero Peñaloza', 'Esta Jurisdiccion', '1955-09-30', '1', '3', NULL, 1),
('19550930LN', 'Luis Felipe', 'Niño', 'Esta Jurisdiccion', '1955-09-30', '1', '3', NULL, 1),
('19551002CM', 'Cineria Flor', 'Mora Mendez', 'Esta Jurisdiccion', '1955-10-02', '2', '2', NULL, 1),
('19551002JR', 'Jose Rodrigo', 'Rivera', 'La Fria', '1955-10-02', '1', '3', NULL, 1),
('19551002TG', 'Teresa Del Carmen', 'Garcia', 'La Fria', '1955-10-02', '2', '3', NULL, 1),
('19551003NG', 'Nestor De Jesus', 'Gomez Contreras', 'Esta Jurisdiccion', '1955-10-03', '1', '2', NULL, 1),
('19551010PL', 'Pedro Jesus', 'Lopez Angarita', 'Esta Jurisdiccion', '1955-10-10', '1', '2', NULL, 1),
('19551012JA', 'Jesus Abaria', 'Arenas', 'Esta Jurisdicción', '1955-10-12', '1', '3', NULL, 1),
('19551014CN', 'Calistro', 'Navi Velazco', 'La Fria', '1955-10-14', '1', '2', NULL, 1),
('19551014PM', 'Polina Evilde', 'Montoya Omaña', 'Jurisdicción De La Grita', '1955-10-14', '2', '2', NULL, 1),
('19551015GD', 'Gladis', 'Domador', 'Jurisdiccion De Colon', '1955-10-15', '2', '3', NULL, 1),
('19551020FL', 'Florencia Maria', 'Labrador Duque', 'Esta Jurisdiccion', '1955-10-20', '2', '3', NULL, 1),
('19551024AP', 'Aracelis', 'Prato', 'En Esta Jurisdicción', '1955-10-24', '2', '3', NULL, 1),
('19551024RR', 'Rafael Arcangel', 'Roa', 'Esta Jurisccion', '1955-10-24', '1', '3', NULL, 1),
('19551025HE', 'Hermis', 'Estrada', 'Esta Jurisdicción', '1955-10-25', '1', '3', NULL, 1),
('19551025JP', 'Jose Ramon', 'Prato', 'Esta Jurisdicción', '1955-10-25', '1', '3', NULL, 1),
('19551026AH', 'Ana Josefa', 'Hernandez', 'ESTA JURISDICCION', '1955-10-26', '2', '2', NULL, 1),
('19551026JP', 'Jose Evaristo', 'Perez', 'Esta Jurisdiccion', '1955-10-26', '1', '3', NULL, 1),
('19551027RN', 'Rosalba Margarita', 'Niño', 'Esta Jurisdiccion', '1955-10-27', '2', '2', NULL, 1),
('19551030SH', 'Senovia Ramona', 'Herrera Rojas', 'Jurisdiccion De La Grita', '1955-10-30', '2', '2', NULL, 1),
('19551102GM', 'Gladys Victoria', 'Mora', 'Esta Jurisdiccion', '1955-11-02', '2', '2', NULL, 1),
('19551102VR', 'Victoria Del Carmen', 'Ramirez Zambrano', 'Esta Jurisdiccion', '1955-11-02', '2', '2', NULL, 1),
('19551103JA', 'Jose Silvio', 'Arellano', 'La Fria', '1955-11-03', '1', '3', NULL, 1),
('19551107CM', 'Carlos Eduardo', 'Maldonado', 'Esta Jurisdiccion', '1955-11-07', '1', '2', NULL, 1),
('19551108MZ', 'Maria Omaira', 'Zalazar', 'Esta Jurisdiccion', '1955-11-08', '2', '2', NULL, 1),
('19551115AA', 'Aurora Del Carmen', 'Andrade Acosta', 'Esta Jurisdiccion', '1955-11-15', '2', '2', NULL, 1),
('19551115RM', 'Rafael Antonio', 'Mora Noguera', 'ESTA JURISDICCION', '1955-11-15', '1', '2', NULL, 1),
('19551116LR', 'Luis Alberto', 'Rojas Arellano', 'Esta Jurisdiccion', '1955-11-16', '1', '2', NULL, 1),
('19551117BP', 'Blanca Maria', 'Petarrollo Pernia', 'Esta Jurisdiccion', '1955-11-17', '2', '2', NULL, 1),
('19551121CR', 'Carmen Alicia', 'Ruiz', 'ESTA JURISDICCION', '1955-11-21', '2', '2', NULL, 1),
('19551125MR', 'Miguel Arcangel', 'Roa Vera', 'Esta Jurisdiccion', '1955-11-25', '2', '2', NULL, 1),
('19551126FE', 'Faustino', 'Escalante', 'Esta Jurisdiccion', '1955-11-26', '1', '2', NULL, 1),
('19551126PE', 'Pedro Antonio', 'Escalante', 'Esta Jurisdiccion', '1955-11-26', '1', '2', NULL, 1),
('19551127JP', 'Jorge', 'Pabon', 'Esta Jurisdiccion', '1955-11-27', '1', '2', NULL, 1),
('19561222EJ', 'Elba Maria', 'Joya Morales', 'La Fria', '1956-12-22', '2', '2', NULL, 1),
('19570606AP', 'Alfonso', 'Panqueva Angel', 'La Fria', '1957-06-06', '1', '2', NULL, 1),
('19571203WS', 'Wilmer Saul', 'Sanchez', 'La Fria', '1957-12-03', '1', '1', NULL, 1),
('19571206BV', 'Blecida', 'Vargas Diaz', 'La Fria', '1957-12-06', '2', '2', NULL, 1),
('19571214NR', 'Norma', 'Rincón', 'En Esta Juridicción', '1957-12-14', '2', '3', NULL, 1),
('19580109LM', 'Luis Alberto', 'Mora Rueda', 'En Esta Jurisdicción', '1958-01-09', '1', '2', NULL, 1),
('19580126JC', 'Jesus Maria', 'Caisedo Rosales', 'La Fria', '1958-01-26', '1', '1', NULL, 1),
('19580315HN', 'Hector', 'Navarro', 'En Esta Juridicción', '1958-03-15', '1', '3', NULL, 1),
('19580316LP', 'Luci Beatriz', 'Pérez Rojas', 'La Fria', '1958-03-16', '2', '1', NULL, 3),
('19580327MC', 'Maxiliano', 'Contreras', 'En Esta Jurisdicción', '1958-03-27', '1', '3', NULL, 1),
('19580403PL', 'Pedro Elí', 'Laguado', 'En Esta Jurisdiccion', '1958-04-03', '1', '3', NULL, 1),
('19580404CM', 'Carlos Omar', 'Mora', 'Estajuridicion', '1958-04-04', '1', '1', NULL, 3),
('19580404CP', 'Carmen Senaida', 'Perez', 'La Fria', '1958-04-04', '2', '3', NULL, 1),
('19580410RQ', 'Rosa Eva', 'Quintero', 'En Esta Juridicción', '1958-04-10', '2', '1', NULL, 1),
('19580505CM', 'Cruz Elina', 'Moreno James', 'La Fria', '1958-05-05', '2', '2', NULL, 1),
('19580522OL', 'Olga Maria', 'Lilares Diaz', 'Jurisdicción De Colón', '1958-05-22', '2', '2', NULL, 1),
('19580529JN', 'Justo Lexy', 'Niño Franco', 'En Esta Jurisdicción', '1958-05-29', '1', '2', NULL, 1),
('19580603FR', 'Francisco Antonio', 'Redondo', 'En Esta Juridicion', '1958-06-03', '1', '3', NULL, 3),
('19580609JR', 'Jose Nerio', 'Rojas', 'En Esta Jurisdiccion', '1958-06-09', '1', '3', NULL, 1),
('19580624AD', 'Adulfa Eleida', 'De Prieto', 'En Esta Jurisdicción', '1958-06-24', '2', '3', NULL, 1),
('19580624EJ', 'Everia', 'Jaimes', 'En Esta Juridicción', '1958-06-24', '2', '3', NULL, 1),
('19580624JV', 'Juan Antonio', 'Vivas Rujano', 'La Fria', '1958-06-24', '1', '2', NULL, 1),
('19580625MB', 'María Mercedes', 'Bermudez', 'En Esta Jurisdicción', '1958-06-25', '2', '3', NULL, 1),
('19580710CM', 'Carmen Cecilia', 'Marin', 'En Esta Juridiccion', '1958-07-10', '2', '3', NULL, 1),
('19580810GB', 'Gladis', 'Barbara Navarro', 'En Esta Juridicción', '1958-08-10', '2', '2', NULL, 1),
('19580813MP', 'Manuel Antonio', 'Perez', 'La Fria', '1958-08-13', '1', '3', NULL, 1),
('19580815BS', 'Bauolilio', 'Sanchez', 'En Esta Jurisdicción', '1958-08-15', '1', '3', NULL, 1),
('19580819AG', 'Aura', 'Garcia Colmenares', 'En Esta Jurisdicción', '1958-08-19', '2', '2', NULL, 1),
('19580822JL', 'José', 'Leonidas', 'La Fría', '1958-08-22', '1', '3', NULL, 3),
('19580825AH', 'Antonio José', 'Hernandez', 'En Esta Jurisdicción', '1958-08-25', '1', '3', NULL, 1),
('19580828RS', 'Ramona María', 'Sanchez', 'En Esta Jurisdicción', '1958-08-28', '2', '3', NULL, 1),
('19580830RM', 'Rosario', 'Morillo Molina', 'La Fria', '1958-08-30', '2', '2', NULL, 1),
('19580830RS', 'Rosalba', 'Sarmiento', 'La Fria', '1958-08-30', '2', '2', NULL, 1),
('19580906MR', 'Miguel Antonio', 'Ramirez', 'La Fria', '1958-09-06', '1', '1', NULL, 1),
('19580911AM', 'Alexio Gregorio', 'Molero', 'Encontrado En El Estado Zulia', '1958-09-11', '1', '2', NULL, 1),
('19580911EO', 'Eliverto', 'Ortiz', 'En Esta Jurisdicción', '1958-09-11', '1', '3', NULL, 1),
('19580913JS', 'Jorge Hernan', 'Sierra', 'La Fria', '1958-09-13', '1', '3', NULL, 1),
('19580916RR', 'Rm Elmira', 'Riberos', 'La Fria', '1958-09-16', '2', '3', NULL, 1),
('19580923MF', 'Maria', 'Frina', 'La Fria', '1958-09-23', '2', '2', NULL, 1),
('19580924ML', 'Mercedes', 'López', 'La Fria', '1958-09-24', '2', '3', NULL, 3),
('19580930NS', 'Nelson Ivan', 'Sanchez', 'La Fria', '1958-09-30', '1', '1', NULL, 1),
('19581004DH', 'Dora', 'Hizar', 'La Fría', '1958-10-04', '2', '2', NULL, 3),
('19581005WG', 'Wilfred Francisco', 'Guerra', 'En Esta Juridicción', '1958-10-05', '1', '3', NULL, 1),
('19581007DO', 'Detariano', 'Ortega', 'En Esta Jurisdicción', '1958-10-07', '1', '3', NULL, 1),
('19581011AH', 'Ana Prudencia', 'Hernandez', 'En Esta Jurisdicción', '1958-10-11', '2', '3', NULL, 1),
('19581012LR', 'Luz Marina', 'Ramirez', 'En Esta Jurisdicción', '1958-10-12', '2', '2', NULL, 1),
('19581012NR', 'Naida Ligia', 'Rulio Baron', 'La Fría', '1958-10-12', '2', '1', NULL, 3),
('19581013LH', 'Luz Marina', 'Hernandez', 'La Fria', '1958-10-13', '2', '3', NULL, 1),
('19581016JG', 'Julio Cesar', 'Gomez Toya', 'En Esta Juridicción', '1958-10-16', '1', '2', NULL, 1),
('19581017EM', 'Eduvijes', 'Morales Soto', 'En Esta Juridicción', '1958-10-17', '2', '2', NULL, 1),
('19581020JA', 'Jose Juan', 'Amaya', 'La Fria', '1958-10-20', '1', '3', NULL, 1),
('19581020MS', 'Manuel', 'Suares', '', '1958-10-20', '1', '2', NULL, 3),
('19581021UG', 'Umarto', 'Galviz Rodriguez', 'Esta Juridiccion', '1958-10-21', '1', '2', NULL, 1),
('19581022DP', 'Doris Cecilia', 'Piñeda León', 'En Esta Jurisdicción', '1958-10-22', '2', '2', NULL, 1),
('19581022FP', 'Francelina', 'Pernia Mora', 'En Esta Jurisdicción', '1958-10-22', '2', '2', NULL, 3),
('19581023RA', 'Reinaldo Elieser', 'Acevedo', 'Esta Juridiccion', '1958-10-23', '1', '3', NULL, 1),
('19581024AM', 'Ana Gladis', 'Mendoza', 'La Fria', '1958-10-24', '2', '3', NULL, 1),
('19581025RP', 'Ruben Dario', 'Perez', 'En Esta Jurisdicción', '1958-10-25', '1', '3', NULL, 3),
('19581030IO', 'Irma', 'Ortega', 'La Fria', '1958-10-30', '2', '3', NULL, 1),
('19581030LG', 'Lucila', 'Guerrero', 'En Esta Juridicción', '1958-10-30', '2', '3', NULL, 1),
('19581102JD', 'Jaimes', 'Duarte', 'Fria', '1958-11-02', '1', '3', NULL, 1),
('19581103OG', 'Olga Marina', 'Gutierrez', 'En Esta Jurisdicción', '1958-11-03', '2', '2', NULL, 1),
('19581104SO', 'Silvia Claudina', 'Omado Diaz', 'En Esta Juridicción', '1958-11-04', '2', '2', NULL, 1),
('19581105PC', 'Pedro Orlando', 'Casanova', 'En Esta Juridiccion', '1958-11-05', '1', '3', NULL, 1),
('19581113LP', 'Lina Lucrecia', 'Pineda Mora', 'La Fria', '1958-11-13', '2', '2', NULL, 1),
('19581114DC', 'Dina Elisabeht', 'Chacon', 'En Esta Juridicción', '1958-11-14', '2', '3', NULL, 1),
('19581118RR', 'Rodolfo', 'Rosales', 'En Esta Juridicción', '1958-11-18', '1', '3', NULL, 1),
('19581119VM', 'Valentina', 'Mora Hernandez', 'Juridiccion Bivas Berty', '1958-11-19', '2', '2', NULL, 1),
('19581120VA', 'Victor Julio', 'Acosta Valderrama', 'La Fria', '1958-11-20', '1', '2', NULL, 1),
('19581122JO', 'Jose Marcelino', 'Omaña', 'En Esta Juridicción', '1958-11-22', '1', '3', NULL, 1),
('19581122MU', 'Maria Cecilia', 'Untano', 'En Esta Jurisdicción', '1958-11-22', '2', '3', NULL, 1),
('19581123MD', 'Maria Elena', 'Domador', 'La Juridiccion Rivas Berti', '1958-11-23', '2', '3', NULL, 1),
('19581128AD', 'Antonio Ramon', 'Duque Roa', 'La Fria', '1958-11-28', '1', '2', NULL, 1),
('19581128RR', 'Roberto Grego', 'Rio Gonzalez', 'La Fria', '1958-11-28', '2', '3', NULL, 1),
('19581128VN', 'Victoria', 'Niño Ramirez', 'La Juriccion Rivas', '1958-11-28', '2', '2', NULL, 1),
('19581201ED', 'Elsida Feresa', 'Duran Sanchez', 'La Fria', '1958-12-01', '2', '2', NULL, 1),
('19581205JN', 'Jesus Manuel', 'Nabarro Duran', 'La Fria', '1958-12-05', '1', '2', NULL, 1),
('19581208MC', 'María Del Carmen', 'Candica', 'En Esta Jurisdicción', '1958-12-08', '2', '2', NULL, 1),
('19581211LL', 'Luis Antonio', 'Laguado Moncada', 'En Esta Jurisdiccion', '1958-12-11', '1', '2', NULL, 1),
('19581212AV', 'Angel Emiro', 'Veltran', 'Juridiccion De Colon', '1958-12-12', '2', '3', NULL, 1),
('19581212MR', 'Miguel Ange', 'Roso', 'Esta Juridiccion', '1958-12-12', '1', '3', NULL, 1),
('19581213AB', 'Ana Lucia', 'Bautistaa', 'La Fria', '1958-12-13', '2', '3', NULL, 1),
('19581213OH', 'Orlando', 'Hernandez', 'En Esta Jurisdicción', '1958-12-13', '1', '3', NULL, 1),
('19581221RR', 'Rosalba', 'Rondon Guerrero', 'La Fria', '1958-12-21', '2', '2', NULL, 1),
('19581224JR', 'Jesús Manuel', 'Ramirez', 'En Esta Judiriccion', '1958-12-24', '1', '2', NULL, 1),
('19581224LD', 'Luis Hernando', 'Duque', 'La Fria', '1958-12-24', '1', '2', NULL, 1),
('19581227MT', 'Maria Neiva', 'Torres', 'En Sta Juridiccion', '1958-12-27', '2', '3', NULL, 1),
('19581228JS', 'Jose Inocetes', 'Sambrano', 'La Fria', '1958-12-28', '1', '3', NULL, 1),
('19590107AP', 'Antonio Ramon', 'Peres', 'La Ria', '1959-01-07', '1', '2', NULL, 1),
('19590107RP', 'Raymundo', 'Peña Chacon', 'Juridiccion Umuquena', '1959-01-07', '1', '2', NULL, 1),
('19590109AN', 'Amadeo', 'Niño Navarro', 'La Fria', '1959-01-09', '1', '1', NULL, 1),
('19590112RV', 'Ramona Del Carmen', 'Vivas', 'En Esta Juridiccion', '1959-01-12', '2', '2', NULL, 1),
('19590114JC', 'Jose Amable', 'Chacon Acevedo', 'La Fria', '1959-01-14', '1', '2', NULL, 1),
('19590118CS', 'Carmen Sodaida', 'Sanchez', 'Esta Juridiccion', '1959-01-18', '2', '3', NULL, 1),
('19590124MG', 'Mario Filso', 'Guerrero Mora', 'Esta Juridiccion', '1959-01-24', '1', '2', NULL, 1),
('19590126IM', 'Ines Del Carmen', 'Marques Contreras', 'La Fria', '1959-01-26', '2', '2', NULL, 1),
('19601006AG', 'Alirio', 'Galvis', 'Esta Parroquia', '1960-10-06', '1', '3', NULL, 1),
('19601023AR', 'Alberto', 'Ramirez', 'Esta Parroquia', '1960-10-23', '2', '3', NULL, 1),
('19601214EG', 'Euclides Emilio', 'Guedez Sanchez', 'Bufama- Edo Carabobo', '1960-12-14', '1', '1', NULL, 1),
('19610304PH', 'Pablo Emilio', 'Hernandez', 'Esta Parroquia', '1961-03-04', '1', '3', NULL, 1),
('19610306JC', 'Juraney', 'Contreras', 'Colon', '1961-03-06', '2', '2', NULL, 1),
('19610306MM', 'Margarita', 'Montiel', 'Esta Parroquia', '1961-03-06', '2', '3', NULL, 1),
('19610312BD', 'Blanca Marleny', 'Domador', 'Esta Parroquia', '1961-03-12', '2', '2', NULL, 1),
('19610315ED', 'Elio Omar', 'Duque', 'Esta Parroquia', '1961-03-15', '1', '2', NULL, 1),
('19610319AD', 'Armando', 'Delgado', 'Esta Parroquia', '1961-03-19', '1', '2', NULL, 1),
('19610322ES', 'Eudocia', 'Sarmiento', 'Esta Parroquia', '1961-05-22', '2', '2', NULL, 1),
('19610428PR', 'Pedro Ivan', 'Ramon', 'Esta Parroquia', '1961-04-28', '1', '3', NULL, 1),
('19610507JM', 'Jhilda', 'Marquez', 'Esta Parroquia', '1961-05-07', '2', '2', NULL, 1),
('19610511FM', 'Fredi Francisco', 'Mora', 'Umuquena', '1961-05-11', '1', '2', NULL, 1),
('19610601YP', 'Yolanda', 'Parada', 'San Felix', '1961-06-01', '2', '2', NULL, 1),
('19610605ZZ', 'Zenaida', 'Zandoval', 'Esta Parroquia', '1961-06-05', '2', '2', NULL, 1),
('19610608MC', 'Maria Esperanza', 'Caceres', 'Esta Parroquia', '1961-06-08', '2', '3', NULL, 1),
('19610610MP', 'Maria Emelit', 'Perez', 'Esta Parroquia', '1961-06-10', '2', '3', NULL, 1),
('19610616JF', 'Justo Pastor', 'Fuentes', 'San Felix', '1961-06-16', '1', '3', NULL, 1),
('19610619RF', 'Rosa Iselda', 'Fernandez', 'Esta Parroquia', '1961-06-19', '2', '3', NULL, 1),
('19610705VC', 'Victor Manuel', 'Chacon', 'Esta Parroquia', '1961-07-05', '1', '3', NULL, 1),
('19610710JS', 'Jose Manuel', 'Sanchez', 'Esta Parroquia', '1961-07-10', '1', '3', NULL, 1),
('19610714MB', 'Maria Yolanda', 'Buitriago', 'Esta Parroquia', '1961-07-14', '2', '3', NULL, 1),
('19610717NU', 'Noris', 'Uribe', 'Esta Parroquia', '1961-07-17', '2', '3', NULL, 1),
('19610719AG', 'Aurora', 'Garcia', 'Colon', '1961-07-19', '2', '2', NULL, 1),
('19610722AC', 'Ana Virginia', 'Camacho', 'Esta Parroquia', '1961-07-22', '2', '2', NULL, 1),
('19610722WR', 'Wiliam', 'Ramirez', 'Esta Parroquia', '1961-07-22', '1', '3', NULL, 1),
('19610801BG', 'Betilde', 'Garcia', 'Esta Parroquia', '1961-08-01', '2', '2', NULL, 1),
('19610806JM', 'Jorge', 'Mendoza', 'San Feliz', '1961-08-06', '1', '2', NULL, 1),
('19610808EM', 'Efrain', 'Maldonado', 'Esta Parroquia', '1961-08-08', '1', '3', NULL, 1),
('19610811LV', 'Lucas', 'Valero', 'Esta Parroquia', '1961-08-11', '1', '2', NULL, 1),
('19610812AP', 'Arturo', 'Paez', 'Esta Parroquia', '1961-08-12', '1', '3', NULL, 1),
('19610815RD', 'Ramiro', 'Duarte', 'Esta Parroquia', '1961-08-15', '1', '3', NULL, 1),
('19610816JA', 'Juana', 'Alvares', 'Esta Parroquia', '1961-08-16', '2', '2', NULL, 1),
('19610818BC', 'Bety Ynmaculada', 'Colmenares Perez', 'Esta Parroquia', '1961-08-18', '2', '2', NULL, 1),
('19610827AR', 'Ana Rosa', 'Rosales', 'Coloncito', '1961-08-27', '2', '2', NULL, 1),
('19610827JR', 'Julio Cesar', 'Rosales', 'Esta Parroquia', '1961-08-27', '1', '2', NULL, 1),
('19610827TR', 'Trina', 'Rosales', 'Esta Parroquia', '1961-08-27', '2', '2', NULL, 1),
('19610906DM', 'Daixy Esperanza', 'Molina', 'Esta Parroquia', '1961-09-06', '2', '2', NULL, 1),
('19610915CD', 'Carmen Dolores', 'Dias Garcia', 'Esta Parroquia', '1961-09-15', '2', '2', NULL, 1),
('19610918OR', 'Orlando', 'Rodriguez', 'Esta Parroquiam', '1961-09-18', '1', '2', NULL, 1),
('19610921LA', 'Leonor', 'Ardila', 'Esta Parroquia', '1961-09-21', '2', '3', NULL, 1),
('19610925MB', 'Miguel Angel', 'Balderrama', 'Esta Parroquia', '1961-09-25', '1', '3', NULL, 1),
('19610925MO', 'Milcia', 'Oviedo', 'Esta Parroquia', '1961-09-25', '2', '2', NULL, 1),
('19610926LD', 'Lina Rosa', 'Dias', 'Esta Parroquia', '1961-09-26', '2', '2', NULL, 1),
('19611001VM', 'Victoria', 'Morales', 'San Felix', '1961-10-01', '2', '2', NULL, 1),
('19611002JC', 'Jose Angel', 'Contreras Gomez', 'Esta Parroquia', '1961-10-02', '1', '2', NULL, 1),
('19611004AG', 'Angela Francisca', 'Guerrero', 'Esta Parroquia', '1961-10-04', '2', '2', NULL, 1),
('19611019WG', 'Wiiam Antonio', 'Guerrero', 'Esta Parroquia', '1961-10-19', '1', '2', NULL, 1),
('19611210DJ', 'Dionicio', 'Jimenez Laguado', 'Garcia De Hevia', '1961-12-10', '2', '1', NULL, 4),
('19620112FG', 'Felman', 'Guerrero Molina', 'Garcia De Hevia', '1962-01-12', '1', '2', NULL, 1),
('19620321EA', 'Eudo Emiro', 'Arrieta Rosas', 'Garcia De Hevia', '1962-03-21', '1', '1', NULL, 4),
('19620422AA', 'Alis Maria', 'Acero Baron', 'Coquivacoa Maracaibo', '1962-04-22', '2', '2', NULL, 1),
('19620519RD', 'Rafael Antonio', 'Dulcey Mejía', 'En Esta Parroquia', '1962-05-19', '1', '2', NULL, 1),
('19620624AB', 'Aurora', 'Barrios Basto', 'Garcia De Hevia', '1962-06-24', '2', '2', NULL, 1),
('19620625RN', 'Ramon Alberto', 'Nabero', 'García De Hervia', '1962-06-25', '1', '3', NULL, 1),
('19620702PV', 'Pedro Pablo', 'Vargas', 'Garcia De Hevia', '1962-07-02', '1', '3', NULL, 1),
('19620917BU', 'Blanca Maria', 'Urbina Ortega', 'Garcia De Hevia', '1962-09-17', '2', '2', NULL, 1),
('19621019WB', 'Wulliam Alirio', 'Bergel', 'Garcia De Hevia', '1962-10-19', '1', '3', NULL, 1),
('19621101RR', 'Ramon Antonio', 'Rubio Carrillo', 'Mercedes Diaz', '1962-11-01', '1', '2', NULL, 1),
('19621113MS', 'Maritza Daribel', 'Sanabia', 'Encontrado', '1962-11-13', '2', '3', NULL, 1),
('19621116HD', 'Hermes Juaquin', 'Diaz Ojeda', 'Garcia De Hevia', '1962-11-16', '1', '2', NULL, 1),
('19621118NM', 'Numidia Josefina', 'Montenegro', 'Valera Municipio Mercedes Dias', '1962-11-18', '2', '3', NULL, 1),
('19630125LQ', 'Luz Mariela', 'Quintero Patiño', 'Garcia De Hevia', '1963-01-25', '2', '1', NULL, 4),
('19630311LC', 'Leida Del Carmen', 'Carrillo Escalante', 'San Antonio Del Tachira', '1963-03-11', '2', '2', NULL, 1),
('19630313LP', 'Leonardo Enrique', 'Pineda Carbajal', 'Colon', '1963-03-13', '1', '2', NULL, 1),
('19630319JV', 'Jose De Jesus', 'Vilamizar Vera', 'Garcia De Hevia', '1963-03-19', '1', '2', NULL, 1),
('19630405JJ', 'Jose Vicente', 'Jaimez Montiel', 'Garcia De Hevia', '1963-04-05', '1', '1', NULL, 1),
('19630416JG', 'Jose Omar', 'Garcia Estrada', 'Garcia De Hevia', '1963-04-16', '1', '1', NULL, 1),
('19630422EF', 'Elcida De Carmen', 'Franco', 'Garcia De Hevia', '1963-04-22', '2', '1', NULL, 1),
('19630424NC', 'Nanci', 'Castro Navarro', 'García De Hervia', '1963-04-24', '2', '2', NULL, 1),
('19630425IR', 'Irene', 'Rubio Baron', 'Garcia De Hevia', '1963-04-25', '2', '1', NULL, 1),
('19630429GC', 'Glagys Teresa', 'Contreras', 'Garcia De Hevia', '1963-04-29', '0', '3', NULL, 1),
('19630512MG', 'Maria Zulay', 'Garcia Vargas', 'Garcia De Hervia', '1963-05-12', '2', '2', NULL, 1),
('19630513IC', 'Ivan Napoleon', 'Caceres Ramirez', 'San Antonio', '1963-05-13', '1', '2', NULL, 1),
('19630514RG', 'Roberto Ignacio', 'Garcia Torres', 'Gáriba', '1963-05-14', '1', '2', NULL, 1),
('19630613CG', 'Cruz Albina', 'Guerrero Molina', 'Garcia De Hevia', '1963-06-13', '2', '2', NULL, 1),
('19630616NM', 'Nelson', 'Moreno Mora', 'García De Hervia', '1963-06-16', '1', '2', NULL, 1),
('19630620AC', 'Ana Marleny', 'Camacho', 'Garcia De Hevia', '1963-06-20', '2', '3', NULL, 1),
('19630620DV', 'Dalia', 'Valencia Guerrero', 'Cucuta', '1963-06-20', '2', '2', NULL, 1),
('19630708BB', 'Bernanda', 'Bautista Corzo', 'Garcia De Hevia', '1963-07-08', '2', '2', NULL, 4),
('19630711ES', 'Eloisa', 'Suarez Calderon', 'Jose Trinidad Colmenares', '1963-07-11', '2', '1', NULL, 1),
('19630716JJ', 'Jose Del Carmen', 'Jimenez Laguado', 'Garcia De Hevia', '1963-07-16', '2', '1', NULL, 1),
('19630719RM', 'Rosalva', 'Martinez Espinosa', 'García De Hervia', '1963-07-19', '2', '2', NULL, 1),
('19630722WD', 'Wilmer Orlando', 'Duque Hernandez', 'Garcia De Hevia', '1963-07-22', '2', '2', NULL, 1),
('19630725JN', 'Jairo Alberto', 'Navarro', 'García De Hervia', '1963-07-25', '1', '3', NULL, 1),
('19630813EG', 'Edgar', 'Guzman Lopez', 'García De Hervia', '1963-08-13', '1', '1', NULL, 1),
('19630814TM', 'Teodoro', 'Molina', 'Garcia De Hevia', '1963-08-14', '1', '3', NULL, 1),
('19630829GH', 'Graciela Maritza', 'Hernandez Vergara', 'Garcia De Hevia', '1963-08-29', '2', '1', NULL, 4),
('19630901JE', 'Jose Neptali', 'Escala Mogollon', 'García De Hervia', '1963-09-01', '2', '1', NULL, 1),
('19630917RC', 'Rosa Elena', 'Carvajal Suarez', 'García De Hervia', '1963-09-17', '2', '1', NULL, 1),
('19630920GC', 'Gladys Marina', 'Chancon Contreras', 'Garcia De Hevia', '1963-09-20', '2', '1', NULL, 1),
('19630923GQ', 'Gloria Maria', 'Quintero', 'García De Hervia', '1963-09-23', '2', '3', NULL, 1),
('19630929CM', 'Carmen Gricelda', 'Morales Villamizar', 'Garcia De Hevia', '1963-09-29', '2', '2', NULL, 4),
('19631003LC', 'Luis Alberto', 'Carrillo Cáceres', 'Garcia De Hervia', '1963-10-03', '1', '1', NULL, 1),
('19631010BM', 'Belkis Omaira', 'Morales Osorio', 'Garcia De Hevia', '1963-10-10', '2', '2', NULL, 1),
('19631010CS', 'Candido', 'Sandoval Ramirez', 'Garcia De Hevia', '1963-10-10', '1', '1', NULL, 1),
('19631020MP', 'Martha Maria', 'Perez Rosales', 'García De Hervia', '1963-10-20', '2', '2', NULL, 1),
('19631025KP', 'Keelvin Alonso', 'Paredes Chia', 'García De Hervia', '1963-10-25', '1', '2', NULL, 1),
('19631027SG', 'Seferino', 'Garcia', 'Jose Trinidad Colmenares', '1963-10-27', '1', '3', NULL, 1),
('19631029RP', 'Rosa Matilde', 'Perez Perez', 'García De Hervia', '1963-10-29', '2', '2', NULL, 1),
('19631030CM', 'Cenovia', 'Moncada', 'Garcia De Hevia', '1963-10-30', '2', '3', NULL, 1),
('19631104ZA', 'Zobeida', 'Angulo Garcia', 'Garcia De Hevia', '1963-11-04', '2', '2', NULL, 1),
('19631108JA', 'Jorge Elieser', 'Armaya', 'García De Hervia', '1963-11-08', '0', '3', NULL, 1),
('19631110JC', 'Jose Alfonso', 'Correa Angarita', 'Garcia De Hevia', '1963-11-10', '1', '2', NULL, 1),
('19631112JC', 'Jose Gregorio', 'Colmenares', 'García De Hervia', '1963-11-12', '1', '3', NULL, 1),
('19631115MO', 'Maria', 'Ochoa Aparicio', 'García De Hervia', '1963-11-15', '2', '2', NULL, 1),
('19631117MB', 'Marina', 'Barrios Bastos', 'Garcia De Hevia', '1963-11-17', '2', '2', NULL, 1),
('19631118JG', 'Jose', 'Gomes Rojas', 'Garcia De Hevia', '1963-11-18', '1', '2', NULL, 1),
('19631119NQ', 'Nancy Emisaida', 'Quintero Patiño', 'Garcia De Hevia', '1963-11-19', '2', '1', NULL, 4),
('19631124BM', 'Betty Zulay', 'Moreno Zambrano', 'Garcia De Hervia', '1963-11-24', '2', '2', NULL, 1),
('19631127RD', 'Rodulfo', 'Duarte Medina', 'Garcia De Hevia', '1963-11-27', '1', '1', NULL, 4),
('19631129BM', 'Bentura', 'Monsalve Portillo', 'Garcia De Hevia', '1963-11-29', '1', '0', NULL, 4),
('19631129GR', 'Geliberto', 'Rodriguez Moreno', 'García De Hervia', '1963-11-29', '1', '2', NULL, 1),
('19631130PR', 'Pedro Pablo', 'Rodriguez', 'Garcia De Hevia', '1963-11-30', '1', '3', NULL, 1),
('19631201PH', 'Pablo', 'Hernandez Zambrano', 'Garcia De Hevia', '1963-12-01', '1', '2', NULL, 1),
('19631202ES', 'Egdi', 'Socorro Vivas', 'García De Hervia', '1963-12-02', '1', '3', NULL, 1),
('19631202VF', 'Victor Hugo', 'Flores Santo', 'García De Hervia', '1963-12-02', '1', '2', NULL, 1),
('19631206CM', 'Carmen Rosa', 'Mendoza Torres', 'Garcia De Hevia', '1963-12-06', '2', '0', NULL, 1),
('19631212BS', 'Blanca Maritza', 'Sanchez Rueda', 'Garcia De Hevia', '1963-12-12', '2', '1', NULL, 4),
('19631212HD', 'Hebro Enrique', 'Durante', 'García De Hervia', '1963-12-12', '1', '3', NULL, 1),
('19631217LQ', 'Luis Orlando', 'Quintero', 'Ribas Berti', '1963-12-17', '1', '3', NULL, 1),
('19631221MO', 'Marisol', 'Orozco', 'Garcia De Hevia', '1963-12-21', '2', '3', NULL, 1),
('19631223GM', 'German', 'Merchan', 'García De Hervia', '1963-12-23', '1', '3', NULL, 1),
('19631225JE', 'Jesus Antonio', 'Espinoza Celis', 'Garcia De Hevia', '1963-12-25', '1', '2', NULL, 1),
('19631225RJ', 'Rosalva', 'Jaimes', 'Garcia De Hevia', '1963-12-25', '2', '3', NULL, 1),
('19631228JC', 'Javier Marino', 'Chacon Urdaneta', 'Garcia De Hevia', '1963-12-28', '1', '2', NULL, 1),
('19631230SR', 'Saturio', 'Rivera', 'Garcia De Hevia', '1963-12-30', '1', '3', NULL, 1),
('19640106JG', 'Jesus Manuel', 'Gonzalez Pereira', 'Garcia De Hervia', '1964-01-06', '1', '1', NULL, 1),
('19640107CR', 'Cleotilde', 'Roa Milian', 'Garcia De Hevia', '1964-01-07', '2', '1', NULL, 1),
('19640112ID', 'Isabel', 'Delgado Becerra', 'Ribas Verde', '1964-01-12', '2', '1', NULL, 1),
('19640113DV', 'Doris Elvira', 'Vera Carrillo', 'García De Hervia', '1964-01-13', '2', '2', NULL, 1),
('19640119AC', 'Althenagora Alejandro', 'Cañon Sarmiento', 'Garcia De Hevia', '1964-01-19', '1', '2', NULL, 1),
('19640119JC', 'Jiovanni Batista', 'Cañon Sarmiento', 'Garcia De Hevia', '1964-01-19', '1', '2', NULL, 1),
('19640122CG', 'Carlos Ari', 'Galaviz Navarro', 'García De Hervia', '1964-01-22', '0', '2', NULL, 1),
('19640122LC', 'Luz Marina', 'Corredor', 'Garcia De Hevia', '1964-01-22', '2', '3', NULL, 4),
('19640124DM', 'Doris Rosa', 'Marques Castañeda', 'Garcia De Hevia', '1964-01-24', '2', '2', NULL, 1),
('19640125OS', 'Otilio', 'Soto', 'Garcia De Hevia', '1964-01-25', '1', '3', NULL, 1),
('19640125PZ', 'Pedro Jose', 'Zapata Laguado', 'Garcia De Hevia', '1964-01-25', '1', '2', NULL, 1),
('19640126JG', 'Juan Alberto', 'Garcia Vivas', 'Garcia De Hervia', '1964-01-26', '1', '2', NULL, 1),
('19640126MC', 'Matilde De Los Angeles', 'Carrillo Ortega', 'Garcia De Hevia', '1964-01-26', '2', '2', NULL, 1),
('19640127JS', 'Jose Antonio', 'Soto Paez', 'Jose Trinidad Colmenares', '1964-01-27', '1', '2', NULL, 1),
('19640131LZ', 'Luis Higinio', 'Zapata Sanchez', 'Garcia De Hevia', '1964-01-31', '1', '2', NULL, 1),
('19640131RM', 'Ramiro', 'Moncada', 'Garcia De Hevia', '1964-01-31', '1', '3', NULL, 4),
('19640202CS', 'Candelaria', 'Sanchez Contreras', 'Jose Trinidad Colmenares', '1964-02-02', '2', '2', NULL, 1),
('19640208JG', 'Juvenal', 'Gaona Perez', 'Garcia De Hevia', '1964-02-08', '1', '2', NULL, 1),
('19640209PG', 'Pedro Felipe', 'Guerrero Perez', 'Garcia De Hevia', '1964-02-09', '1', '2', NULL, 4),
('19640215JP', 'Jordan Gregorio', 'Perez', 'Garcia De Hevia', '1964-02-15', '1', '3', NULL, 1),
('19640216JB', 'Jose Domingo', 'Blanco', 'Garcia De Hevia', '1964-02-16', '1', '3', NULL, 1),
('19640222YC', 'Yadira', 'Cristancho Fernandez', 'Colon', '1964-02-22', '2', '2', NULL, 1),
('19640223JC', 'Jose Luis', 'Castellano', 'Garcia De Hevia', '1964-02-23', '1', '3', NULL, 1),
('19640223RM', 'Ramon Domingo', 'Moreno', 'García De Hervia', '1964-02-23', '1', '3', NULL, 1),
('19640226OG', 'Omar Antonio', 'Garcia Guerrero', 'Garcia De Hevia', '1964-02-26', '1', '2', NULL, 1),
('19640226PL', 'Pofinio Heriberto', 'Lalas Contreras', 'Garcia De Hevia', '1964-02-26', '1', '2', NULL, 1),
('19640227JM', 'Jose Greogorio', 'Morales', 'Garcia De Hevia', '1964-02-27', '1', '3', NULL, 1),
('19640227LZ', 'Leandro Hiban', 'Zambrano Omaña', 'Garcia De Hevia', '1964-02-27', '1', '2', NULL, 1),
('19640229MC', 'Maria Del Carmen', 'Carreño', 'García De Hervia', '1964-02-29', '2', '3', NULL, 1),
('19640302JC', 'Jose Hector', 'Caceres Perez', 'García De Hervia', '1964-03-02', '1', '2', NULL, 1),
('19640305LA', 'Luis Alfonzo', 'Alviarez', 'Garcia De Hevia', '1964-03-05', '1', '3', NULL, 1),
('19640307MT', 'Maria Tiofila', 'Torrez', 'Garcia De Hevia', '1964-03-07', '2', '3', NULL, 1),
('19640309GM', 'Gricelda De Jesus', 'Murgas Morantes', 'Garcia De Hevia', '1964-03-09', '2', '1', NULL, 1),
('19640310MA', 'Maria Del Carmen', 'Alviarez', 'Garcia De Hevia', '1964-03-10', '2', '3', NULL, 1),
('19640311DD', 'Doris Teresa', 'Duque Roa', 'García De Hervia', '1964-03-11', '2', '2', NULL, 1),
('19640312GP', 'Gregoria Del Carmen', 'Perez Ovalles', 'Garcia De Hevia', '1964-03-12', '2', '2', NULL, 4),
('19640312NB', 'Nancy Marcene', 'Bormita Chacon', 'Garcia De Hevia', '1964-03-12', '2', '1', NULL, 4),
('19640313AF', 'Ana Mercedes', 'Ferrer Afanador', 'Garcia De Hevia', '1964-03-13', '2', '1', NULL, 1),
('19640314AM', 'Adela', 'Monsalve Leal', 'Garcia De Hevia', '1964-03-14', '2', '1', NULL, 1),
('19640314AS', 'Ana Cleotilde', 'Sanchez Guerrero', 'García De Hervia', '1964-03-14', '2', '2', NULL, 1),
('19640314MM', 'Matilde', 'Montañes Ramirez', 'Rivas Verde', '1964-03-14', '2', '1', NULL, 1),
('19640315RE', 'Rigoberto', 'Escalante Perez', 'Garcia De Hevia', '1964-03-15', '1', '1', NULL, 1),
('19640317JP', 'Josefa Susana', 'Perez Zambrano', 'Garcia De Hevia', '1964-03-17', '2', '2', NULL, 1),
('19640318EH', 'Edgar', 'Hernandez Pabon', 'Garcia De Hevia', '1964-03-18', '1', '2', NULL, 1),
('19640318JS', 'Jorge Eliecer', 'Serrano Navarro', 'Garcia De Hevia', '1964-03-18', '1', '2', NULL, 1),
('19640319JU', 'Jesus Ramiro', 'Urbina Orteja', 'Garcia De Hevia', '1964-03-19', '1', '2', NULL, 1),
('19640319SR', 'Sonia Maria', 'Rivera Pernia', 'Garcia De Hevia', '1964-03-19', '2', '2', NULL, 1),
('19640322JC', 'Jose Ramon', 'Chacon Briceño', 'Garcia De Hevia', '1964-03-22', '1', '2', NULL, 4),
('19640322JM', 'Jorge Jesus', 'Medina Mendoza', 'Jose Trinidad Colmenares', '1964-03-22', '1', '2', NULL, 1),
('19640324MR', 'Maria Zelina', 'Reatiga Urbina', 'Garcia De Hevia', '1964-03-24', '2', '2', NULL, 1),
('19640325GG', 'Gisela', 'Guerrero Parada', 'García De Hervia', '1964-03-25', '2', '2', NULL, 1),
('19640327JS', 'Jesus Humberto', 'Sanchez Valera', 'Garcia De Hevia', '1964-03-27', '1', '2', NULL, 1),
('19640328GM', 'Gloria María', 'Mojica Gonzalez', 'García De Hervia', '1964-03-28', '2', '1', NULL, 1),
('19640328JT', 'Jose Ramon', 'Tapa Arenas', 'Colon', '1964-03-28', '1', '1', NULL, 1),
('19640330AR', 'Ana Ylba', 'Ramirez Rangel', 'Garcia De Hevia', '1964-03-30', '2', '2', NULL, 1),
('19640330GL', 'Geovanni Alberto', 'Lopez', 'García De Hervia La Fría', '1964-03-30', '1', '3', NULL, 1),
('19640401HR', 'Hugo', 'Reinosa Paredes', 'Garcia De Hevia', '1964-04-01', '1', '1', NULL, 1),
('19640401OO', 'Oadey Emilio', 'Ortega Correa', 'Garcia De Hevia', '1964-04-01', '1', '1', NULL, 1),
('19640403BO', 'Benito', 'Ortega', 'García De Hervia', '1964-04-03', '1', '3', NULL, 1),
('19640403JR', 'Jose Orlando', 'Roa Vera', 'Garcia De Hevia', '1964-04-03', '1', '2', NULL, 1),
('19640404AS', 'Alexis Isidro', 'Suarez Useche', 'Garcia De Hevia', '1964-04-04', '1', '2', NULL, 1),
('19640404BA', 'Blanca Nieves', 'Acero Villamizar', 'Garcia De Hevia', '1964-04-04', '2', '2', NULL, 1),
('19640404JS', 'Juan De Jesus', 'Silva Parra', 'Garcia De Hevia', '1964-04-04', '1', '1', NULL, 1),
('19640404YR', 'Yolanda Del Carmen', 'Ramirez Ramirez', 'García De Hervia', '1964-04-04', '2', '2', NULL, 1),
('19640405MJ', 'Marcos', 'Jauregui Barboza', 'Garcia De Hevia', '1964-04-05', '1', '2', NULL, 1),
('19640407RR', 'Ramon Gerardo', 'Rivera', 'Garcia De Hevia', '1964-04-07', '1', '3', NULL, 1),
('19640408AM', 'Alirio', 'Medina Carrillo', 'Garcia De Hevia', '1964-04-08', '1', '1', NULL, 1),
('19640412EG', 'Eddita Maria', 'Gil Ramirez', 'Garcia De Hevia', '1964-04-12', '2', '2', NULL, 1),
('19640412SM', 'Silvino', 'Mendoza Alviarez', 'Garcia De Hevia', '1964-04-12', '1', '2', NULL, 1),
('19640416AP', 'Ana Julia', 'Pineda Salas', 'Garcia De Hevia', '1964-04-16', '2', '2', NULL, 1),
('19640416RD', 'Roberto', 'Delgado Hernandez', 'García De Hervia', '1964-04-16', '1', '1', NULL, 1),
('19640418DA', 'Digna Francisca', 'Aguilar Rojas', 'García De Hervia', '1964-04-18', '2', '1', NULL, 1),
('19640418DZ', 'Denso Electerio', 'Zambrano', 'Garcia De Hevia', '1964-04-18', '1', '3', NULL, 1),
('19640419JP', 'Jose Jesy', 'Perez', 'García De Hervia', '1964-04-19', '1', '3', NULL, 1),
('19640420EO', 'Esmeralda', 'Ortiz Jaimes', 'Esta Parroquia', '1964-04-20', '2', '2', NULL, 1),
('19640420OT', 'Omar Alberto', 'Torres Vera', 'Rubio', '1964-04-20', '1', '1', NULL, 1),
('19640420PO', 'Pedro Felipe', 'Ortega Ortega', 'Garcia De Hevia', '1964-04-20', '1', '2', NULL, 1),
('19640423AG', 'Alberto', 'Gomez', 'Garcia De Hevia', '1964-04-23', '1', '3', NULL, 1),
('19640423LP', 'Luis Alberto', 'Perez Sanchez', 'García De Hervia', '1964-04-23', '1', '2', NULL, 1),
('19640427AC', 'Ana Benedicta', 'Cegarra Rojas', 'Jose Trinidad Colmenares', '1964-04-27', '2', '1', NULL, 1),
('19640429JO', 'Jose Antonio', 'Ortega Ortega', 'García De Hervia', '1964-04-29', '1', '2', NULL, 1),
('19640430AC', 'Aura Maria', 'Campos Ramirez', 'García De Hervia', '1964-04-30', '2', '2', NULL, 1),
('19640501MM', 'Miguel Arcangel', 'Moncada Camargo', 'Garcia De Hevia', '1964-05-01', '1', '2', NULL, 1),
('19640504EE', 'Erasmo', 'Espinal', 'García De Hervia', '1964-05-04', '1', '3', NULL, 1),
('19640504LC', 'Luz Evelia', 'Cruz', 'García De Hervia', '1964-05-04', '2', '3', NULL, 1),
('19640505JM', 'Jesus Ismael', 'Marquez Guerra', 'García De Hervia', '1964-05-05', '1', '2', NULL, 1),
('19640508EA', 'Eladio', 'Albomos Perez', 'García De Hervia', '1964-05-08', '1', '1', NULL, 1),
('19640508EC', 'Eulalia Aurora', 'Chacon Contreras', 'García De Hervia', '1964-05-08', '2', '2', NULL, 1),
('19640508GM', 'Guillermina', 'Melo Carrillo', 'García De Hervia', '1964-05-08', '2', '2', NULL, 1),
('19640509CN', 'Crispin Antonio', 'Navarro Miranda', 'García De Hervia', '1964-05-09', '1', '2', NULL, 1),
('19640513EO', 'Ever Jose', 'Ochoa Hernandez', 'García De Hervia', '1964-05-13', '1', '2', NULL, 1),
('19640514CS', 'Carmen Zulay', 'Sanchez', 'García De Hervia', '1964-05-14', '2', '3', NULL, 1),
('19640515HZ', 'Heriberto', 'Zambrano', 'García De Hervia', '1964-05-15', '1', '3', NULL, 1),
('19640516EC', 'Elizabeth', 'Carrillo', 'García De Hervia', '1964-05-16', '2', '3', NULL, 1),
('19640517PD', 'Pascual De Jesus', 'Diaz Garcia', 'García De Hervia', '1964-05-17', '1', '2', NULL, 1),
('19640521VR', 'Virginia Gregoria', 'Robles', 'García De Hervia', '1964-05-21', '2', '2', NULL, 1),
('19640526AC', 'Alix Teresa', 'Cardenas Colmenares', 'Seboruco', '1964-05-26', '2', '2', NULL, 1),
('19640530IA', 'Isabel', 'Arellano Estupiñan', 'García De Hervia', '1964-05-30', '2', '2', NULL, 1),
('19640601JC', 'Juan Pablo', 'Chacon Pineda', 'García De Hervia', '1964-06-01', '1', '1', NULL, 1),
('19640821TS', 'Toni Emilio', 'Sanchez', 'Bejuma- Edo Carabobo', '1964-08-21', '1', '3', NULL, 1),
('19650306JV', 'José Gregorio', 'Villanueva', 'Esta Parroquia', '1965-03-06', '1', '3', NULL, 1),
('19650326JT', 'Juan Bautista', 'Torres Pintero', 'Esta Parroquia', '1965-03-26', '1', '2', NULL, 1),
('19650424JM', 'José Gerardo', 'Márquez', 'El Vigía - Mérida', '1965-04-24', '1', '3', NULL, 1),
('19650603BF', 'Belkis Zeneida', 'Fuentes Sánchez', 'Esta Parroquia', '1965-06-03', '2', '2', NULL, 1),
('19650613CO', 'Carlos', 'Orlando Guerrero', 'Esta Parroquia', '1965-06-13', '1', '3', NULL, 1),
('19650626JC', 'José Orlando', 'Carrero Garnica', 'San Juan De Colón', '1965-06-26', '1', '2', NULL, 1),
('19650720RP', 'Ramón Alirio', 'Parra', 'La Concordia - San Cristobal', '1965-07-20', '1', '3', NULL, 1),
('19650722ID', 'Ildemaro Antonio', 'Diaz Velandria', 'San Sebastian- San Cristobal', '1965-07-22', '1', '1', NULL, 1),
('19650811FR', 'Filomena', 'Rodríguez Rodríguez', 'Esta Parroquia', '1965-08-11', '2', '2', NULL, 1),
('19650822AA', 'Alberto Julio', 'Angarita Santiago', 'Esta Parroquia', '1965-08-22', '1', '2', NULL, 1),
('19650822OH', 'Orlando', 'Hernán Molero', 'Esta Parroquia', '1965-08-22', '1', '3', NULL, 1),
('19650913JM', 'José Elí', 'Mendoza Sánchez', 'Esta Parroquia', '1965-09-13', '1', '2', NULL, 1),
('19651004MA', 'Maribel Del Carmen', 'Adrianza Parra', 'La Parroquia De Mone Grande - Zulia', '1965-10-04', '2', '2', NULL, 1),
('19651009GC', 'Gladys Marleni', 'Carrero Colmenares', 'Seboruco', '1965-10-09', '2', '2', NULL, 1),
('19651020PC', 'Paula Ysolina', 'Carrero', 'Esta Parroquia', '1965-10-20', '2', '3', NULL, 1),
('19651103MR', 'Miriam Zulay', 'Ramírez López', 'Esta Parroquia', '1965-11-03', '2', '1', NULL, 1),
('19651117JM', 'Jorge Eleazar', 'Mousalve', 'Esta Parroquia', '1965-11-17', '1', '3', NULL, 1),
('19651203JD', 'Jorge Luis', 'Diaz Velandria', 'La Concordia', '1965-12-03', '1', '1', NULL, 1),
('19651209SE', 'Sonia Marisol', 'Escalante Castañeda', 'Esta Jurisdicción', '1965-12-09', '2', '2', NULL, 1),
('19651213AO', 'Ana Lucia', 'Ortega', 'José Trinidad Colmenares', '1965-12-13', '2', '3', NULL, 1),
('19651220EM', 'Elda', 'Mojica Davila', 'Esta Parroquias', '1965-12-20', '2', '2', NULL, 1),
('19651220RR', 'Rosa Delia', 'Ropero Omaña', 'Esta Parroquia', '1965-12-20', '2', '2', NULL, 1),
('19660129AM', 'Antonio', 'Martínez Quintero', 'Esta Parroquia', '1966-01-29', '1', '1', NULL, 1),
('19660205WM', 'Wilfredo De Jesus', 'Maldonado', 'Esta Parroquia', '1966-02-05', '1', '2', NULL, 1),
('19660211WL', 'Wiliam Enrique', 'León Sánchez', 'Esta Parroquia', '1966-02-11', '1', '2', NULL, 1),
('19660215HS', 'Hector Eli', 'Suescun Carvajal', 'Esta Parroquia', '1966-02-15', '1', '1', NULL, 1),
('19660217BP', 'Blanca Nubia', 'Palentino', 'Esta Parroquia', '1966-02-17', '2', '3', NULL, 1),
('19660218LA', 'Luzmila', 'Anletís Uribe', 'Esta Parroquia', '1966-02-18', '2', '1', NULL, 1),
('19660301JO', 'Jose Martin', 'Olarte Lopez', 'Esta Parroquia', '1966-03-01', '1', '1', NULL, 1),
('19660307MJ', 'Mariam Lucia', 'Jaimes Fuentes', 'Esta Parroquia', '1966-03-07', '2', '2', NULL, 2),
('19660309CG', 'Carlos Antonio', 'Gutierrez Gonzales', 'Esta Parroquia', '1966-03-09', '1', '1', NULL, 1),
('19660310JS', 'Jose Agustin', 'Sandoval Ramirez', 'Esta Parroquia', '1966-03-10', '1', '1', NULL, 1),
('19660311AM', 'Ana', 'Mercedes', 'Esta Parroquia', '1966-03-11', '2', '1', NULL, 2),
('19660315MP', 'Magaly Esperanza', 'Perez Molina', 'Colon', '1966-03-15', '2', '2', NULL, 1),
('19660326ER', 'Eddy Ziomara', 'Rodriguez', 'Esta Parroquia', '1966-03-26', '2', '3', NULL, 1),
('19660326JR', 'Jeremías', 'Rey Gelvez', 'Esta Parroquia', '1966-03-26', '0', '1', NULL, 1),
('19660327CC', 'Cesar Julio', 'Carrillo Flores', 'Esta Parroquia', '1966-03-27', '1', '1', NULL, 1),
('19660401AG', 'Alix', 'Gomez Delgado', 'Esta Parroquia', '1966-04-01', '2', '3', NULL, 1),
('19660403AA', 'Alevis Domingo', 'Adrianza Rangel', 'Esta Parroquia', '1966-04-03', '1', '2', NULL, 1),
('19660403GG', 'Guillermina', 'Gómez Flores', 'Esta Parroquia', '1966-04-03', '2', '2', NULL, 1),
('19660403MA', 'Manuel Segundo', 'Adrianza Parra', 'Ciudad Ojeda - Zulia', '1966-04-03', '1', '2', NULL, 1),
('19660405DB', 'Dilia', 'Bonza', 'Esta Parroquia', '1966-04-05', '2', '3', NULL, 1),
('19660413JP', 'Jose Del Carmen', 'Pabon Ardila', 'Esta Parroquia', '1966-04-13', '1', '2', NULL, 1),
('19660415NG', 'Nelly Gloria', 'Granadillo', 'La Concordia - San Cristóbal', '1966-04-15', '2', '3', NULL, 1),
('19660415VO', 'Víctor Julio', 'Ortega', 'Esta Parroquia', '1966-04-15', '1', '3', NULL, 1),
('19660417LF', 'Luz Alba', 'Forres Ortíz', 'José Trinidad Colmenares', '1966-04-17', '2', '2', NULL, 1),
('19660422AG', 'Auristela', 'González', 'Esta Parroquia', '1966-04-22', '2', '3', NULL, 1),
('19660422JS', 'José Natividad', 'Silva Carvajal', 'Esta Parroquia', '1966-04-22', '1', '2', NULL, 1),
('19660423AV', 'Ana Sofia', 'Vargas Pernia', 'Colon', '1966-04-23', '2', '2', NULL, 1),
('19660424CC', 'Carmen Ramona', 'Carreño Ramírez', 'Esta Parroquia', '1966-04-24', '2', '2', NULL, 1),
('19660427NR', 'Nora Lucia', 'Rojas Zorro', 'Esta Parroquia', '1966-04-27', '2', '2', NULL, 1),
('19660428NV', 'Nubia', 'Villanoba Vaca', 'Esta Parroquia', '1966-04-28', '2', '2', NULL, 1),
('19660429AM', 'Aura', 'Molina', 'Esta Parroquia', '1966-04-29', '2', '3', NULL, 1),
('19660429JM', 'Jorge', 'Márquez Castañeda', 'Esta Parroquia', '1966-04-29', '1', '2', NULL, 1),
('19660430LL', 'Luz Marina', 'Lavacude Zambrano', 'Esta Parroquia', '1966-04-30', '2', '1', NULL, 1),
('19660501AO', 'Ana Cecilia', 'Ortíz Jiménez', 'Esta Parroquia', '1966-05-01', '2', '2', NULL, 1),
('19660501YO', 'Ysaí', 'Ortega', 'Esta Parroquia', '1966-05-01', '1', '3', NULL, 1),
('19660506HL', 'Hipolito', 'Lizarazo Calbate', 'En Esta Parroquia', '1966-05-06', '1', '1', NULL, 1),
('19660508LG', 'Luis Abelardo', 'Guerrero Sánchez', 'Esta Parroquia', '1966-05-08', '1', '2', NULL, 1),
('19660512PR', 'Pablo Antonio', 'Rosales Morales', 'Esta Parroquia', '1966-05-12', '1', '1', NULL, 1),
('19660514JG', 'José Nerio', 'Gómez Cáceres', 'Esta Parroquia', '1966-05-14', '1', '2', NULL, 1),
('19660519AR', 'Alida', 'Ramírez Sánchez', 'Esta Parroquia', '1966-05-19', '2', '2', NULL, 1),
('19660520CC', 'Cherry Alaín', 'Chaustre Zalazar', 'Esta Parroquia', '1966-05-20', '2', '1', NULL, 1),
('19660521MM', 'Maria Zuley', 'Mora Suarez', 'Esta Parroquia', '1966-05-21', '2', '2', NULL, 1),
('19660523NJ', 'Natividad', 'Jaimes Gonzalez', 'Esta Parroquia', '1966-05-23', '2', '2', NULL, 1),
('19660527CL', 'Carmen Del Socorro', 'Labrador', 'Esta Parroquia', '1966-05-27', '2', '3', NULL, 1),
('19660529RV', 'Rita Elena', 'Vargas Ramos', 'Esta Parroquia', '1966-05-29', '2', '2', NULL, 1),
('19660530EU', 'Edelberto', 'Urbina Ortega', 'Esta Parroquia', '1966-05-30', '1', '2', NULL, 1),
('19660601OG', 'Olga Mireya', 'García Ramírez', 'En Esta Parroquia', '1966-06-01', '2', '2', NULL, 1),
('19660602JP', 'Juan De Dios', 'Paez', 'Esta Parroquia', '1966-06-02', '1', '3', NULL, 2),
('19660602LB', 'Luis Orlando', 'Bolaños Orozco', 'Esta Parroquia', '1966-06-02', '1', '2', NULL, 1),
('19660602OB', 'Osiris Yoleida', 'Baiter Ospina', 'Tovar (Merida)', '1966-06-02', '2', '2', NULL, 1),
('19660605JM', 'José Gregorio', 'Mortiela Contreras', 'Esta Parroquia', '1966-06-05', '0', '1', NULL, 1),
('19660606RP', 'Rodolfo Kendoll', 'Parra Torres', 'Esta Parroquia', '1966-06-06', '1', '1', NULL, 1),
('19660608DG', 'Deisy Naiz', 'Garces Duran', 'Colon', '1966-06-08', '2', '1', NULL, 4),
('19660613IB', 'Irene', 'Bogales Corzo', 'Esta Parroquia', '1966-06-13', '2', '2', NULL, 1),
('19660614LC', 'Lizandro', 'Cristancho', 'Esta Parroquia', '1966-06-14', '1', '3', NULL, 1),
('19660615LZ', 'Lucy Carolina', 'Zadote', 'Esta Parroquia', '1966-06-15', '2', '3', NULL, 1),
('19660625MC', 'María De Jesús', 'Carrillo Rubio', 'Esta Parroquia', '1966-06-25', '2', '2', NULL, 1),
('19660627EV', 'Eleida María', 'Vargas', 'Esta Parroquia', '1966-06-27', '2', '3', NULL, 1),
('19660630FD', 'Freddy Marcial', 'Duque Zambrano', 'En Esta Parroquia', '1966-06-30', '1', '2', NULL, 1),
('19660815FD', 'Franklin Alexis', 'Dias Velandria', 'San Sebastian. San Cristobal', '1966-08-15', '1', '1', NULL, 1),
('19660825ZS', 'Zoraida', 'Sanchez Sanchez', 'Esta Parroquia', '1966-08-25', '2', '1', NULL, 1),
('19661105LM', 'Luis Alberto', 'Melgarejo', 'Esta Parroquia', '1966-11-05', '1', '3', NULL, 1),
('19661122JP', 'Jairo Perez', 'Perez', 'Esta Parroquia', '1966-11-22', '1', '3', NULL, 2),
('19661220DR', 'Doris', 'Redondo', 'Esta Parroquia', '1966-12-20', '2', '3', NULL, 2),
('19661230JZ', 'Jaqueline', 'Zambrano', 'Esta Parroquia', '1966-12-30', '2', '3', NULL, 1),
('19670204BZ', 'Blanca Stella', 'Zapata Castro', 'La Fria', '1967-02-04', '2', '3', NULL, 1),
('19670212MV', 'Miriam Zulay', 'Villamizar', 'Esta Parroquia', '1967-02-12', '2', '3', NULL, 1),
('19670222BC', 'Blanca Florelia', 'Contreras Rojas', 'Esta Parroquia', '1967-02-22', '2', '2', NULL, 2),
('19670309MC', 'Morelys Gerarso', 'Carrero Galvis', 'Esta Parroquia', '1967-03-09', '1', '1', NULL, 2),
('19670317HL', 'Hender', 'Lamise', 'Esta Parroquia', '1967-03-17', '1', '3', NULL, 1),
('19670318GB', 'Gabriel Arcangel', 'Belen Sepulveda', 'Esta Parroquia', '1967-03-18', '1', '2', NULL, 1),
('19670320EL', 'Elizabeth', 'Liscano Cruz', 'Esta Parroquia', '1967-03-20', '2', '3', NULL, 1),
('19670403FG', 'Franklin Jose', 'Garcia Duran', 'Colon', '1967-04-03', '1', '1', NULL, 4),
('19670421LP', 'Luz Marina', 'Panqueba Contreras', 'Esta Parroquia', '1967-04-21', '2', '1', NULL, 1),
('19670529ZS', 'Zoraida Emilia', 'Sanchez', 'Esta Parroquia', '1967-05-29', '2', '3', NULL, 1),
('19670607FF', 'Flor Maria', 'Flores Sánchez', 'Esta Parroquia', '1967-06-07', '2', '3', NULL, 1),
('19670609JA', 'Jesus Antonio', 'Almeira Villamizar', 'Esta Parroquia', '1967-06-09', '1', '2', NULL, 2),
('19670610CR', 'Carlos Julio', 'Roa Protillo', 'Esta Parroquia', '1967-06-10', '1', '3', NULL, 2),
('19670616OM', 'Oscar Gerardo', 'Mendoza Clavijo', 'San Felix', '1967-06-16', '1', '2', NULL, 1),
('19670626RA', 'Rosmaria', 'Arellano Villamizar', 'Esta Parroquia', '1967-06-26', '2', '2', NULL, 1),
('19670704YC', 'Yofre Enrique', 'Contreras Gomez', 'Esta Parroquia', '1967-07-04', '1', '1', NULL, 1),
('19670713NM', 'Nancy Yamire', 'Mayorca Ramirez', 'Esta Parroquia', '1967-07-13', '2', '2', NULL, 1),
('19670726AO', 'Adolfo', 'Ortiz', 'Esta Parroquia', '1967-07-26', '1', '3', NULL, 1),
('19670727TV', 'Tania Xiomara', 'Vila Anfarita', 'Cucuta (colombia)', '1967-07-27', '2', '2', NULL, 1),
('19670803NN', 'Noly De Jesus', 'Narvaez', 'Esta Parroquia', '1967-08-03', '2', '3', NULL, 2),
('19670812JR', 'Jose Domingo', 'Rolon Pabon', 'Esta Parroquia', '1967-08-12', '1', '2', NULL, 1),
('19670816GA', 'Gilberto Antonio', 'Arvianza Parra', 'Esta Parroquia', '1967-08-16', '1', '2', NULL, 1),
('19670823EA', 'Elisabeth', 'Arismendi Caceres', 'Esta Parroquia', '1967-08-23', '2', '2', NULL, 1),
('19670829DB', 'Doris Margarita', 'Bayona', 'Colon', '1967-08-29', '2', '3', NULL, 1),
('19670830JP', 'José Agafito', 'Palacios Suarez', 'Esta Parroquia', '1967-08-30', '1', '0', NULL, 2),
('19670905CM', 'Clara Zulay', 'Mora', 'Seboruco', '1967-09-05', '2', '1', NULL, 1),
('19670906GS', 'Gilberto', 'Sierra Perez', 'Esta Parroquia', '1967-09-06', '1', '1', NULL, 1),
('19670926AE', 'Argimiro', 'Esfinel', 'Esta Parroquia', '1967-09-26', '1', '3', NULL, 1);
INSERT INTO `individuos` (`idInd`, `NomInd`, `ApeInd`, `LugNacInd`, `FecNacInd`, `SexInd`, `FilInd`, `DirInd`, `IdUsu`) VALUES
('19670927JB', 'Jorge Eliecer', 'Bayona Colmenares', 'La Fría', '1967-09-27', '1', '1', NULL, 3),
('19671016RR', 'Rosalba', 'Roa Vera', 'Esta Parroquia', '1967-10-16', '2', '2', NULL, 2),
('19671024GR', 'Gabino', 'Rolon Sierra', 'Esta Parroquia', '1967-10-24', '1', '2', NULL, 1),
('19671029RG', 'Rosa Himelda', 'Guerrero Sánchez', 'Esta Parroquia', '1967-10-29', '2', '2', NULL, 1),
('19671029RS', 'Rosalba', 'Silva Escala', 'Esta Parroquia', '1967-10-29', '2', '2', NULL, 1),
('19671031HG', 'Hector Manuel', 'Guerrero', 'Esta Parroquia', '1967-10-31', '1', '2', NULL, 2),
('19671102HO', 'Herminio', 'Orozco Garcia', 'Esta Parroquia', '1967-11-02', '1', '2', NULL, 2),
('19671104JB', 'Jairo Antonio', 'Becerra', 'Esta Parroquia', '1967-11-04', '1', '3', NULL, 2),
('19671104WR', 'Willians Antonio', 'Roa', 'Esta Parroquia', '1967-11-04', '1', '3', NULL, 2),
('19671105JA', 'José Franklin', 'Alarcón', 'Colon', '1967-11-05', '1', '3', NULL, 3),
('19671110JD', 'Jose Antoni', 'Diaz Florez', 'Esta Parroquia', '1967-11-10', '1', '2', NULL, 1),
('19671119ET', 'Elias', 'Tovar Omaña', 'Esta Parroquia', '1967-11-19', '1', '3', NULL, 2),
('19671119YB', 'Yoleida', 'Beltran', 'Esta Parroquia', '1967-11-19', '2', '3', NULL, 1),
('19671128BV', 'Blanca Mery', 'Valderrama Parada', 'Esta Parroquia', '1967-11-28', '2', '1', NULL, 1),
('19671129NC', 'Neida Marlene', 'Chavez Macias', 'San Juan De Colon', '1967-11-29', '2', '2', NULL, 1),
('19671202AC', 'Alexis Enrrique', 'Carrilo Vera', 'Esta Parroquia', '1967-12-02', '1', '1', NULL, 2),
('19671205BG', 'Belen', 'Galvis Fantecha', 'Esta Parroquia', '1967-12-05', '2', '2', NULL, 2),
('19671208CP', 'Consuelo', 'Pineda', 'Esta Parroquia', '1967-12-08', '2', '3', NULL, 2),
('19671210FR', 'Feliberto', 'Rosales Buitrago', 'Esta Parroquia', '1967-12-10', '1', '3', NULL, 1),
('19671213HV', 'Haydee', 'Vivas Roso', 'Esta Parroquia', '1967-12-13', '2', '1', NULL, 1),
('19671215EM', 'Esnilda', 'Martinez', 'Esta Parroquia', '1967-12-15', '2', '3', NULL, 1),
('19671217PN', 'Pedro Pablo', 'Neira Escolante', 'Esta Parroquia', '1967-12-17', '1', '1', NULL, 1),
('19671220JM', 'Julio Cesar', 'Moreno Robles', 'Seboruco', '1967-12-20', '1', '3', NULL, 1),
('19671228AB', 'Alexis Antonio', 'Bormitad Chacon', 'Esta Parroquia', '1967-12-28', '1', '2', NULL, 1),
('19680101RG', 'Rosalba', 'Guerrero Contreras', 'Seboruco', '1968-01-01', '2', '2', NULL, 1),
('19680104LP', 'Luz Marina', 'Parra', 'Esta Parroquia', '1968-01-04', '2', '3', NULL, 2),
('19680104RD', 'Rosa Maria', 'Duque Silva', 'Esta Parroquia', '1968-01-04', '0', '2', NULL, 1),
('19680107CA', 'Carmen Judith', 'Atcesta', 'Esta Parroquia', '1968-01-07', '2', '3', NULL, 1),
('19680110MV', 'Maria Gregoria Del Carmen', 'Valbuena Zambrano', 'Esta Parroquia', '1968-01-10', '2', '2', NULL, 1),
('19680121JL', 'Jose Feliciano', 'Lavacude Zambrano', 'Esta Parroquia', '1968-01-21', '1', '2', NULL, 2),
('19680123ZB', 'Zuladis Belen', 'Boada Sierra', 'Esta Parroquia', '1968-01-23', '2', '2', NULL, 1),
('19680124MZ', 'Marino Antonio', 'Zambrano Chacon', 'Esta Parroquia', '1968-01-24', '1', '2', NULL, 1),
('19680126IR', 'Irma Vianey', 'Roa Luzardo', 'Esta Parroquia', '1968-01-26', '2', '2', NULL, 1),
('19680126JA', 'Jose Ramón', 'Arias Contretas', 'Esta Parroquia', '1968-01-26', '1', '3', NULL, 2),
('19680127RR', 'Rosalba', 'Roa Medina', 'Esta Parroquia', '1968-01-27', '2', '3', NULL, 1),
('19680128IC', 'Isabel', 'Chacon', 'Esta Parroquia', '1968-01-28', '0', '3', NULL, 1),
('19680130LV', 'Leonora', 'Valderrama', 'Esta Parroquia', '1968-01-30', '2', '3', NULL, 1),
('19680229JG', 'Jose Dabiv', 'Guerrero', 'Esta Parroquia', '1968-02-29', '1', '3', NULL, 1),
('19680401YU', 'Yadexi Edith', 'Urdaneta', 'Esta Juridicion', '1968-04-01', '2', '3', NULL, 4),
('19680518NF', 'Nelvis Yadira', 'Farces Duran', 'Colon', '1968-05-18', '2', '1', NULL, 4),
('19680518OA', 'Oscar Vergel', 'Alarcon', 'La Fria', '1968-05-18', '1', '1', NULL, 1),
('19680525MO', 'Marilin', 'Ortega Tolosa', 'Esta Juridicion', '1968-05-25', '2', '3', NULL, 1),
('19680527NB', 'Nancy Yurley', 'Borrero Salcedo', 'La Fria', '1968-05-27', '2', '1', NULL, 3),
('19680531TZ', 'Thomas Alberto', 'Zapata Castro', 'La Fria', '1968-05-31', '0', '3', NULL, 1),
('19680604AM', 'Adolfo Nicanor', 'Manry Chia', 'M Jose T Colmenares', '1968-06-04', '1', '1', NULL, 1),
('19680605ER', 'Elcida Yanett', 'Rivera Arenal', 'Colon', '1968-06-05', '2', '1', NULL, 1),
('19680729JR', 'Jose Javier', 'Ramirez', 'LA FRIA', '1968-07-29', '1', '3', NULL, 1),
('19680805LM', 'Luz Celeste', 'Montiel', 'M San Carlos De Zulia', '1968-08-05', '2', '3', NULL, 1),
('19680903LP', 'Luis Eduardo', 'Pinzon Maldonado', 'Boca De Grita', '1968-09-03', '0', '1', NULL, 1),
('19680909JA', 'Jaime Enrique', 'Ariza Santamaria', 'La Fria', '1968-09-09', '1', '2', NULL, 3),
('19681029ER', 'Edgar', 'Rodriguez', 'Colon', '1968-10-29', '1', '3', NULL, 1),
('19681101IC', 'Irma Oliva', 'Calderon Paez', 'Esta Juridicion', '1968-11-01', '2', '3', NULL, 1),
('19681101RV', 'Rodrigo', 'Vargas Alvares', 'La Frria', '1968-11-01', '1', '3', NULL, 1),
('19681106AB', 'Ana Isabel', 'Belen Sepulbeda', 'La Fria', '1968-11-06', '2', '2', NULL, 1),
('19681108FZ', 'Fredy Jose', 'Zambrano', 'Rivas Berti', '1968-11-08', '1', '3', NULL, 1),
('19681127PC', 'Pedro Jose', 'Chacon Bohada', 'Esta Jurisdicción', '1968-11-27', '1', '1', NULL, 1),
('19681205JC', 'Janette Maria', 'Contreras', 'Esta Jurisdicción', '1968-12-05', '2', '3', NULL, 1),
('19681209JS', 'Jose De La Rosa', 'Serrano Ontiveros', 'Esta Juridicion', '1968-12-09', '1', '2', NULL, 1),
('19681210MS', 'Magaly', 'Sanchez Silva', 'Esta Juridicion', '1968-12-10', '2', '1', NULL, 4),
('19681217LM', 'Lilia', 'Mireya Zambrano', 'La Fria', '1968-12-17', '2', '2', NULL, 1),
('19681217ZH', 'Zaida Beatriz', 'Hernandez', 'Colon', '1968-12-17', '2', '3', NULL, 1),
('19681218AC', 'Ana Lucia', 'Castellanos Molina', 'La Fria', '1968-12-18', '2', '1', NULL, 3),
('19690102MC', 'Maria Auxiliadora', 'Cardoso', 'Esta Juridicion', '1969-01-02', '2', '1', NULL, 4),
('19690117CB', 'Camen Maribel', 'Bermudez Izarra', 'Esta Juridicion', '1969-01-17', '2', '2', NULL, 1),
('19690118FG', 'Freddy Hernan', 'Gonsalez Pereira', 'Esta Jurisdicción', '1969-01-18', '1', '1', NULL, 1),
('19690128JR', 'Jose Ricardo', 'Ramirez Quiroz', 'Esta Jurisdicción', '1969-01-28', '1', '2', NULL, 1),
('19690202AR', 'Abigail', 'Rodriguez Cardenas', 'Esta Juridicion', '1969-02-02', '1', '1', NULL, 4),
('19690206RV', 'Ruben Raemis', 'Varela Escalante', 'La Fria', '1969-02-06', '1', '1', NULL, 2),
('19690216JL', 'Jose Angel', 'Lindarte', 'Ma San Carlos Del Zulia', '1969-02-16', '1', '3', NULL, 4),
('19690227NR', 'Nibia Maritza', 'Rincon Parra', 'Esta Jurisdicción', '1969-02-27', '2', '1', NULL, 1),
('19690303EM', 'Ervin', 'Melendez Torres', 'La Fria', '1969-03-03', '1', '2', NULL, 1),
('19690306PB', 'Pablo Vidal', 'Becerra Guerrero', 'La Fria', '1969-03-06', '1', '1', NULL, 1),
('19690317AC', 'Alba Lucia', 'Cano Monsalve', 'Esta Jurisdicción', '1969-03-17', '2', '2', NULL, 1),
('19690330BS', 'Belkis Olaida', 'Sanchez Rosales', 'Esta Juridicion', '1969-03-30', '2', '1', NULL, 4),
('19690407HM', 'Henry Simeon', 'Marquez Valero', 'Esta Jurisdicción', '1969-04-07', '1', '1', NULL, 1),
('19690415JM', 'Jairo Enrique', 'Mireya', 'Esta Juridicion', '1969-04-15', '1', '3', NULL, 4),
('19690426EM', 'Eva', 'Martinez Espinosa', 'Esta Jurisdicción', '1969-04-26', '2', '2', NULL, 1),
('19690429EL', 'Eliecer', 'Lozano', 'Esta Jurisdicción', '1969-04-29', '1', '3', NULL, 1),
('19690503OB', 'Osmar Humberto', 'Bernal', 'Boca De Grita', '1969-05-03', '1', '3', NULL, 1),
('19690506JA', 'Jose Alberto', 'Ariza Higuerra', 'Esta Jurisdicción', '1969-05-06', '1', '2', NULL, 1),
('19690515LC', 'Luz Marina', 'Costero Montero', 'Boca De Grita', '1969-05-15', '2', '1', NULL, 1),
('19690517IZ', 'Ivan Jose', 'Zambrano', 'Esta Juridicion', '1969-05-17', '1', '3', NULL, 1),
('19690525LA', 'Luz Lundery', 'Alba', 'Jose T Colmenares', '1969-05-25', '2', '3', NULL, 4),
('19690604RR', 'Roy Raul', 'Rojas Herrera', 'Esta Jurisdicción', '1969-06-04', '1', '1', NULL, 1),
('19690608AC', 'Amado De Jesus', 'Cardenas', 'Esta Juridicion', '1969-06-08', '1', '3', NULL, 4),
('19690610NO', 'Nelson', 'Ortiz Contreras', 'Esta Juridicion', '1969-06-10', '1', '2', NULL, 1),
('19690615AR', 'Alexander', 'Rodriguez Moreno', 'La Fria', '1969-06-15', '1', '1', NULL, 1),
('19690620AQ', 'Antonio Jose', 'Quintero', 'Esta Juridicion', '1969-06-20', '1', '1', NULL, 4),
('19690622LR', 'Laura Mercides', 'Rivera Arenal', 'Colon', '1969-06-22', '2', '1', NULL, 1),
('19690624JG', 'Jose Gregorio', 'Guerrero Jaimes', 'Esta Jurisdicción', '1969-06-24', '1', '2', NULL, 1),
('19690628ER', 'Edgar', 'Ramirez Molina', 'Esta Jurisdicción', '1969-06-28', '1', '1', NULL, 1),
('19690628II', 'Ida Gira', 'Isea Rodriguez', 'Esta Jurisdicción', '1969-06-28', '2', '1', NULL, 1),
('19690705AI', 'Andrés Avelino', 'Ibarra Ibarra', 'La Fria', '1969-07-05', '1', '2', NULL, 3),
('19690717JP', 'Julio Cesar', 'Patro', 'Esta Juridicion', '1969-07-17', '1', '3', NULL, 4),
('19690724MC', 'Marisol', 'Chaparro', '', '1969-07-24', '2', '1', NULL, 3),
('19690729LG', 'Luis Jorge', 'Garcia Murillo', 'Esta Juridicion', '1969-07-29', '1', '3', NULL, 1),
('19690801JC', 'Jorge Sierra', 'Cuadros', 'Esta Juridicion', '1969-08-01', '1', '2', NULL, 4),
('19690809NL', 'Nancy Janeth', 'Lizararzo', 'Esta Jurisdicción', '1969-08-09', '2', '1', NULL, 1),
('19690815WS', 'Wiliam Franklin', 'Salcedo', 'La Fria', '1969-08-15', '1', '3', NULL, 1),
('19690818OD', 'Oscar Dixon', 'Depablo', 'Esta Juridicion', '1969-08-18', '1', '3', NULL, 4),
('19690821LR', 'Luz Mery', 'Rivero Aguilar', 'Esta Jurisdicción', '1969-08-21', '2', '3', NULL, 1),
('19690824OA', 'Olga Maria', 'Aceros Sanchez', 'Esta Juridicion', '1969-08-24', '2', '1', NULL, 4),
('19690827AV', 'Abigail', 'Valencia Guerrero', 'Esta Jurisdicción', '1969-08-27', '1', '2', NULL, 1),
('19690901JR', 'Jose Felix', 'Ramirez', 'Esta Juridicion', '1969-09-01', '1', '3', NULL, 4),
('19690909DS', 'Diocelina', 'Silva Marquez', 'Esta Juridicion', '1969-09-09', '2', '1', NULL, 4),
('19690909YB', 'Yexolina Talias', 'Bonvilla Urdaneta', 'Colon', '1969-09-09', '2', '1', NULL, 1),
('19690910MR', 'Martha Yolimar', 'Rosales Sandia', 'Colon', '1969-09-10', '2', '1', NULL, 4),
('19690910NZ', 'Nelson Enrique', 'Zambrano Quintero', 'Esta Jurisdicción', '1969-09-10', '1', '1', NULL, 1),
('19690913PC', 'Pastor Reina', 'Castillo', 'Esta Juridicion', '1969-09-13', '1', '2', NULL, 4),
('19690915YO', 'Yajaira Jackeline', 'Otero Medina', 'Colon', '1969-09-15', '2', '3', NULL, 4),
('19690930DI', 'Deysi Rafaela', 'Izarra Garcia', 'Esta Juridicion', '1969-09-30', '2', '2', NULL, 4),
('19691001BC', 'Belkis', 'Contreras', 'La Fria', '1969-10-01', '2', '3', NULL, 1),
('19691001DE', 'Delia Rosa', 'Espinosa Hernandez', 'Esta Jurisdicción', '1969-10-01', '2', '1', NULL, 1),
('19691002SQ', 'Sabtos Teresa', 'Quintero', 'Esta Juridicion', '1969-10-02', '2', '2', NULL, 4),
('19691003OR', 'Omar David', 'Rondón Pérez', 'La Fria', '1969-10-03', '1', '2', NULL, 3),
('19691007MD', 'Marcos Alexander', 'Duque Roa', 'Esta Juridicion', '1969-10-07', '1', '3', NULL, 4),
('19691010IP', 'Ivan Dario', 'Perez Davila', 'La Fria', '1969-10-10', '1', '2', NULL, 1),
('19691019CP', 'Carlos Alexis', 'Pineda Piñero', 'Esta Juridicion', '1969-10-19', '1', '2', NULL, 4),
('19691019MO', 'Mary Isabel', 'Oballos Escalane', 'Esta Jurisdicción', '1969-10-19', '2', '2', NULL, 1),
('19691020NM', 'Nubia Esther', 'Moreno Bayona', 'Esta Jurisdicción', '1969-10-20', '2', '1', NULL, 1),
('19691020YN', 'Yoli Maide', 'Navarro Camillo', 'Esta Jurisdicción', '1969-10-20', '2', '3', NULL, 1),
('19691023GL', 'Gerardo', 'Luna', 'Esta Jurisdicción', '1969-10-23', '1', '1', NULL, 1),
('19691026MA', 'Magaly', 'Araña Conde', 'Esta Jurisdicción', '1969-10-26', '2', '2', NULL, 1),
('19691030JR', 'Julio Cesar', 'Ruiz Pernia', 'Esta Juridicion', '1969-10-30', '1', '3', NULL, 1),
('19691030PG', 'Pedro Alfonso', 'Guerrero Rojas', 'Esta Juridicion', '1969-10-30', '1', '2', NULL, 4),
('19691101NG', 'Nancy Ludith', 'Gutiérrez', 'Colon', '1969-11-01', '2', '3', NULL, 1),
('19691105JM', 'Jesus Alexis', 'Marquez Navarro', 'Esta Juridicion', '1969-11-05', '1', '2', NULL, 4),
('19691109CM', 'Carlos Luis', 'Mendoza Garcia', 'Esta Juridicion', '1969-11-09', '1', '2', NULL, 4),
('19691111JS', 'Jose Jesus', 'Sarmiento', 'Esta Juridicion', '1969-11-11', '1', '3', NULL, 1),
('19691112EM', 'Eymar Jose', 'Montoya Guerrero', 'La Fria', '1969-11-12', '1', '2', NULL, 1),
('19691112GS', 'Gloris Marleni', 'Sanchez Colmenarez', 'La Fria', '1969-11-12', '2', '2', NULL, 1),
('19691127CS', 'Carmen Milagros', 'Sepulveda', 'Esta Jurisdicción', '1969-11-27', '2', '3', NULL, 1),
('19691209IS', 'Isabel', 'Santander Rodriguez', 'Esta Juridicion', '1969-12-09', '2', '2', NULL, 1),
('19691214LC', 'Luis Humberto', 'Contreras Contreras', 'Esta Juridicion', '1969-12-14', '1', '1', NULL, 4),
('19691227MS', 'Maria Leonor', 'Sanchez', 'Esta Juridicion', '1969-12-27', '2', '3', NULL, 4),
('19700108LC', 'Lorenzo', 'Contreras', 'La Fría', '1970-01-08', '1', '3', NULL, 1),
('19700307NT', 'Noe', 'Tobasia Rincon', 'La Fria', '1970-03-07', '1', '2', NULL, 1),
('19700315AB', 'Ana Julieta', 'Bracho Salcedo', 'Esta Jurisdicción', '1970-03-15', '2', '2', NULL, 1),
('19700403MC', 'Maria Auxiliadora', 'Cardenas', 'M Seboruco', '1970-04-03', '2', '3', NULL, 1),
('19700618SL', 'Senobia', 'Lozano Lozano', 'Esta Juridiccion', '1970-06-18', '2', '1', NULL, 1),
('19700902JB', 'Jose Daniel', 'Beleño Martinez', 'Esta Jurisdicción', '1970-09-02', '1', '1', NULL, 1),
('19700913RO', 'Ruben', 'Ortega Balnco', 'Esta Juridiccion', '1970-09-13', '1', '1', NULL, 1),
('19700919JB', 'Jose Rodrigo', 'Belén Sepúlveda', 'La Fria', '1970-09-19', '1', '2', NULL, 2),
('19701013MT', 'Mirian Cecilia', 'Torres Urbina', 'La Fria', '1970-10-13', '2', '1', NULL, 1),
('19701019RA', 'Ramon', 'Arellano Barrera', 'Esta Jurisdicción', '1970-10-19', '1', '1', NULL, 1),
('19701021YR', 'Yelitza Maxiel', 'Rojas Contreras', 'Esta Jurisdicción', '1970-10-21', '2', '2', NULL, 1),
('19701030MG', 'Manuel Esteban', 'Gonzalez', 'Esta Jurisdiccion', '1970-10-30', '1', '3', NULL, 1),
('19701216CC', 'Carmen Zulima', 'Canquis Medina', 'M Colon', '1970-12-16', '2', '1', NULL, 1),
('19710102JC', 'Jose Porfirio', 'Cardozo Pineda', 'Esta Jurisdiccion', '1971-01-02', '1', '1', NULL, 1),
('19710108JM', 'Jose Gregorio', 'Mojica Gonzales', 'La Fria', '1971-01-08', '0', '1', NULL, 1),
('19710115CO', 'Clenis Zoraida', 'Ortega', 'Esta Jurisdiccion', '1971-01-15', '2', '3', NULL, 1),
('19710301IM', 'Iria Tibisay', 'Moncada Figueroa', 'Colon', '1971-03-01', '2', '2', NULL, 1),
('19710301LC', 'Luis Ulises', 'Castaño', 'La Fria', '1971-03-01', '1', '3', NULL, 2),
('19710302JD', 'Jose Felix', 'Duque Silva', 'Esta Jurisdicción', '1971-03-02', '1', '2', NULL, 1),
('19710310JC', 'Jairo Eli', 'Chacon', 'LA FRIA', '1971-03-10', '0', '3', NULL, 1),
('19710326JJ', 'Jairo Enrrique', 'Jaimes Roso', 'La Fria', '1971-03-26', '1', '1', NULL, 1),
('19710411JC', 'Jonny Javier', 'Cáceres Velázquez', 'La Fria', '1971-04-11', '1', '1', NULL, 2),
('19710414CP', 'Carlos Humberto', 'Pernia Moreno', 'Esta Jurisdiccion', '1971-04-14', '1', '2', NULL, 1),
('19710416MM', 'Maria Antonia', 'Martinez Ramirez', 'ESTA Jurisdicción', '1971-04-16', '2', '1', NULL, 1),
('19710417WS', 'Wilmer', 'Suares Roa', 'Esta Jurisdiccion', '1971-04-17', '0', '1', NULL, 1),
('19710427JC', 'Jose Heriberto', 'Cardenas', 'M. Seboruco', '1971-04-27', '1', '3', NULL, 1),
('19710503RN', 'Raul Alonso', 'Niño Altuve', 'La Fria', '1971-05-03', '1', '1', NULL, 2),
('19710505IM', 'Iris Tibisay', 'Moncada Figuera', 'En Colón', '1971-05-05', '2', '2', NULL, 1),
('19710511LR', 'Leopoldo Valencia', 'Rangel', 'Esta Jurisdicción', '1971-05-11', '1', '2', NULL, 1),
('19710521LC', 'Luis Alfonso', 'Contreras', 'Esta Jurisdiccion', '1971-05-21', '1', '3', NULL, 1),
('19710524OH', 'Oscar Eduardo', 'Hidalgo Rosales', 'Esta Jurisdicción', '1971-05-24', '1', '1', NULL, 1),
('19710525FV', 'Fernando Manuel', 'Valero Parada', 'Esta Jurisdicción', '1971-05-25', '1', '2', NULL, 1),
('19710531AP', 'Angel Maria', 'Perez', 'San Felix', '1971-05-31', '1', '2', NULL, 1),
('19710603CG', 'Carlos Alfonso', 'Garcia Galvis', 'Esta Jurisdiccion', '1971-06-03', '1', '2', NULL, 1),
('19710617MR', 'Marisela', 'Rondón Pérez', 'La Fria', '1961-06-17', '2', '2', NULL, 2),
('19710621LB', 'Lus Marina', 'Barillas Rojas', 'La Fria', '1961-06-21', '2', '1', NULL, 2),
('19710629EJ', 'Edgar Herman', 'Jaimes Jaimes', 'LA FRIA', '1971-06-29', '1', '2', NULL, 1),
('19710630JC', 'Jose Alenxander', 'Chacon Rondon', 'Anaco Anzoategui', '1971-06-30', '1', '2', NULL, 1),
('19710703CR', 'Charon Luneth', 'Ramirez Delgado', 'La Fria', '1961-07-03', '2', '2', NULL, 2),
('19710704BM', 'Berta Rosa', 'Marquez', 'En Esta Parroquia', '1961-07-04', '2', '2', NULL, 1),
('19710707JL', 'Jose Alejandro', 'Losano', 'La Fria', '1961-07-07', '0', '3', NULL, 2),
('19710714MB', 'Maria Yolanda', 'Buitriago', 'Esta Parroquia', '1961-07-14', '2', '3', NULL, 1),
('19710714MT', 'Maria Esther', 'Torres', 'Esta Jurisdicción', '1971-07-14', '2', '3', NULL, 1),
('19710715MA', 'Mary Luz', 'Acuña', 'M. Colon', '1971-07-15', '2', '3', NULL, 1),
('19710722AC', 'Ana Virginia', 'Camacho', 'Esta Parroquia', '1961-07-22', '2', '2', NULL, 1),
('19710725LC', 'Libeth Yomira', 'Contreras', 'Esta Jurisdicción', '1971-07-25', '2', '3', NULL, 1),
('19710726ML', 'Maria Elena', 'Labrador Perez', 'EN TARIBA', '1971-07-26', '2', '2', NULL, 1),
('19710729EC', 'Esperanza', 'Carvajal', 'Sacrado Corazon De Jesus', '1961-07-29', '2', '3', NULL, 1),
('19710801FA', 'Fredy Orlando', 'Alvarado Rodriguez', 'La Fria', '1971-08-01', '1', '1', NULL, 2),
('19710807MC', 'Martin Eloy', 'Colmenares Orozco', 'Nueva Bolivia Merida', '1971-08-07', '1', '2', NULL, 1),
('19710817SM', 'Sonia Yamile', 'Martinez', 'Esta Jurisdicción', '1971-08-17', '2', '3', NULL, 1),
('19710819MV', 'Maria Rosa', 'Vargaz Romero', 'La Fria', '1971-08-19', '2', '2', NULL, 1),
('19710824JO', 'Jesus Manuel', 'Ortega', 'San Felix', '1961-08-24', '1', '2', NULL, 1),
('19710829JE', 'Jose Gregorio', 'Espinel Gelvez', 'Esta Jurisdicción', '1971-08-29', '1', '2', NULL, 1),
('19710901VR', 'Victor Manuel', 'Ruiz Duran', 'Esta Jurisdiccion', '1971-09-01', '1', '1', NULL, 1),
('19710911HV', 'Henrry Orlando', 'Valero', 'Esta Parroquia', '1961-09-11', '1', '2', NULL, 1),
('19760517PL', 'Pablo Antonio', 'Lopez Rojas', 'En Esta Juridiccion', '1976-05-17', '1', '1', NULL, 1),
('19760727ZA', 'Zulay Del Valle', 'Anzoategui Vega', 'En Esta Juridiccion', '1976-07-27', '2', '2', NULL, 1),
('19770504HF', 'Hector Ramon', 'Franco', 'En Esta Juridiccion', '1977-05-04', '1', '3', NULL, 1),
('19770602MR', 'Mery Janett', 'Rojas Zorro', 'En Esta Juridiccion', '1977-06-02', '0', '2', NULL, 1),
('19770725CJ', 'Carlos Julio', 'Jaime Moreno', 'En Esta Juridiccion', '1977-07-25', '1', '2', NULL, 1),
('19770727GM', 'Gloria Maria', 'Molina Chacon', 'Esta Parroquia', '1977-07-27', '2', '2', NULL, 2),
('19770812MG', 'Maria Clara', 'Galvis', 'En Esta Juridiccion', '1977-08-12', '2', '3', NULL, 1),
('19770814ND', 'Ninfa', 'Diaz Rangel', 'En Esta Juridiccion', '1977-08-14', '2', '2', NULL, 1),
('19770818JE', 'Jesús Orlando', 'Estrada', 'Colon', '1977-08-18', '1', '3', NULL, 1),
('19771017NS', 'Nelsy', 'Soto Vianchada', 'En Esta Juridiccion', '1977-10-17', '2', '2', NULL, 1),
('19771101GR', 'Graciliana', 'Ridriguez Rodriguez', 'En Esta Juridiccion', '1977-11-01', '2', '2', NULL, 1),
('19771105AR', 'Alix Maria', 'Ramirez', 'En Esta Juridiccion', '1977-11-05', '2', '3', NULL, 1),
('19771128WR', 'Wilmer Roman', 'Rosales Cardenas', 'La Fria', '1977-11-28', '1', '1', NULL, 1),
('19780122AC', 'Ana Gustina', 'Cardenas Medina', 'Capacho', '1978-01-22', '2', '2', NULL, 1),
('19780131AD', 'Ana Janett', 'Delgado', 'En Esta Juridiccion', '1978-01-31', '0', '3', NULL, 1),
('19780201CN', 'Carmen Rosa', 'Noruega Portillo', 'En Esta Juridiccion', '1978-02-01', '2', '1', NULL, 1),
('19780211GR', 'Gregorio Ramon', 'Rosales Contreras', 'En Esta Juridiccion', '1978-02-11', '1', '1', NULL, 1),
('19780212MC', 'Maria Eulalia', 'Contreras Roa', 'En Esta Juridiccion', '1978-02-12', '2', '2', NULL, 1),
('19780525LC', 'Luis Alfredo', 'Camillo Lurado', 'La Fria', '1978-05-25', '1', '1', NULL, 1),
('19780909GO', 'Gladis Maria', 'Ortega Rodriguez', 'La Fria', '1978-09-09', '2', '2', NULL, 1),
('19790416LM', 'Luciana Del Socorro', 'Moncada Pabón', 'La Fría', '1979-04-16', '2', '2', NULL, 1),
('19790429MF', 'Maria Trina', 'Flores Gil', 'La Fria', '1979-04-29', '0', '1', NULL, 1),
('19790704ZM', 'Zoraida', 'Mora Ortiz', 'La Fria', '1979-07-04', '2', '1', NULL, 1),
('19790824GB', 'George Alix', 'Bayona', 'Colon', '1979-08-24', '1', '3', NULL, 1),
('19790926EZ', 'Eliomar', 'Zambrano', 'La Fria', '1979-09-26', '1', '3', NULL, 1);

INSERT INTO `individuo_celebracion` (`IdInd`, `IdCel`, `RegCiv`, `NotMar`) VALUES
('19550620LC', 1, '', ''),
('19550329AD', 2, '', ''),
('19551002JR', 3, '', ''),
('19551002TG', 4, '', ''),
('19620321EA', 8288, '', ''),
('19770818JE', 13514, '', ''),
('19551014CN', 5, '', ''),
('19770727GM', 12001, '', ''),
('19550731DB', 6, '', ''),
('19710411JC', 15008, '376', 'Contrajo matrimonio con Maria Antonia Velázquez, en la parroquia de San Antonio Zulia. Notes.S el 4/12/93'),
('19710729EC', 6129, '', ''),
('19550920JP', 7, '', ''),
('19650811FR', 10507, '', 'Contrajo matrimonio con Sergio Guerrero el 28-11-1996 en San José de Colón'),
('19550306JM', 8, '', ''),
('19650424JM', 10508, '', ''),
('19551025HE', 9, '', ''),
('19581004DH', 2174, '', ''),
('19670309MC', 12002, '', ''),
('19640312GP', 8289, '', ''),
('19790416LM', 13515, '', ''),
('19710704BM', 6130, '', ''),
('19660311AM', 12003, '', ''),
('19550405JQ', 10, '', ''),
('19780525LC', 13516, '', ''),
('19710617MR', 15009, '594.71', ''),
('19660403AA', 10509, '', ''),
('19671104WR', 12004, '', ''),
('19541202GG', 11, '', ''),
('19660429AM', 10510, '', ''),
('19540306JC', 8290, '', 'Contrajo matrimonio con Narle Kenelva Mojasalve en la parroquia quezmar y Cristobal el 20-01-1996 '),
('19671202AC', 12005, '', ''),
('19580822JL', 2175, '', ''),
('19780909GO', 13517, '', ''),
('19551015GD', 12, '', 'contrajo matrimomio con jeronimo ramirez torres en la p.n.s del socorro de san cristobal el 07/ene/1.978'),
('19700919JB', 15010, '872.70', ''),
('19631119NQ', 8291, '', ''),
('19651004MA', 10511, '', ''),
('19551026JP', 13, '', ''),
('19660307MJ', 12006, '', ''),
('19550127MA', 14, '', ''),
('19660403MA', 10512, '', ''),
('19630829GH', 8292, '', ''),
('19671104JB', 12007, '', ''),
('09710422CG', 15011, '366.71', ''),
('19771128WR', 13518, '', ''),
('19581022FP', 2176, '', ''),
('19671208CP', 12008, '', ''),
('19650626JC', 10513, '', ''),
('19790429MF', 13519, '', ''),
('19710621LB', 15012, '562.71', ''),
('19550811JP', 16, '', ''),
('19671031HG', 12009, '', 'contrajo matrimonio con Jidda Marbella Adrianza el 18--06-88 en esta parroquia'),
('19660417LF', 10514, '', ''),
('19710911HV', 6132, '', ''),
('19670830JP', 12010, '', ''),
('19581020MS', 2177, '', ''),
('19790926EZ', 13520, '', ''),
('19650613CO', 10515, '', ''),
('19550326FP', 17, '', ''),
('19680121JL', 12011, '', ''),
('19690206RV', 15013, '181.69', 'contrajo matrimonio en esta parroquia Nelly pereza Sepúlveda 22/12/1995'),
('19660403GG', 10516, '', ''),
('19640131RM', 8294, '', ''),
('19550102JA', 18, '', ''),
('19580603FR', 2178, '', ''),
('19710301LC', 15014, '328.71', ''),
('19700108LC', 13932, '', ''),
('19670222BC', 12012, '', ''),
('19550905MC', 19, '', ''),
('19710722AC', 6133, '', ''),
('19581025RP', 2179, '', ''),
('19651020PC', 10517, '', ''),
('19551030SH', 20, '', ''),
('19671119ET', 12013, '', ''),
('19630125LQ', 8295, '', ''),
('19710707JL', 15015, '637.71', 'contrajo matrimonio con trinidad Pérez sanchez. en el saprario, catredral-el 31/12/1996'),
('19580404CM', 2180, '', ''),
('19650603BF', 10518, '', ''),
('19790704ZM', 13521, '', 'Contrajo matrimonio con Sotero Gallo el 31/12/92 en la parroquia de S.camilo-el Nula  '),
('19630929CM', 8993, '', 'contrajo matrimonio con Jose Gregorio Chacon Flores en esta parroquia el dia 19-03-1981.'),
('19710714MB', 6134, '', ''),
('19660519AR', 10519, '', ''),
('19611210DJ', 8296, '', ''),
('09700901RO', 15016, '123.70', ''),
('19680104LP', 12014, '', ''),
('19630708BB', 8297, '', ''),
('19710531AP', 6135, '', ''),
('19661122JP', 12015, '', ''),
('19580924ML', 2181, '', 'contrajo matrimonio con Fulgencio chacón en esta parroquia el 25/mayo/74'),
('19551014PM', 21, '', ''),
('19640322JC', 8299, '', ''),
('19660605JM', 10520, '', ''),
('19790824GB', 13522, '', ''),
('19661220DR', 12016, '', ''),
('19550630LE', 22, '', ''),
('19710703CR', 15017, '733.71', ''),
('19640312NB', 8300, '', ''),
('19651009GC', 10521, '', ''),
('19551003NG', 23, '', ''),
('19671205BG', 12017, '', ''),
('19670829DB', 13523, '', ''),
('19551002CM', 24, '', ''),
('19671016RR', 12018, '', ''),
('19710824JO', 6136, '', ''),
('19710503RN', 15018, '682.71', ''),
('19580316LP', 2182, '', ''),
('19640209PG', 8301, '', ''),
('19550213LH', 25, '', ''),
('19650822OH', 10522, '', ''),
('19670609JA', 12019, '', ''),
('19631127RD', 8302, '', ''),
('19710801FA', 15019, '668.71', ''),
('19690815WS', 13524, '', ''),
('19640122LC', 8303, '', ''),
('19650822AA', 10523, '', ''),
('19671102HO', 12020, '', 'contrajo matrimonio 12-12-87con aura maria guerrero castillo en la parroquia nuestra señora del carmen'),
('19581012NR', 2183, '', ''),
('19610428PR', 6137, '', ''),
('19660606RP', 10524, '', ''),
('19681101RV', 13525, '', ''),
('19631129BM', 8304, '', ''),
('19631212BS', 8305, '', ''),
('19580923MF', 2184, '', ''),
('19700307NT', 15021, '42.70', ''),
('19640216JB', 8306, '', ''),
('19660428NV', 10525, '', 'Contrajo matrimonio con Alvaro Alirio Romero Sotaquirá en esta parroquia el 15 de mayo de 1980'),
('19680126JA', 12021, '', ''),
('19610304PH', 6138, '', ''),
('19631225RJ', 8307, '', ''),
('19680729JR', 15022, '739.68', ''),
('19580930NS', 2185, '', 'contrae matrimonio con thais del carmen villasmil leon el 12/12/1981 en la Paw de sto domingo de ramon, maracaibo '),
('19660429JM', 10526, '', ''),
('19670610CR', 12022, '', ''),
('19710310JC', 15023, '358.71', ''),
('19630716JJ', 8308, '', ''),
('19670803NN', 12023, '', ''),
('19660602JP', 12024, '', ''),
('19631118JG', 8309, '', ''),
('19650720RP', 10527, '', ''),
('19610806JM', 6139, '', ''),
('19631201PH', 8310, '', ''),
('19671228AB', 12025, '', ''),
('19660508LG', 10528, '', ''),
('19580126JC', 2186, '', ''),
('19661230JZ', 12026, '', ''),
('19710819MV', 15024, '725.71', ''),
('19660527CL', 10529, '', ''),
('19640314MM', 8311, '', ''),
('19581128AD', 2187, '', ''),
('19690705AI', 13526, '', 'Contrajo matrimonio el 10 de Agosto de 1991 con Vilma noite silva en la parroquia fuente real-departamentos de Barinas'),
('19640227JM', 8312, '', ''),
('19670607FF', 12027, '', ''),
('19581120VA', 2188, '', ''),
('19610925MB', 6140, '', ''),
('19660326JR', 15530, '', ''),
('19621113MS', 8313, '', ''),
('19670616OM', 12028, '', ''),
('19581013LH', 2189, '', ''),
('19621118NM', 8314, '', ''),
('19610811LV', 6144, '', ''),
('19691003OR', 13527, '', ''),
('19670926AE', 12029, '', ''),
('19710108JM', 15026, '48.71', ''),
('19640226PL', 8315, '', ''),
('19661105LM', 12030, '', ''),
('19561222EJ', 2190, '', ''),
('19710726ML', 15027, '1138.71', ''),
('19680124MZ', 12031, '', ''),
('19640208JG', 3816, '', ''),
('19610714MB', 6145, '', 'Repetido 6121'),
('19581128RR', 2191, '', ''),
('19660218LA', 10532, '', ''),
('19640226OG', 8317, '', ''),
('19670320EL', 12032, '', ''),
('19710629EJ', 15028, '687.71', ''),
('19640107CR', 8318, '', ''),
('19660424CC', 10533, '', ''),
('19680107CA', 12033, '', ''),
('19551012JA', 26, '', ''),
('19581201ED', 2192, '', ''),
('19610722AC', 6146, '', 'Repetido 6120'),
('19680527NB', 13528, '', ''),
('19660501AO', 10534, '', ''),
('19640125PZ', 8319, '', ''),
('19660401AG', 12034, '', ''),
('19581113LP', 2194, '', ''),
('19680104RD', 12035, '', ''),
('19651213AO', 10535, '', ''),
('19640131LZ', 8320, '', ''),
('19580830RM', 2195, '', ''),
('19680130LV', 12036, '', ''),
('19640223JC', 8321, '', ''),
('19640420EO', 10536, '', ''),
('19630405JJ', 8322, '', ''),
('19671105JA', 13529, '', ''),
('19551025JP', 27, '', ''),
('19671029RG', 12037, '', ''),
('19580404CP', 2196, '', ''),
('19610816JA', 6150, '', ''),
('19660217BP', 10537, '', ''),
('19630416JG', 8323, '', ''),
('19701013MT', 15030, '66.71', ''),
('19670816GA', 12038, '', ''),
('19660625MC', 10538, '', ''),
('19630422EF', 8324, '', ''),
('19680123ZB', 12039, '', ''),
('19620702PV', 8325, '', ''),
('19631221MO', 8326, '', ''),
('19681218AC', 13530, '', ''),
('19710326JJ', 15031, '337.71', ''),
('19660520CC', 10539, '', ''),
('19640318JS', 8327, '', ''),
('19651117JM', 10540, '', ''),
('19671210FR', 12040, '', ''),
('19581020JA', 2198, '', ''),
('19640202CS', 8328, '', ''),
('19660615LZ', 12041, '', ''),
('19660602LB', 10541, '', ''),
('19640401HR', 8329, '', ''),
('19580906MR', 2199, '', ''),
('19640405MJ', 8330, '', ''),
('19710807MC', 15032, '242.71', ''),
('19670626RA', 12042, '', ''),
('19640404JS', 8331, '', ''),
('19580813MP', 2200, '', ''),
('19640215JP', 8332, '', ''),
('19551024AP', 28, '', ''),
('19710603CG', 15033, '499.71', ''),
('19650913JM', 10542, '', ''),
('19610808EM', 6151, '', ''),
('19680127RR', 12043, '', ''),
('19581024AM', 2201, '', ''),
('19631104ZA', 8333, '', 'contrajo matrimonio Jovanny Alfredo Celteres Coronado en esta parroquia Sagrado Corazón de Jesús el dia 17-08-1991'),
('19670318GB', 12044, '', ''),
('19640127JS', 8334, '', ''),
('19580830RS', 2203, '', ''),
('19660405DB', 10543, '', ''),
('19671110JD', 12045, '', ''),
('19631110JC', 8335, '', ''),
('19670927JB', 13531, '', ''),
('19660614LC', 10544, '', ''),
('19581119VM', 2204, '', ''),
('19660501YO', 10545, '', ''),
('19640307MT', 8336, '', 'El 16-10-2007 contrajo matrimonio con Luis Alfredo Basquez Toledo en la Parroquia Sagrado Corazón de Jesús de Maracay padres Argentinos '),
('19710630JC', 15035, '667.71', ''),
('19660129AM', 10546, '', ''),
('19640317JP', 8337, '', 'Contajo matrimonio con Felix Enrique Roa Chacon en esta parroquia el 21-07-1981'),
('19580624JV', 2205, '', 'contrae matrimonio con carmen edita chacon molina en la parroquia ciudad de colon el 5/7/80-doy le '),
('19610818BC', 6152, '', ''),
('19710115CO', 15036, '137.71', ''),
('19660422JS', 10547, '', ''),
('19640315RE', 8338, '', ''),
('19610605ZZ', 6153, '', ''),
('19660627EV', 10548, '', ''),
('19640324MR', 8339, '', ''),
('19571203WS', 2206, '', 'contrajo matrimonio con doraliza peñaralda pto. santander el 6/1/1880  '),
('19710414CP', 15037, '340.71', ''),
('19680909JA', 13532, '', ''),
('19660211WL', 10549, '', ''),
('19640112ID', 8340, '', ''),
('19610610MP', 6154, '', ''),
('19710102JC', 15038, '151.71', ''),
('19660422AG', 10550, '', ''),
('19631206CM', 8341, '', ''),
('19710521LC', 15039, '708.71', ''),
('19660514JG', 10551, '', ''),
('19640322JM', 8342, '', ''),
('19610705VC', 6155, '', ''),
('19660415VO', 10552, '', ''),
('19640119JC', 8343, '', ''),
('19701030MG', 15040, '123.71', 'Contrajo matrimonio con Antonia Cardenas Parra la parroquia Sagrado Corazon de Jesus, La Fria, en la fecha 26-10-1991'),
('19610717NU', 6156, '', ''),
('19650306JV', 10553, '', ''),
('19631117MB', 8344, '', ''),
('19690724MC', 13534, '', ''),
('19550520AR', 29, '', ''),
('19550808BZ', 30, '', ''),
('19640327JS', 8345, '', ''),
('19550320JA', 31, '', ''),
('19671119YB', 12046, '', ''),
('19551103JA', 32, '', ''),
('19620624AB', 8346, '', ''),
('19550720AH', 33, '', ''),
('19551102VR', 34, '', ''),
('19550827CC', 35, '', ''),
('19550930LN', 36, '', ''),
('19631230SR', 8347, '', ''),
('19551024RR', 37, '', ''),
('19670905CM', 12048, '', ''),
('19550312AO', 39, '', ''),
('19691127CS', 13535, '', ''),
('19671024GR', 12049, '', ''),
('19640412SM', 8348, '', ''),
('19660521MM', 10554, '', ''),
('19580522OL', 2207, '', ''),
('19550803AG', 41, '', ''),
('19690317AC', 13536, '', ''),
('19640412EG', 8349, '', ''),
('19550725MF', 42, '', ''),
('19670823EA', 12050, '', 'contrajo matrimonio en esta parroquia el 23-08-1986 con Donaldo Manuel Villarreal doy fe'),
('19550930JV', 43, '', ''),
('19660512PR', 10555, '', ''),
('19631130PR', 8350, '', ''),
('19550930JF', 44, '', ''),
('19670906GS', 12051, '', ''),
('19690729LG', 13537, '', ''),
('19630722WD', 8351, '', ''),
('19581122MU', 2208, '', ''),
('19680525MO', 13538, '', ''),
('19640125OS', 8353, '', ''),
('19550721HM', 45, '', ''),
('19651103MR', 10556, '', ''),
('19690610NO', 13539, '', ''),
('19640408AM', 8354, '', ''),
('19601214EG', 12053, '', ''),
('19550803LS', 46, '', ''),
('19640403JR', 8355, '', ''),
('19550803CS', 47, '', ''),
('19580529JN', 2209, '', 'Contrajo matrimonio en esta parroquia el 16 de agosto de 1980 con Rosa Isabel Sandoval Duarte'),
('19660529RV', 10557, '', ''),
('19670529ZS', 12054, '', ''),
('19640124DM', 8356, '', ''),
('19550920JO', 48, '', ''),
('19681209JS', 13540, '', ''),
('19670704YC', 12055, '', ''),
('19640330AR', 8357, '', ''),
('19581022DP', 2010, '', ''),
('19550613GB', 49, '', 'CONTRAJO MATRIMONIO CON LUZ MARINA MURILLO VIVAS EN LA PARROQUIA N. S DE COROMOTO (CARACAS) EL 07/12/1974'),
('19640821TS', 12056, '', ''),
('19651220RR', 10558, '', ''),
('19651203JD', 152057, '', ''),
('19551020FL', 50, '', ''),
('19691209IS', 13541, '', ''),
('19660815FD', 12058, '', ''),
('19630920GC', 8358, '', ''),
('19580911EO', 2212, '', ''),
('19550801JP', 51, '', ''),
('19551102GM', 52, '', ''),
('19640314AM', 8359, '', ''),
('19580609JR', 2213, '', ''),
('19550815CG', 53, '', 'contrajo matrimonio con olivo acero colmenares el 08/02/1976 en la parroquia de tibu'),
('19640423AG', 8360, '', ''),
('19551108MZ', 54, '', ''),
('19650722ID', 12059, '', ''),
('19550920VM', 55, '', ''),
('19581208MC', 2214, '', ''),
('19640119AC', 8361, '', ''),
('19551115AA', 56, '', 'contrajo matrimonio con humberto rondon quintero el 03 de julio de 1982 en la parroquia s. pablo de coloncito '),
('19660601OG', 10559, '', 'Contrajo matrimonio en esta parroquia con Isaías Jesús Pérez peña el 22 de diciembre de 1980 '),
('19671215EM', 12060, '', ''),
('19551116LR', 57, '', ''),
('19580327MC', 2215, '', ''),
('19640420OT', 8362, '', ''),
('19550730RG', 58, '', 'contrajo matrimonio con iris magdalena rodriguez nieves el 20 de diciembre de 1980 en la pquia sagrado corazon de jesus en petare, caracas'),
('19660630FD', 10560, '', ''),
('19640416AP', 8363, '', ''),
('19670727TV', 13542, '', 'contrajo matrimonio con Victor Julio Mejia Sanchez en la Parr de Sta Isabel de Hungrias Carrera 46 n 39-15 Sur Bogota , el 21/3/84'),
('19580403PL', 2216, '', ''),
('19550920CG', 59, '', ''),
('19640313AF', 0, '', ''),
('19691030JR', 13543, '', ''),
('19551117BP', 60, '', ''),
('19680110MV', 12061, '', ''),
('19581211LL', 2217, '', ''),
('19631010BM', 8365, '', ''),
('19681029ER', 13544, '', ''),
('19551121CR', 61, '', ''),
('19691111JS', 13545, '', ''),
('19620422AA', 8366, '', ''),
('19660506HL', 10561, '', ''),
('19710301IM', 15041, '', ''),
('19551026AH', 62, '', ''),
('19581011AH', 2218, '', ''),
('19681101IC', 13546, '', ''),
('19640318EH', 8367, '', ''),
('19690517IZ', 13547, '', ''),
('19551115RM', 63, '', 'contrajo matrimonio con ana mireya molina mora en la iglesia juan pablo apostol de merida el 28-12-85'),
('19671213HV', 12062, '', ''),
('19581007DO', 2219, '', 'Contrajo matrimonio con Maria Del Carmen el 10 de enero del 06-12-1997 en esta parroquia'),
('19551127JP', 64, '', ''),
('19690117CB', 13548, '', ''),
('19710417WS', 15042, '', ''),
('19640227LZ', 8368, '', 'Contrajo matrimonio el 28-12-1995 en la parroquia San Jose de colon con Maribel Leudias'),
('19551027RN', 65, '', ''),
('19620519RD', 10562, '', ''),
('19580625MB', 2220, '', ''),
('19550916JS', 66, '', ''),
('19680604AM', 13549, '', ''),
('19710901VR', 15043, '', ''),
('19630311LC', 8369, '', ''),
('19580825AH', 2221, '', ''),
('19640501MM', 8370, '', ''),
('19631228JC', 8371, '', ''),
('19670713NM', 12064, '', 'Contrajo matrimonio Angel Ma. Robledo en la parroquia San Juan Bautista Cucuta'),
('19700618SL', 15044, '', ''),
('19660309CG', 10563, '', 'Contrajo matrimonio con Flor Maria Delgado Becerra en esta parroquia el dia 9 de marzo 1985.'),
('19640126MC', 8372, '', ''),
('19621019WB', 8373, '', ''),
('19671129NC', 12065, '', ''),
('19640310MA', 8374, '', ''),
('19580109LM', 2222, '', ''),
('19690801JC', 13551, '', ''),
('19691030PG', 13552, '', ''),
('19640404BA', 8375, '', ''),
('19580624AD', 2223, '', ''),
('19700913RO', 15045, '840.70', ''),
('19681210MS', 13553, '', ''),
('19631225JE', 8376, '', ''),
('19690824OA', 13554, '', ''),
('19581012LR', 2224, '', ''),
('19691007MD', 13555, '', ''),
('19710416MM', 15046, '', ''),
('19691002SQ', 13556, '', ''),
('19580911AM', 2225, '', ''),
('19631010CS', 8377, '', ''),
('19710302JD', 15047, '', ''),
('19581103OG', 2226, '', ''),
('19690620AQ', 13557, '', ''),
('19630319JV', 83784, '', ''),
('19690429EL', 15048, '', ''),
('19580815BS', 2227, '', ''),
('19690910MR', 13558, '', ''),
('19640319JU', 8379, '', ''),
('19581213OH', 2228, '', ''),
('19691214LC', 13559, '', ''),
('19710817SM', 15049, '', ''),
('19630613CG', 8380, '', ''),
('19580819AG', 2229, '', ''),
('19691109CM', 13560, '', ''),
('19700902JB', 15050, '', ''),
('19620112FG', 8381, '', ''),
('19690930DI', 13561, '', 'contrajo matrimonio con antonio palermo capon en la parroquia nuestra sra de porpei , caracass el 3-12-1993'),
('19710829JE', 15051, '', ''),
('19581224JR', 2230, '', ''),
('19690717JP', 13562, '', 'contrajo matrimonio con luz elena colmenares el 25-02-1990 en esta parroquia'),
('19640305LA', 8382, '', ''),
('19710427JC', 15052, '', ''),
('19581005WG', 2231, '', ''),
('19620917BU', 8384, '', ''),
('19710715MA', 15053, '', ''),
('19571214NR', 2232, '', ''),
('19690202AR', 13563, '', ''),
('19630814TM', 8385, '', ''),
('19580828RS', 2233, '', 'Contrajo matrimonio en la parroquia matriz jegido Estado Merida el 3 Noviembre del 1985 con Victor Armando '),
('19710511LR', 15054, '', ''),
('19710714MT', 15055, '', ''),
('19691227MS', 13564, '', ''),
('19691019CP', 13565, '', ''),
('19581114DC', 2234, '', ''),
('19691105JM', 13566, '', ''),
('19660602OB', 15056, '', ''),
('19630620AC', 8386, '', ''),
('19690102MC', 13567, '', ''),
('19700403MC', 15057, '', ''),
('19581104SO', 2235, '', ''),
('19640401OO', 8387, '', ''),
('19690913PC', 13568, '', ''),
('19701019RA', 15058, '', ''),
('19630313LP', 8388, '', ''),
('19581017EM', 2236, '', ''),
('19690909DS', 13569, '', ''),
('19581030LG', 2237, '', ''),
('19701216CC', 15059, '', ''),
('19690216JL', 13570, '', ''),
('19581118RR', 2238, '', ''),
('19690330BS', 13571, '', ''),
('19710725LC', 15060, '', 'Contrajo matrimonio con Pedro Felipe Morales Morales el dia 29-09-1990 en la iglesia San Juan bautista de Colon'),
('19640420PO', 8389, '', 'Contrajo matrimonio con Nancy del C Savala naveda en la cathedral de Coro el 19-12-1992'),
('19690415JM', 13575, '', ''),
('19681205JC', 15061, '', ''),
('19640309GM', 8390, '', ''),
('19680401YU', 13576, '', ''),
('19580810GB', 2240, '', ''),
('19630429GC', 8391, '', ''),
('19700315AB', 15062, '', ''),
('19670403FG', 13577, '', ''),
('19640404AS', 8392, '', ''),
('19680518NF', 13578, '', ''),
('19710525FV', 15063, '', ''),
('19640319SR', 8393, '', ''),
('19580624EJ', 2242, '', ''),
('19630425IR', 8394, '', ''),
('19660608DG', 13579, '', 'contrajo matrimonio con reinaldo ourcelio rojas en la parroquia s juan de colon el 03-11-93'),
('19701021YR', 15064, '', ''),
('19580410RQ', 2243, '', ''),
('19580315HN', 2244, '', ''),
('19621116HD', 8395, '', ''),
('19640418DZ', 8396, '', ''),
('19710524OH', 15065, '', ''),
('19690608AC', 13580, '', 'contrajo matrimonio con judith contreras parroquia santisima trinidad la fria el dia 15-12-2007'),
('19581016JG', 2245, '', 'Contrajo matrimonio con Nubia Rocio Gomez Sandoval el día 29-12-1990. En la parroquia de san Jose de Santivano de Boyacá'),
('19640407RR', 8397, '', ''),
('19690915YO', 13581, '', ''),
('19631030CM', 8398, '', ''),
('19581122JO', 2246, '', ''),
('19681127PC', 15066, '', ''),
('19690901JR', 13582, '', ''),
('19690525LA', 13583, '', ''),
('19690818OD', 13584, '', ''),
('19610608MC', 6157, '', ''),
('19550922JZ', 67, '', ''),
('19710505IM', 1541, '485', 'Contrajo matrimonio con Martin Pereira en la parroquia, el piñal. El 8 de diciembre de 1995'),
('19550814EG', 68, '', ''),
('19610801BG', 6158, '', ''),
('19660613IB', 10585, '', ''),
('19550604OM', 69, '', ''),
('19610827AR', 6159, '', ''),
('18580501HC', 2447, '', ''),
('19660530EU', 10586, '', ''),
('19610827TR', 6160, '', ''),
('19570606AP', 2248, '', ''),
('19660413JP', 10587, '', ''),
('19610306JC', 6161, '', ''),
('19660423AV', 10588, '', ''),
('19651220EM', 10589, '', 'contrajo matrimonio con Alfredo en esta parroquia el 27/1982'),
('19610710JS', 6162, '', ''),
('19610918OR', 6163, '', ''),
('19571206BV', 2249, '', 'contrae matrimonio con olimpo pabon vanegas en esta parroquia el 30 de abril de 1977'),
('19651209SE', 10590, '', 'contrajo matrimonio con: pedro la cruz garcia peña el 28-1212 PERROQUIA E. SANTISIMA TRINIDAD LA FRIA'),
('19581123MD', 2250, '', ''),
('19610719AG', 6164, '', ''),
('19690426EM', 13585, '', ''),
('19581030IO', 2251, '', ''),
('19690909YB', 13586, '', ''),
('19631003LC', 8399, '', ''),
('19610926LD', 6165, '', ''),
('19660523NJ', 10591, '', ''),
('19690128JR', 13587, '', ''),
('19691026MA', 13588, '', ''),
('19581228JS', 2252, '', 'contrajo matrimonio con betty del carmen en la parroquia de N.Sra socorro del vigia el 27 de diciciembre de 1980'),
('19630512MG', 8400, '', 'Contrajo matrimonio conomico con Eduico Bastos Pablo en la parroquia nuestra lea del caracui el 13/11/1999 en las Mesas'),
('19770725CJ', 12066, '', 'contrajo matrimonio con zulay contreras monsalve el dia 11/10/2012, parroquia santisima trinidad la fria'),
('19610925MO', 6166, '', ''),
('19660215HS', 10592, '', ''),
('18580606RM', 2253, '', ''),
('19780201CN', 12067, '', ''),
('19681108FZ', 13589, '', 'contrajo matrimonio con : marisol moncada pico en la parroquiasan juan de colonel 26-08-2000'),
('19631217LQ', 8402, '', ''),
('19601023AR', 6167, '', ''),
('19771017NS', 12068, '', ''),
('19581227MT', 2255, '', ''),
('19640106JG', 8403, '', ''),
('19691019MO', 13590, '', ''),
('19771105AR', 12069, '', ''),
('19640126JG', 8404, '', ''),
('19581105PC', 2256, '', ''),
('19660430LL', 10593, '', ''),
('19690227NR', 13591, '', ''),
('19760727ZA', 12070, '', ''),
('19631124BM', 8405, '', ''),
('19590112RV', 2257, '', ''),
('19690910NZ', 13592, '', ''),
('19640328GM', 8406, '', ''),
('19580710CM', 2258, '', ''),
('19681217ZH', 13594, '', ''),
('19640311DD', 8407, '', ''),
('19590107RP', 2259, '', ''),
('19640222YC', 8408, '', ''),
('19690628II', 13595, '', ''),
('19780211GR', 12073, '', ''),
('19690628ER', 13596, '', ''),
('19640429JO', 8409, '', ''),
('19771101GR', 12074, '', ''),
('19601006AG', 6168, '', ''),
('19691023GL', 13597, '', ''),
('19640513EO', 8410, '', ''),
('19660310JS', 10594, '', ''),
('19581023RA', 2261, '', 'evelio octipi rivea pulido viare  libro 15 folio 306, N: 25. 371.-(decreto de la juria desersana de 3/1/84)'),
('19630514RG', 8411, '', ''),
('19691001DE', 13598, '', ''),
('19760517PL', 12075, '', ''),
('19581021UG', 2262, '', ''),
('19640113DV', 8412, '', ''),
('19690604RR', 13599, '', ''),
('19770504HF', 12076, '', ''),
('19610319AD', 6169, '', ''),
('19631202ES', 8413, '', ''),
('19660301JO', 10595, '', ''),
('19690809NL', 12600, '', ''),
('19770812MG', 12077, '', ''),
('19631020MP', 8414, '', ''),
('19630917RC', 8415, '', ''),
('19610722WR', 1970, '', ''),
('19630711ES', 8416, '', 'Contrajo Matrimonio con Eladio Contreras en la parroquia de coloncito el 06/09/1980'),
('19580505CM', 2263, '', ''),
('19610322ES', 6171, '', ''),
('19690407HM', 13602, '', ''),
('19660415NG', 10596, '', 'contrajo matrimonio con enrique castro en la parroquia N.S. de esperanza en 26/1982'),
('19631108JA', 8417, '', ''),
('19770602MR', 12079, '', ''),
('19581221RR', 2264, '', 'conrajo matrimonio con ramon vicente barreto en esta parroquia el 28-12-1981'),
('19780131AD', 12080, '', ''),
('19581205JN', 2265, '', ''),
('19610507JM', 6172, '', ''),
('19631029RP', 8418, '', ''),
('19690118FG', 13603, '', ''),
('19640423LP', 8419, '', ''),
('19611019WG', 6173, '', ''),
('19691020NM', 13604, '', ''),
('19640430AC', 8420, '', ''),
('19691020YN', 13605, '', ''),
('19770814ND', 12081, '', ''),
('19650326JT', 10597, '', ''),
('19630719RM', 8421, '', 'Contrajo en esta parroquia con Pablo Daniel Prado Nario parada el 06/01/1985'),
('19610812AP', 6174, '', ''),
('19581102JD', 2267, '', ''),
('19690827AV', 13606, '', 'contrajo matrimonio con mari jemenez jaime montario en la parroquia ntra-sra-del carmen pto- santander el 28-mayo-1995'),
('19640419JP', 8422, '', 'Contrajo matrimonio en esta parroquia con Mery Guerreo el 24/12/1993'),
('19590126IM', 2268, '', ''),
('19660315MP', 10598, '', ''),
('19640504EE', 8423, '', ''),
('19610616JF', 6175, '', ''),
('19690624JG', 13607, '', ''),
('19780122AC', 12082, '', 'contrajo matrimonio en el jose, colon el 27-01-1996 con robinson perez\r\ncontrajo matrimonio con pedro antonio castellano aufincio el 18-12-2021, parroquia san juan colon, edo: tachira'),
('19630725JN', 8424, '', ''),
('19690821LR', 13608, '', ''),
('19660327CC', 10599, '', ''),
('19640314AS', 8425, '', ''),
('19690506JA', 13609, '', ''),
('19610906DM', 1977, '', ''),
('19660326ER', 10600, '', ''),
('19780212MC', 12083, '', 'contrajo matrimonio con freddy ernesto chacin angarita el 22-XII-1996, las mesas'),
('19610511FM', 6178, '', ''),
('19580913JS', 2269, '', ''),
('19581224LD', 2270, '', ''),
('19611004AG', 6180, '', ''),
('19581128VN', 2271, '', ''),
('19590114JC', 2272, '', ''),
('19610827JR', 6181, '', ''),
('19671128BV', 12084, '', ''),
('19581212AV', 2273, '', ''),
('19590107AP', 2274, '', ''),
('19610619RF', 6183, '', ''),
('19580916RR', 2275, '', ''),
('19581213AB', 2276, '', ''),
('19671220JM', 12085, '', ''),
('19611001VM', 1984, '', ''),
('19590109AN', 2277, '', ''),
('19680128IC', 12086, '', ''),
('19590118CS', 2278, '', ''),
('19581212MR', 2279, '', ''),
('19670421LP', 12087, '', ''),
('19610312BD', 6186, '', ''),
('19590124MG', 2280, '', ''),
('19610921LA', 6187, '', ''),
('19611002JC', 6176, '', ''),
('19660427NR', 12078, '', ''),
('19610915CD', 6131, '', ''),
('19550714MJ', 70, '', ''),
('19550309MQ', 71, '', ''),
('19551126PE', 72, '', ''),
('19551126FE', 73, '', ''),
('19631202VF', 8426, '', ''),
('19550602ER', 74, '', ''),
('19630513IC', 8427, '', ''),
('19550924MG', 75, '', ''),
('19550503AR', 76, '', ''),
('19640505JM', 8428, '', ''),
('19680531TZ', 13610, '', ''),
('19550630GR', 77, '', ''),
('19640223RM', 8429, '', 'Contrajo el 20/12/1986 con Glenny García guerrero en la parroquia nuestra señora de Chinquinquira y San Juan de Dios'),
('19551010PL', 78, '', ''),
('19680101RG', 12088, '', ''),
('19630424NC', 8430, '', ''),
('19551107CM', 79, '', ''),
('19630813EG', 8431, '', ''),
('19550404YM', 80, '', 'contrajo matrimonio con jose gilberto gonzalez briceño en esta parroquia el 26/feb/1978'),
('19670204BZ', 13611, '', ''),
('19671217PN', 12089, '', ''),
('19551125MR', 81, '', ''),
('19640325GG', 8432, '', ''),
('19640427AC', 8433, '', ''),
('19660825ZS', 12090, '', ''),
('19691001BC', 13612, '', ''),
('19631025KP', 8434, '', ''),
('19640517PD', 8435, '', ''),
('19680903LP', 13513, '', ''),
('19680229JG', 12091, '', ''),
('19610306MM', 6189, '', ''),
('19630616NM', 8436, '', 'Contrajo matrimonio en esta parroquia el 26/12/1985 con Alba Josefina Montoya '),
('19670812JR', 12092, '', ''),
('19621101RR', 8437, '', ''),
('19670212MV', 12093, '', ''),
('19680805LM', 13614, '', ''),
('19610601YP', 6190, '', 'contrajo matrimonio conluis gerardo cerdal diaz en la parroquia de la stma. trinidad de cucuta el 24/dic/1977'),
('19671029RS', 12094, '', ''),
('19640508EA', 8438, '', ''),
('19640508EC', 8439, '', ''),
('19610815RD', 6192, '', ''),
('09680110LQ', 12095, '', ''),
('19640330GL', 8440, '', ''),
('19640514CS', 8441, '', ''),
('19640302JC', 8442, '', ''),
('19690503OB', 13616, '', ''),
('19631212HD', 8443, '', ''),
('19680126IR', 12096, '', ''),
('19610315ED', 6293, '', ''),
('19640526AC', 8444, '', ''),
('19691101NG', 13617, '', ''),
('19691112EM', 13618, '', ''),
('19631115MO', 8445, '', ''),
('19690306PB', 13619, '', '99'),
('19640229MC', 8446, '', ''),
('19670317HL', 12097, '', ''),
('19690515LC', 13620, '', ''),
('19690303EM', 13621, '', ''),
('19631129GR', 8447, '', ''),
('19640509CN', 8448, '', ''),
('19680605ER', 13622, '', '6'),
('19640403BO', 8449, '', ''),
('19640516EC', 8450, '', ''),
('19690622LR', 13623, '', 'contrajo matrimonio con marcial rafael rivas B-1\\03-x-92 en la parroquia del carmen, la victoria-maracay'),
('19640418DA', 8451, '', ''),
('19640404YR', 8452, '', ''),
('19670726AO', 12098, '', ''),
('19640416RD', 8453, '', ''),
('19630923GQ', 8454, '', ''),
('19690615AR', 13624, '', ''),
('19640515HZ', 8455, '', ''),
('19691010IP', 13625, '', ''),
('19660205WM', 12099, '', 'contrajo matrimonio canonico con milagros del valle delgado el dia 4-3-2000 en la parroquia San Jose de Chacon en Caracas'),
('19631223GM', 8456, '', ''),
('19680518OA', 13626, '', ''),
('19640328JT', 8457, '', 'Contrajo matrimonio con Benedicta Morales Villamizar el 28/12/1995 en esta parroquia'),
('19691112GS', 13627, '', ''),
('19640521VR', 8458, '', ''),
('19630901JE', 8459, '', ''),
('19631112JC', 8460, '', ''),
('19681106AB', 13628, '', ''),
('19640122CG', 8461, '', ''),
('19640504LC', 8462, '', ''),
('19640601JC', 8463, '', ''),
('19681217LM', 13629, '', ''),
('19631027SG', 8464, '', ''),
('19640508GM', 8465, '', ''),
('19630620DV', 13630, '', ''),
('19620625RN', 8466, '', ''),
('19640530IA', 8467, '', '');





INSERT INTO `padres` (`IdPad`, `IdInd`, `Nom`, `Ape`, `Sex`) VALUES
(1, '19550620LC', 'Ana Francisca', 'Duran', 2),
(2, '19550620LC', 'Jose Del Carmen', 'Cruz', 1),
(3, '19550329AD', 'Teresa', 'Diaz', 2),
(4, '19551002JR', 'Delfina', 'Rivera', 2),
(5, '19551002TG', 'Maria Librada', 'Garcia', 2),
(6, '19620321EA', 'Carmen Yudith', 'Rosas', 2),
(7, '19620321EA', 'Eduardo Eli', 'Arrieta', 1),
(8, '19770818JE', 'Rosa', 'Estrada', 2),
(9, '19551014CN', 'Estefania', 'Velazco', 2),
(10, '19551014CN', 'Clulan', 'Navi', 1),
(11, '19770727GM', 'Dionicia', 'Chacon', 2),
(12, '19770727GM', 'Ricardo Alejandro', 'Molina', 1),
(13, '19550731DB', 'Ana Agustina', 'Sandoval', 2),
(14, '19550731DB', 'Jesus Felipe', 'Berbesi', 1),
(15, '19710411JC', 'Antonia', 'Velazques', 2),
(16, '19710411JC', 'Juan Jose', 'Cáceres', 1),
(17, '19710729EC', 'Ana Delia', 'Carvajal', 2),
(18, '19550920JP', 'Ramona', 'Perez', 2),
(19, '19650811FR', 'María Cleotilde', 'Rodríguez', 2),
(20, '19650811FR', 'Escaú', 'Rodríguez', 1),
(21, '19550306JM', 'Graciela', 'Contreras', 2),
(22, '19550306JM', 'Prospero', 'Mendez', 1),
(23, '19650424JM', 'Verónica', 'Márquez', 2),
(24, '19551025HE', 'Ana Rosa', 'Estrada', 2),
(25, '19581004DH', 'Mercedes', 'Dolores Arellano', 2),
(26, '19581004DH', 'Victo', 'Pinto', 1),
(27, '19670309MC', 'Rinfa', 'Galvis', 2),
(28, '19670309MC', 'Angel', 'Vera', 1),
(29, '19640312GP', 'Pastora', 'Ovalles De Perez', 2),
(30, '19640312GP', 'Arcangel', 'Perez', 1),
(31, '19790416LM', 'Luciana Del Socorro', 'Pabón', 2),
(32, '19790416LM', 'Camilo', 'Moncada Acebedo', 1),
(33, '19710704BM', 'Ma', 'Demetria', 2),
(34, '19710704BM', 'Francisco', 'Marquez', 1),
(35, '19660311AM', 'Eva', 'Espinosa', 2),
(36, '19660311AM', 'Jose', 'Leal', 1),
(37, '19550405JQ', 'Rosa', 'Morales', 2),
(38, '19550405JQ', 'Gabriel', 'Quintero', 1),
(39, '19780525LC', 'Concepción', 'Lurado', 2),
(40, '19780525LC', 'Alfredo', 'Camillo', 1),
(41, '19710617MR', 'Irene Ramona', 'Perez', 2),
(42, '19710617MR', 'Florensio Del Carmen', 'Rondón', 1),
(43, '19660403AA', 'Ana Dolores', 'Rangel', 2),
(44, '19660403AA', 'Bienvenido', 'Adrianza', 1),
(45, '19671104WR', 'Rosa', 'Roa', 2),
(46, '19541202GG', 'Paulina', 'Vargas', 2),
(47, '19541202GG', 'Alberto', 'Gutierrez', 1),
(48, '19660429AM', 'María Isabel', 'Molina Pineda', 2),
(49, '19540306JC', 'Cointa', 'Contreras', 2),
(50, '19671202AC', 'Hayde', 'Vera', 2),
(51, '19671202AC', 'Luis Enrrique', 'Carrilo Hernández', 1),
(52, '19580822JL', 'Lucrecia', 'Gallardo', 2),
(53, '19780909GO', 'Rosa Emilia', 'Rodriguez', 2),
(54, '19780909GO', 'Marco Antonio', 'Ortega', 1),
(55, '19551015GD', 'Maria Jesus', 'Domador', 2),
(56, '19700919JB', 'Marina', 'Sepúlveda', 2),
(57, '19700919JB', 'José Juan', 'Belén', 1),
(58, '19631119NQ', 'Ligia Maria', 'Patiño', 2),
(59, '19631119NQ', 'Felipe', 'Quintero', 1),
(60, '19651004MA', 'Nélida Rosa', 'Parra', 2),
(61, '19651004MA', 'Gillverto Antonio', 'Adrianza', 1),
(62, '19551026JP', 'Adela', 'Perez', 2),
(63, '19660307MJ', 'Eleva', 'Fuentes', 2),
(64, '19660307MJ', 'Pedro Leon', 'Jaimes', 1),
(65, '19550127MA', 'Aurora', 'Chacon', 2),
(66, '19550127MA', 'Cornelio', 'Anteliz', 1),
(67, '19660403MA', 'Nollys', 'Parra', 2),
(68, '19660403MA', 'Manuel', 'Adrianza', 1),
(69, '19630829GH', 'Lucia', 'Vergara', 2),
(70, '19630829GH', 'Ramiro De Jesus', 'Hernandez', 1),
(71, '19671104JB', 'Carmen Cecilia', 'Acevedo', 2),
(72, '19671104JB', 'Antonio', 'Becerra', 1),
(73, '09710422CG', 'Edita', 'Rivas', 2),
(74, '09710422CG', 'Antoni Nectali', 'Gomes', 1),
(75, '19771128WR', 'Ana Teresa', 'Cardenas', 2),
(76, '19771128WR', 'Juan', 'Bautista Rosales', 1),
(77, '19581022FP', 'Angelina', 'Mora', 2),
(78, '19581022FP', 'Joose', 'Pernia', 1),
(79, '19671208CP', 'Maria Del Carmen', 'Pineda', 2),
(80, '19650626JC', 'Carmen Fanny', 'Garnica', 2),
(81, '19650626JC', 'Juan José', 'Carrero', 1),
(82, '19790429MF', 'Luz De Los Angeles', 'Gil Ramirez', 2),
(83, '19790429MF', 'Victor', 'Flores', 1),
(84, '19710621LB', 'Gregoria', 'Rojas', 2),
(85, '19710621LB', 'Bsmfair', 'Barillas', 1),
(86, '19550811JP', 'Cleotilde', 'Peñaloza', 2),
(87, '19671031HG', 'Luisa Del Carmen', 'Pérez', 2),
(88, '19671031HG', 'Jose Leocadrio', 'Guerrero', 1),
(89, '19660417LF', 'Isidora', 'Ortíz', 2),
(90, '19660417LF', 'Miguel Antonio', 'Forres', 1),
(91, '19710911HV', 'Hortencia', 'Contreras', 2),
(92, '19710911HV', 'Evangelista', 'Valero', 1),
(93, '19670830JP', 'Cristina Julia', 'Suarez', 2),
(94, '19670830JP', 'Agafito', 'Palacios', 1),
(95, '19581020MS', 'Romelia', 'Rivera', 2),
(96, '19581020MS', 'Gotero', 'Suares', 1),
(97, '19790926EZ', 'Liria Rosa', 'Zambrano', 2),
(98, '19650613CO', 'Jesusa', 'Guerrero', 2),
(99, '19550326FP', 'Benedicta', 'Peñaranda', 2),
(100, '19680121JL', 'Mariana Maria', 'Zambrano', 2),
(101, '19680121JL', 'Jose Antonio', 'Lavacude Corvesaquias', 1),
(102, '19690206RV', 'Juana', 'Escalante', 2),
(103, '19690206RV', 'Ruben Dario', 'Varela', 1),
(104, '19660403GG', 'Angelmira', 'Flores', 2),
(105, '19660403GG', 'Santiago', 'Gómez', 1),
(106, '19640131RM', 'Flor De Maria', 'Moncada', 2),
(107, '19550102JA', 'Eliza', 'Sarate', 2),
(108, '19550102JA', 'Pedro', 'Alicastro', 1),
(109, '19580603FR', 'Matilde', 'Redondo', 2),
(110, '19710301LC', 'Maria Elvia', 'Castaño', 2),
(111, '19700108LC', 'Carmen', 'Contreras', 2),
(112, '19670222BC', 'Maria Elena', 'Rojas', 2),
(113, '19670222BC', 'Jose Dolores', 'Contreras Valtro', 1),
(114, '19550905MC', 'Maria Rosana', 'Castrillon', 2),
(115, '19710722AC', 'Maria Belia', 'Rivera', 2),
(116, '19710722AC', 'Luis Antonio', 'Camacho', 1),
(117, '19581025RP', 'Maria Dolores', 'Perez', 2),
(118, '19651020PC', 'Teresa', 'Carrero', 2),
(119, '19551030SH', 'Felida', 'Rojas', 2),
(120, '19551030SH', 'Felipe Herrera', '', 1),
(121, '19671119ET', 'Martina', 'Omaña', 2),
(122, '19671119ET', 'Cecilio', 'Tovar', 1),
(123, '19630125LQ', 'Ligia Maria', 'Patiño', 2),
(124, '19630125LQ', 'Felipe', 'Quintero', 1),
(125, '19710707JL', 'Rita', 'Losano', 2),
(126, '19580404CM', 'Olga Maria', 'Correa', 2),
(127, '19580404CM', 'Gonzalo', 'Mora', 1),
(128, '19650603BF', 'Maria', 'Fredes Sánchez', 2),
(129, '19650603BF', 'Francisco', 'Fuentes', 1),
(130, '19790704ZM', 'Ana Rosa', 'Ortiz Gonzalez', 2),
(131, '19790704ZM', 'Alberto', 'Mora Cardenas', 1),
(132, '19630929CM', 'Carmen Cecilia', 'Villamizar', 2),
(133, '19630929CM', 'Edgar Roberto', 'Morales', 1),
(134, '19710714MB', 'Tansito', 'Buitriago', 2),
(135, '19660519AR', 'Gloria Trinidad', 'Sánchez', 2),
(136, '19660519AR', 'Gonzalo', 'Ramírez', 1),
(137, '19611210DJ', 'Ligia', 'Laguado', 2),
(138, '19611210DJ', 'Laturnino', 'Jimenez', 1),
(139, '09700901RO', 'Blanca Selina', 'Balaguera', 2),
(140, '09700901RO', 'Salomon', 'Ortiz M', 1),
(141, '19680104LP', 'Carmen Alicia', 'Parra', 2),
(142, '19630708BB', 'Ana', 'Corzo De B', 2),
(143, '19630708BB', 'Anibal', 'Bautista', 1),
(144, '19710531AP', 'Ana Amelia', 'Medina', 2),
(145, '19710531AP', 'Pablo Emilio', 'Perez', 1),
(146, '19661122JP', 'Maria Del Carmen', 'Pineda', 2),
(147, '19661122JP', 'Gusman', 'Perez', 1),
(148, '19580924ML', 'Julia', 'Lopez', 2),
(149, '19551014PM', 'Maria', 'Omaña', 2),
(150, '19551014PM', 'Roberto', 'Montoya', 1),
(151, '19640322JC', 'Ana Delfina', 'Briceño', 2),
(152, '19640322JC', 'Vicencio De Jesus', 'Chacon', 1),
(153, '19660605JM', 'Teresa', 'Contreras', 2),
(154, '19660605JM', 'Pedro José', 'Montilla Torres', 1),
(155, '19790824GB', 'Carmen Alicia', 'Bayona', 2),
(156, '19661220DR', 'Matilde', 'Redondo Bastos', 2),
(157, '19550630LE', 'Natalia', 'Esparza', 2),
(158, '19710703CR', 'Ana Delina', 'Delgado', 2),
(159, '19710703CR', 'Luis Eusebio', 'Ramirez', 1),
(160, '19640312NB', 'Rita', 'Chacon', 2),
(161, '19640312NB', 'Contantivo', 'Bormita', 1),
(162, '19651009GC', 'Rosa Elena', 'Colmenares', 2),
(163, '19651009GC', 'Rafael', 'Carrero', 1),
(164, '19551003NG', 'Aurora', 'Contreras', 2),
(165, '19551003NG', 'Teodoro', 'Gomez', 1),
(166, '19671205BG', 'Susana', 'Fantecha', 2),
(167, '19671205BG', 'Cristobal', 'Galvis Ramirez', 1),
(168, '19670829DB', 'Carmen Alicia', 'Ballona', 2),
(169, '19551002CM', 'Rosario', 'Mendez', 2),
(170, '19551002CM', 'Bartolome', 'Mora', 1),
(171, '19671016RR', 'Aura Del Carmen', 'Vera', 2),
(172, '19671016RR', 'Jose Melecio', 'Roa', 1),
(173, '19710824JO', 'Pastora', 'Medina', 2),
(174, '19710824JO', 'Jesus', 'Ortega', 1),
(175, '19710503RN', 'Margarita', 'Altuve', 2),
(176, '19710503RN', 'Victorino', 'Niño', 1),
(177, '19580316LP', 'Frina', 'Rojas', 2),
(178, '19580316LP', 'Vicente', 'Perez Ramos', 1),
(179, '19640209PG', 'Angelica', 'Perez De Guerrero', 2),
(180, '19640209PG', 'Eutrinio', 'Guerrero', 1),
(181, '19550213LH', 'Angela', 'Hortua', 2),
(182, '19650822OH', 'Alba Antonia', 'Molero Urdaneta', 2),
(183, '19670609JA', 'Luisa De Jesus', 'Villamizar', 2),
(184, '19670609JA', 'Jose Del Carmen', 'Almeira', 1),
(185, '19631127RD', 'Dinia', 'Medina', 2),
(186, '19631127RD', 'Guillermo', 'Duarte', 1),
(187, '19710801FA', 'Zenovia', 'Rodriguez', 2),
(188, '19710801FA', 'Luis Andres', 'Alvarado', 1),
(189, '19690815WS', 'Candida Rosa', 'Salcedo', 2),
(190, '19640122LC', 'Alecia', 'Corredor', 2),
(191, '19650822AA', 'Oliva', 'Santiago', 2),
(192, '19650822AA', 'Carmelo', 'Angarita', 1),
(193, '19671102HO', 'Eleguena', 'Garcia', 2),
(194, '19671102HO', 'Samuel Herminio', 'Orozco', 1),
(195, '19581012NR', 'Angela Rosa', 'Barón', 2),
(196, '19581012NR', 'Elias Antonio', 'Rudo Cantillo', 1),
(197, '19610428PR', 'Rosa Mali', 'Ramon Duarte', 2),
(198, '19660606RP', 'Alcira', 'Torres', 2),
(199, '19660606RP', 'Esteban De Jesús', 'Parra', 1),
(200, '19681101RV', 'Virginia', 'Vargas Alvares', 2),
(201, '19631129BM', 'Mary', 'Portillo De Molsalve', 2),
(202, '19631129BM', 'Jose De La Cruz', 'Molsalve', 1),
(203, '19631212BS', 'Maria De Las Mercedas', 'Rueda', 2),
(204, '19631212BS', 'Eutacio', 'Sanchez', 1),
(205, '19580923MF', 'Martina', 'Chacon', 2),
(206, '19580923MF', 'Benedito', 'Cartagena', 1),
(207, '19700307NT', 'Anailda', 'Rincon', 2),
(208, '19700307NT', 'Alejo', 'Tobasia', 1),
(209, '19640216JB', 'Maria De La Luz', 'Blanco', 2),
(210, '19660428NV', 'Cruz Orfelina', 'Vaca', 2),
(211, '19660428NV', 'Pedro', 'Villanoba', 1),
(212, '19680126JA', 'Josefina', 'Contreras', 2),
(213, '19680126JA', 'Gregorio', 'Urbano Arias', 1),
(214, '19610304PH', 'Ominta', 'Hernandez', 2),
(215, '19631225RJ', 'Savina', 'Jaimes', 2),
(216, '19680729JR', 'Maria Nazareth', 'Ramirez', 2),
(217, '19580930NS', 'Juana', 'Labrador', 2),
(218, '19580930NS', 'Amable', 'Sanchez', 1),
(219, '19660429JM', 'Florinda', 'Castañeda', 2),
(220, '19660429JM', 'Argimiro', 'Márquez Ortega', 1),
(221, '19670610CR', 'Lourdes', 'Protillo', 2),
(222, '19670610CR', 'Carlos Julio', 'Roa', 1),
(223, '19710310JC', 'Maria Elena', 'Chacon', 2),
(224, '19630716JJ', 'Ligia', 'Laguado', 2),
(225, '19630716JJ', 'Saturino', 'Jimenez', 1),
(226, '19670803NN', 'Armenolia Ramona', 'Narváez', 2),
(227, '19660602JP', 'Delia Rosa', 'Paez', 2),
(228, '19631118JG', 'Hermelinda', 'Rojas De Gomes', 2),
(229, '19631118JG', 'Marco Antonio', 'Gomes', 1),
(230, '19650720RP', 'Aura', 'Parra', 2),
(231, '19610806JM', 'Victoriana', 'Monsalve', 2),
(232, '19610806JM', 'Jorge', 'Mendoza', 1),
(233, '19631201PH', 'Carmen Florentina', 'Zambrano De Hernandez', 2),
(234, '19631201PH', 'Eusebio', 'Hernandez', 1),
(235, '19671228AB', 'Ana Rita', 'Chacon', 2),
(236, '19671228AB', 'Coustantino', 'Bormitad', 1),
(237, '19660508LG', 'Evangelina', 'Sánchez', 2),
(238, '19660508LG', 'Jesús Maximiliano', 'Guerrero', 1),
(239, '19580126JC', 'Yolanda', 'Rosales', 2),
(240, '19580126JC', 'Jesus Maria', 'Caisedo', 1),
(241, '19661230JZ', 'Lelia', 'Zambrano', 2),
(242, '19710819MV', 'Juana Diocelina', 'Romero', 2),
(243, '19710819MV', 'Domingo', 'Vargaz', 1),
(244, '19660527CL', 'Rosa', 'Labrador Galaviz', 2),
(245, '19640314MM', 'Marcelina', 'Ramirez', 2),
(246, '19640314MM', 'Merquiares', 'Montañes', 1),
(247, '19581128AD', 'Carmen', 'Roa', 2),
(248, '19581128AD', 'Antonio Ramon', 'Duque', 1),
(249, '19690705AI', 'Albertina', 'Ibarra', 2),
(250, '19690705AI', 'Andrés Avelino', 'Ibarra', 1),
(251, '19640227JM', 'Dominga', 'Morales', 2),
(252, '19670607FF', 'Teresa', 'Sanchez', 2),
(253, '19670607FF', 'Belazanio', 'Cruz Flores', 1),
(254, '19581120VA', 'Rosa', 'Valderrama', 2),
(255, '19581120VA', 'Victor Julio', 'Acosta', 1),
(256, '19610925MB', 'Rosa', 'Balderrama', 2),
(257, '19660326JR', 'Ana De Dios', 'Gelvez', 2),
(258, '19660326JR', 'Jeremías', 'Rey', 1),
(259, '19621113MS', 'Maria', 'Sanabia', 2),
(260, '19670616OM', 'Celina', 'Clavijo', 2),
(261, '19670616OM', 'Celestino', 'Mendoza', 1),
(262, '19581013LH', 'Erninda', 'Hernandez', 2),
(263, '19621118NM', 'Manuela Antonia', 'Montenegro', 2),
(264, '19610811LV', 'Hortencia', 'Contreras', 2),
(265, '19610811LV', 'Lucas Evangelista', 'Valero', 1),
(266, '19691003OR', 'Irene R', 'Pérez Z', 2),
(267, '19691003OR', 'Florencio Del Carmen', 'Rondón', 1),
(268, '19670926AE', 'Alelaida', 'Esfinel', 2),
(269, '19710108JM', 'Ana Rita', 'Gonzales', 2),
(270, '19710108JM', 'Campo Elias', 'Mojica', 1),
(271, '19640226PL', 'Roselia', 'Contereas De Lalas', 2),
(272, '19640226PL', 'Agapito', 'Lalas', 1),
(273, '19661105LM', 'Sildana', 'Melgarejo Martinez', 2),
(274, '19561222EJ', 'Maria De La Cruz', 'Morales', 2),
(275, '19561222EJ', 'Jose Eduardo', 'Joya', 1),
(276, '19710726ML', 'Asuncion Del Carmen', 'Perez', 2),
(277, '19710726ML', 'Rafael Antonio', 'Labrador', 1),
(278, '19680124MZ', 'Genovena', 'Chacon', 2),
(279, '19680124MZ', 'Alfredo', 'Zambrano', 1),
(280, '19640208JG', 'Otilia', 'Perez De Gaona', 2),
(281, '19640208JG', 'Son', 'Gaona Ovila', 1),
(282, '19610714MB', 'Trancito', 'Buitriago', 2),
(283, '19581128RR', 'Maria Alba', 'Gonzalez', 2),
(284, '19660218LA', 'Vitelbina', 'Uribe', 2),
(285, '19660218LA', 'Alfonso', 'Antelíz', 1),
(286, '19640226OG', 'Dizma Rosa', 'Guerrero De Garcia', 2),
(287, '19640226OG', 'Ragulo Vicente', 'Garcia', 1),
(288, '19670320EL', 'Pastora', 'Cruz', 2),
(289, '19670320EL', 'Elias', 'Lizcano', 1),
(290, '19710629EJ', 'Ana Del Socorro', 'Jaimes', 2),
(291, '19710629EJ', 'Pedro Pablo', 'Jaimes', 1),
(292, '19640107CR', 'Vicenta', 'Melian', 2),
(293, '19640107CR', 'Gabriel Ancargel', 'Roa', 1),
(294, '19660424CC', 'Santos Leonor', 'Ramírez', 2),
(295, '19660424CC', 'Arnoldo Ramón', 'Carreño', 1),
(296, '19680107CA', 'Hidelia', 'Atcesta', 2),
(297, '19551012JA', 'Rosa Maria', 'Arenas', 2),
(298, '19581201ED', 'Ramona Elisa', 'Sanchez', 2),
(299, '19581201ED', 'Angel Manuel', 'Duran', 1),
(300, '19610722AC', 'Maria Belen', 'Rivera', 2),
(301, '19610722AC', 'Luis Antonio', 'Camacho', 1),
(302, '19680527NB', 'Cándida Rosa', 'Salcedo', 2),
(303, '19680527NB', 'José De Los Ángeles', 'Borrero', 1),
(304, '19660501AO', 'Elisa', 'Jiménez', 2),
(305, '19660501AO', 'Juan De Dios', 'Ortíz', 1),
(306, '19640125PZ', 'Flor De Maria', 'Laguado', 2),
(307, '19640125PZ', 'Pedro Jose', 'Zapata', 1),
(308, '19660401AG', 'Alejandrina', 'Delgado', 2),
(309, '19660401AG', 'Efrain Aparicio', 'Gomez', 1),
(310, '19581113LP', 'Ana Melia', 'Mora', 2),
(311, '19581113LP', 'Ramon E', 'Pineda', 1),
(312, '19680104RD', 'Agueda', 'Silva', 2),
(313, '19680104RD', 'Jose Del Carmen', 'Duque Arias', 1),
(314, '19651213AO', 'Alba Virginia', 'Ortega', 2),
(315, '19640131LZ', 'Eduarda', 'Sanchez De Zapata', 2),
(316, '19640131LZ', 'Roque', 'Zapata', 1),
(317, '19580830RM', 'Ana Julia', 'Molina', 2),
(318, '19580830RM', 'Florencio', 'Morillo', 1),
(319, '19680130LV', 'Rosa', 'Valderrama', 2),
(320, '19640223JC', 'Carmen Rosa', 'Castellano', 2),
(321, '19640420EO', 'Elisa', 'Jaimes', 2),
(322, '19640420EO', 'Juan De Dios', 'Ortiz', 1),
(323, '19630405JJ', 'Benita', 'Montiel', 2),
(324, '19630405JJ', 'Faustino', 'Jaimez', 1),
(325, '19671105JA', 'Diocelina', 'Alarcón', 2),
(326, '19551025JP', 'Ines Maria', 'Prato', 2),
(327, '19671029RG', 'Argimina', 'Sanchez', 2),
(328, '19671029RG', 'Hermes Elias', 'Guerrero', 1),
(329, '19580404CP', 'Eleania De Carmen', 'Perez', 2),
(330, '19610816JA', 'Josefa', 'Alvares', 2),
(331, '19660217BP', 'Graciela', 'Palentino', 2),
(332, '19630416JG', 'Ana Rosa', 'Estrada', 2),
(333, '19630416JG', 'Jose Celestino', 'Garcia', 1),
(334, '19701013MT', 'Rosalia', 'Urbina', 2),
(335, '19701013MT', 'Luis Eduardo', 'Torres', 1),
(336, '19670816GA', 'Nelida Rosa', 'Parra', 2),
(337, '19670816GA', 'Gilberto Antonio', 'Alvianza', 1),
(338, '19660625MC', 'María Virginia', 'Rubio', 2),
(339, '19660625MC', 'Hernán', 'Carrillo', 1),
(340, '19630422EF', 'Nelly', 'Franco', 2),
(341, '19680123ZB', 'Ana', 'Sierra', 2),
(342, '19680123ZB', 'Jesus Expendito', 'Boada', 1),
(343, '19620702PV', 'Eduvigues', 'Vargas', 2),
(344, '19631221MO', 'Eugenia', 'Orozco', 2),
(345, '19681218AC', 'Roa Elena', 'Molina', 2),
(346, '19681218AC', 'José Alberto', 'Castellanos', 1),
(347, '19710326JJ', 'Maria Elvira', 'Roso', 2),
(348, '19710326JJ', 'Benjamin', 'Jaimes', 1),
(349, '19660520CC', 'Josefa', 'Zalazar', 2),
(350, '19660520CC', 'Luis Alberto', 'Chaustre', 1),
(351, '19640318JS', 'Rosa Eva', 'Navarro De Serrano', 2),
(352, '19640318JS', 'Luis Felipe', 'Serrano', 1),
(353, '19651117JM', 'Blanca Aurora', 'Mousalve', 2),
(354, '19671210FR', 'Maria', 'Cleofe Buitrago', 2),
(355, '19671210FR', 'Florentino', 'Rosales Chacon', 1),
(356, '19581020JA', 'Emma', 'Amaya', 2),
(357, '19640202CS', 'Rafaela', 'Contreras', 2),
(358, '19640202CS', 'Ramon Jacinto', 'Sanchez', 1),
(359, '19660615LZ', 'Ana De Jesus', 'Zarote', 2),
(360, '19660602LB', 'Ylvia', 'Orozco', 2),
(361, '19660602LB', 'José David', 'Bolaños', 1),
(362, '19640401HR', 'Maria Angelina', 'Paredes', 2),
(363, '19640401HR', 'Antonio', 'Reinosa', 1),
(364, '19580906MR', 'Dominga', 'Marquez', 2),
(365, '19580906MR', 'Antonio', 'Ramirez', 1),
(366, '19640405MJ', 'Zoida', 'Barboza De Jauregui', 2),
(367, '19640405MJ', 'Marco Julio', 'Jauregui', 1),
(368, '19710807MC', 'Carmen Omaira', 'Orozco', 2),
(369, '19710807MC', 'Gonzalo', 'Colmenares', 1),
(370, '19670626RA', 'Rosa', 'Elvira Villamizar', 2),
(371, '19670626RA', 'Felix Jose', 'Aullano', 1),
(372, '19640404JS', 'Alicia', 'Parra', 2),
(373, '19640404JS', 'Juan De Jesus', 'Silva', 1),
(374, '19580813MP', 'Dioselina', 'Perez', 2),
(375, '19640215JP', 'Ana Cecilia', 'Perez', 2),
(376, '19551024AP', 'Ines Maria', 'Prato', 2),
(377, '19710603CG', 'Angel Maria', 'Galvis', 2),
(378, '19710603CG', 'Alfonso', 'Garcia M', 1),
(379, '19650913JM', 'Celvia', 'Sánchez', 2),
(380, '19650913JM', 'Tomás', 'Mendoza', 1),
(381, '19610808EM', 'Cecilia', 'Maldonado', 2),
(382, '19680127RR', 'Ramona', 'Molona', 2),
(383, '19680127RR', 'Jose Amable', 'Roa Perez', 1),
(384, '19581024AM', 'Rosa', 'Mendoza', 2),
(385, '19631104ZA', 'Electeria', 'Garcia De Angulo', 2),
(386, '19631104ZA', 'Siloberio', 'Angulo', 1),
(387, '19670318GB', 'Maria', 'Sepúlveda', 2),
(388, '19670318GB', 'Jose Juan', 'Belén', 1),
(389, '19640127JS', 'Maria Ninfa', 'Paez', 2),
(390, '19640127JS', 'Victor Julio', 'Soto', 1),
(391, '19580830RS', 'Ana Francisca', 'Medina De Sarmiento', 2),
(392, '19580830RS', 'Victor Julio', 'Sarmiento', 1),
(393, '19660405DB', 'Mariana', 'Bonza Higuera', 2),
(394, '19671110JD', 'Ana', 'Florez', 2),
(395, '19671110JD', 'Francisco Javier', 'Diaz', 1),
(396, '19631110JC', 'Yolanda', 'Angarita De Correa', 2),
(397, '19631110JC', 'Alfonso', 'Correa', 1),
(398, '19670927JB', 'Mery Cecilia', 'Colmenares', 2),
(399, '19670927JB', 'Ramon David', 'Bayona', 1),
(400, '19660614LC', 'Carmen Filcia', 'Cristancho Peñaranda', 2),
(401, '19581119VM', 'Fortumata', 'Hernandez', 2),
(402, '19581119VM', 'Maocino', 'Mora', 1),
(403, '19660501YO', 'Albertina', 'Ortega Gálviz', 2),
(404, '19640307MT', 'Adelicia', 'Torrez', 2),
(405, '19710630JC', 'Carmen', 'Rondon', 2),
(406, '19710630JC', 'Jose', 'Chacon', 1),
(407, '19660129AM', 'Catalina', 'Quintero', 2),
(408, '19660129AM', 'Pedro José', 'Martínez', 1),
(409, '19640317JP', 'Socorro Del Carmen', 'Zambrano', 2),
(410, '19640317JP', 'Cladio De Carmen', 'Perez', 1),
(411, '19580624JV', 'Elide Aurora', 'Rujano', 2),
(412, '19580624JV', 'Julian', 'Vivas', 1),
(413, '19610818BC', 'Celina', 'Perez', 2),
(414, '19610818BC', 'Rosalino', 'Colmenares', 1),
(415, '19710115CO', 'Teresa', 'Ortega Melo', 2),
(416, '19660422JS', 'María Santos', 'Carvajal', 2),
(417, '19660422JS', 'Gonzalo', 'Silva', 1),
(418, '19640315RE', 'Ofelia', 'Perez', 2),
(419, '19640315RE', 'Argenis', 'Escalante', 1),
(420, '19610605ZZ', 'Flotr De Maria', 'Rosales', 2),
(421, '19610605ZZ', 'Ramon', 'Zandoval', 1),
(422, '19660627EV', 'María Del Carmen', 'Vargas', 2),
(423, '19640324MR', 'Maria Elvia', 'Urbina De Reatiga', 2),
(424, '19640324MR', 'Pablo', 'Reatiga', 1),
(425, '19571203WS', 'Maria Celina', 'Hernandez', 2),
(426, '19571203WS', 'Jose Del Carmen', 'Sanchez', 1),
(427, '19710414CP', 'Alba Beatriz', 'Moreno', 2),
(428, '19710414CP', 'Luis Antonio', 'Pernia', 1),
(429, '19680909JA', 'Irene', 'Santamaria Force', 2),
(430, '19680909JA', 'Segundo Abrahán', 'Ariza M', 1),
(431, '19660211WL', 'Carlos Miguel', 'León', 2),
(432, '19660211WL', 'Flaxedes', 'Sánchez', 1),
(433, '19640112ID', 'Evelia', 'Becerra', 2),
(434, '19640112ID', 'Graciano', 'Delgado', 1),
(435, '19610610MP', 'Maria Juana', 'Perez', 2),
(436, '19710102JC', 'Maria Evelia', 'Pineda', 2),
(437, '19710102JC', 'Porfirio', 'Cardozo', 1),
(438, '19660422AG', 'Ana Yonilde', 'González', 2),
(439, '19631206CM', 'Elvira', 'Torres', 2),
(440, '19631206CM', 'Juan Pablo', 'Mendoza', 1),
(441, '19710521LC', 'Maria Teresa', 'De Lenis Contreras', 2),
(442, '19660514JG', 'María De Los Angeles', 'Cáceres', 2),
(443, '19660514JG', 'Rafael', 'Gómez', 1),
(444, '19640322JM', 'Leucedina', 'Mendoza', 2),
(445, '19640322JM', 'Luis Antonio', 'Medina', 1),
(446, '19610705VC', 'Maria Del Carmen', 'Chacon', 2),
(447, '19660415VO', 'Ana Belén', 'Ortega Pautos', 2),
(448, '19640119JC', 'Carmen', 'Sarmiento De Cañon', 2),
(449, '19640119JC', 'Serafin', 'Cañon', 1),
(450, '19701030MG', 'Maria Del Socorro', 'Gonzalez', 2),
(451, '19610717NU', 'Maria Nieves', 'Uribe', 2),
(452, '19650306JV', 'María Del Carmen', 'Villanueva', 2),
(453, '19631117MB', 'Natividad', 'Bastos De Barrios', 2),
(454, '19631117MB', 'Tomas Miguel', 'Barrios', 1),
(455, '19690724MC', 'Maria', 'Bensay Rivera', 2),
(456, '19690724MC', 'Eli', 'Chaparro', 1),
(457, '19550520AR', 'Isabel', 'Quintero', 2),
(458, '19550808BZ', 'Blamca', 'Nieve', 2),
(459, '19640327JS', 'Tomasa', 'Valera De Sanchez', 2),
(460, '19640327JS', 'Leonidas', 'Sanchez', 1),
(461, '19550320JA', 'Elena', 'Acuña', 2),
(462, '19671119YB', 'Ana Dolores', 'Beltran Toloza', 2),
(463, '19551103JA', 'Hobaldina', 'Arellano', 2),
(464, '19620624AB', 'Natividad', 'Basto', 2),
(465, '19620624AB', 'Tomas Migel', 'Barrios', 1),
(466, '19550720AH', 'Bertha', 'Rojas', 2),
(467, '19550720AH', 'Angel Maria', 'Hernandez', 1),
(468, '19551102VR', 'Rosario', 'Zambrano', 2),
(469, '19551102VR', 'Antonio', 'Ramirez', 1),
(470, '19550827CC', 'Ernestina', 'Castillo', 2),
(471, '19550930LN', 'Lilia', 'Niño', 2),
(472, '19631230SR', 'Eulalia', 'Rivera', 2),
(473, '19551024RR', 'Rosa', 'Roa', 2),
(474, '19670905CM', 'Socorro', 'Guerrero', 2),
(475, '19670905CM', 'Domingo', 'Mora', 1),
(476, '19550312AO', 'Blanca', 'Contreras', 2),
(477, '19550312AO', 'Luis Andres', 'Ostos', 1),
(478, '19691127CS', 'Sara', 'Sepulveda', 2),
(479, '19671024GR', 'Angela Rosa', 'Sierra', 2),
(480, '19671024GR', 'Hermogenes', 'Rolon', 1),
(481, '19640412SM', 'Luisa Maria', 'Alviarez De Mendoza', 2),
(482, '19640412SM', 'Jose Pastor', 'Mendoza', 1),
(483, '19660521MM', 'Maria', 'Euspicia Suarez', 2),
(484, '19660521MM', 'Gregorio', 'Mora Contreras', 1),
(485, '19580522OL', 'Emma Mariles', 'Diaz', 2),
(486, '19580522OL', 'José', 'Lilares', 1),
(487, '19550803AG', 'Maria Palomina', 'Guillen', 2),
(488, '19690317AC', 'Angelica Ma', 'Monsalve De C', 2),
(489, '19690317AC', 'Rodolfo Cano', 'Lopez', 1),
(490, '19640412EG', 'Maria De La Cruz', 'Ramirez De Gil', 2),
(491, '19640412EG', 'Jose Francisco', 'Gil', 1),
(492, '19550725MF', 'Pola Maria', 'Fernandez', 2),
(493, '19670823EA', 'Elvira', 'Caceres', 2),
(494, '19670823EA', 'Gregorio', 'Arismendi Mora', 1),
(495, '19550930JV', 'Rosa', 'Peñaloza', 2),
(496, '19550930JV', 'Jose Antonio', 'Valero', 1),
(497, '19660512PR', 'Ana', 'Rosa Morales', 2),
(498, '19660512PR', 'Elpidio', 'Rosales', 1),
(499, '19631130PR', 'Rosalio', 'Rodriguez', 2),
(500, '19550930JF', 'Dilia', 'Fernez', 2),
(501, '19670906GS', 'Gregoria Celina', 'Perez', 2),
(502, '19670906GS', 'Roso', 'Sierra Mendoza', 1),
(503, '19690729LG', 'Ana Julia', 'Garcia Murillo', 2),
(504, '19630722WD', 'Ana Belzamina', 'Hernandez', 2),
(505, '19630722WD', 'Jose Ysidro', 'Duque', 1),
(506, '19581122MU', 'Bernanda', 'Untano', 2),
(507, '19680525MO', 'Juana Francisca', 'Ortega Tolosa', 2),
(508, '19640125OS', 'Visistacion', 'Soto', 2),
(509, '19550721HM', 'Mercedez', 'Villamizar', 2),
(510, '19550721HM', 'Jose Del Carmen', 'Molina', 1),
(511, '19651103MR', 'Ana', 'Felicia López', 2),
(512, '19651103MR', 'José Maria', 'Ramírez', 1),
(513, '19690610NO', 'Blanca Emira', 'Contreras', 2),
(514, '19690610NO', 'Bernardino', 'Ortiz', 1),
(515, '19640408AM', 'Blanca Edilia', 'Carrillo', 2),
(516, '19640408AM', 'Jose Manuel', 'Medina', 1),
(517, '19601214EG', 'Rosa', 'Sanchez', 2),
(518, '19601214EG', 'Emilio', 'Guedez', 1),
(519, '19550803LS', 'Ana Rosa', 'Sanchez', 2),
(520, '19640403JR', 'Ana De Carmen', 'Vera', 2),
(521, '19640403JR', 'Jose Melisio', 'Roa', 1),
(522, '19550803CS', 'Ana Maria', 'Salazar', 2),
(523, '19580529JN', 'Nelly Marina', 'Franco', 2),
(524, '19580529JN', 'Martin Basilio', 'Niño', 1),
(525, '19660529RV', 'Ana Maria', 'Ramos', 2),
(526, '19660529RV', 'Ali', 'Vargas', 1),
(527, '19670529ZS', 'Rosa Maria', 'Sanchez', 2),
(528, '19640124DM', 'Florinda', 'Castañeda De Marques', 2),
(529, '19640124DM', 'Argimirio', 'Marques', 1),
(530, '19550920JO', 'Ana De Dios', 'Ortiz', 2),
(531, '19681209JS', 'Eleida Maria', 'Ontiveros', 2),
(532, '19681209JS', 'Jose De La Rosa', 'Serrano', 1),
(533, '19670704YC', 'Maria Irene', 'Gomez', 2),
(534, '19670704YC', 'Jose Angel', 'Contreras', 1),
(535, '19640330AR', 'Ana Maria', 'Rangel De R', 2),
(536, '19640330AR', 'Juan Severo', 'Ramirez', 1),
(537, '19581022DP', 'María Jesús', 'León', 2),
(538, '19581022DP', 'Estoquio', 'Pineda', 1),
(539, '19550613GB', 'Lilia Josefa', 'Valles', 2),
(540, '19550613GB', 'Camilo', 'Becerra', 1),
(541, '19640821TS', 'Rosa Maria', 'Sanchez', 2),
(542, '19651220RR', 'Nicolasa', 'Alvira Omaña', 2),
(543, '19651220RR', 'Clodomiro', 'Ropero', 1),
(544, '19651203JD', 'Hilda Maria', 'Velandria', 2),
(545, '19651203JD', 'Samuel', 'Diaz', 1),
(546, '19551020FL', 'Maria', 'Duque', 2),
(547, '19551020FL', 'Raul', 'Labrador', 1),
(548, '19691209IS', 'Rosa Elena', 'Rodriguez', 2),
(549, '19691209IS', 'Aquilino Satander', 'Navarro', 1),
(550, '19660815FD', 'Hilda Maria', 'Velandria', 2),
(551, '19660815FD', 'Samuel', 'Diaz', 1),
(552, '19630920GC', 'Hermelina', 'Contreras', 2),
(553, '19630920GC', 'Francisco', 'Chancon', 1),
(554, '19580911EO', 'María De Los Angeles', 'Ortiz', 2),
(555, '19550801JP', 'Josefina', 'Peñaranda', 2),
(556, '19551102GM', 'Dulfa', 'Mora', 2),
(557, '19640314AM', 'Rosalba', 'Leal', 2),
(558, '19640314AM', 'Martin', 'Montalve', 1),
(559, '19580609JR', 'María Antonia', 'Rojas', 2),
(560, '19550815CG', 'Ana Del Carmen', 'Galvis', 2),
(561, '19640423AG', 'Ana Julia', 'Gomez', 2),
(562, '19551108MZ', 'Leonidas', 'Zalazar', 2),
(563, '19650722ID', 'Ilda Maria', 'Velandria', 2),
(564, '19650722ID', 'Samuel', 'Diaz', 1),
(565, '19550920VM', 'Maria Teotiste', 'Moncada', 2),
(566, '19581208MC', 'Gladis', 'Becerra', 2),
(567, '19581208MC', 'Anacleto', 'Gandica', 1),
(568, '19640119AC', 'Carmen', 'Sarmiento', 2),
(569, '19640119AC', 'Serafin', 'Cañon', 1),
(570, '19551115AA', 'Benita', 'Acosta', 2),
(571, '19551115AA', 'Teodosio', 'Andrade', 1),
(572, '19660601OG', 'Luisa Elena', 'Ramírez', 2),
(573, '19660601OG', 'Samuel De Jesus', 'García', 1),
(574, '19671215EM', 'Margarita', 'Martinez', 2),
(575, '19551116LR', 'Lucia', 'Arellano', 2),
(576, '19551116LR', 'Jose De Los Angeles', 'Rojas', 1),
(577, '19580327MC', 'Josefina', 'Contreras', 2),
(578, '19640420OT', 'Nelly Marina', 'Vera', 2),
(579, '19640420OT', 'Antonio Maria', 'Torres', 1),
(580, '19550730RG', 'Maria Nepomucena', 'Espinel', 2),
(581, '19550730RG', 'Florentino', 'Garcia', 1),
(582, '19660630FD', 'Maria', 'Margarita Zambrano', 2),
(583, '19660630FD', 'Pablo Antonio', 'Duque', 1),
(584, '19640416AP', 'Maria De Los Angeles', 'Salas De Pineda', 2),
(585, '19640416AP', 'Teodosio', 'Pineda', 1),
(586, '19670727TV', 'Marleny', 'Angarita', 2),
(587, '19670727TV', 'Ivan Ariel', 'Vila', 1),
(588, '19580403PL', 'Juhia', 'Laguado', 2),
(589, '19550920CG', 'Carmen', 'Vera', 2),
(590, '19550920CG', 'Francisco Antonio', 'Gonzalez', 1),
(591, '19640313AF', 'Merccedes', 'Afanador', 2),
(592, '19640313AF', 'Victor', 'Ferrer', 1),
(593, '19691030JR', 'Araceliz', 'Ruiz Pernia', 2),
(594, '19551117BP', 'Candida Maria', 'Pernia', 2),
(595, '19551117BP', 'Jose Del Carmen', 'Pentarrollo', 1),
(596, '19680110MV', 'Martha De Jesus', 'Zambrano', 2),
(597, '19680110MV', 'Pedro Crisbulo', 'Valbuena', 1),
(598, '19581211LL', 'Melguades', 'Laguado', 2),
(599, '19581211LL', 'Irres', 'Moncada De Laguado', 1),
(600, '19631010BM', 'Gladys Del Socorro', 'Osorio De Morales', 2),
(601, '19631010BM', 'Omar Ramon', 'Morales', 1),
(602, '19681029ER', 'Leonor', 'Rodriguez', 2),
(603, '19551121CR', 'Florinda', 'Ruiz', 2),
(604, '19691111JS', 'Maria Alicia', 'Sarmiento', 2),
(605, '19620422AA', 'Maria R', 'Baron', 2),
(606, '19620422AA', 'Manuel Rafael', 'Acero', 1),
(607, '19660506HL', 'Isabel', 'Calbate', 2),
(608, '19660506HL', 'Emilio', 'Lizarazo', 1),
(609, '19710301IM', 'Hortensia', 'Figueroa', 2),
(610, '19710301IM', 'Juan', 'Bautista Moncada', 1),
(611, '19551026AH', 'Brigida', 'Hernandez', 2),
(612, '19581011AH', 'Rosa Oltra', 'Hernandez', 2),
(613, '19681101IC', 'Balbina', 'Calderon Paez', 2),
(614, '19640318EH', 'Oliva', 'Pabon De Hernandez', 2),
(615, '19640318EH', 'Luis', 'Hernandez', 1),
(616, '19690517IZ', 'Maria Aura', 'Zambrano', 2),
(617, '19551115RM', 'Esperanza', 'Noguera', 2),
(618, '19551115RM', 'Luis Alberto', 'Mora', 1),
(619, '19671213HV', 'Carmen Cecilia', 'Roso', 2),
(620, '19671213HV', 'Romulo', 'Vivas', 1),
(621, '19581007DO', 'Erangelunia', 'Ortega', 2),
(622, '19551127JP', 'Socorro', 'Pabon', 2),
(623, '19690117CB', 'Ramona B', 'Izarra', 2),
(624, '19690117CB', 'Juan B', 'Bermudez', 1),
(625, '19710417WS', 'Ana', 'De Dios Roa', 2),
(626, '19710417WS', 'Luis Enrique', 'Suares', 1),
(627, '19640227LZ', 'Carmen Rafaela', 'Omaña De Zambrano', 2),
(628, '19640227LZ', 'Felix Matin', 'Zambrano', 1),
(629, '19551027RN', 'Maria Emiliana', 'Niño', 2),
(630, '19620519RD', 'Maria Elena', 'Mejia', 2),
(631, '19620519RD', 'Jose Angel', 'Dulcey', 1),
(632, '19580625MB', 'María', 'Dolores Bermudez', 2),
(633, '19550916JS', 'Josefa', 'Hernandez', 2),
(634, '19550916JS', 'Macedonio', 'Suarez', 1),
(635, '19680604AM', 'Marcelina', 'Chia', 2),
(636, '19680604AM', 'Octavio', 'Manry', 1),
(637, '19710901VR', 'Luz Marina', 'Duran', 2),
(638, '19710901VR', 'Victor Manuel', 'Ruiz', 1),
(639, '19630311LC', 'Griselda', 'Escalante De Carrillo', 2),
(640, '19630311LC', 'Orfilio', 'Carrillo', 1),
(641, '19580825AH', 'Ana Carmelia', 'Hernandez', 2),
(642, '19640501MM', 'Graciela', 'Camargo De Moncada', 2),
(643, '19640501MM', 'Manuel Ramon', 'Moncada', 1),
(644, '19631228JC', 'Alix Maria', 'Urdaneta', 2),
(645, '19631228JC', 'Tiofilo', 'Chacon', 1),
(646, '19670713NM', 'Ana Maria', 'Ramirez', 2),
(647, '19670713NM', 'Luis Alejandro', 'Mayorca', 1),
(648, '19700618SL', 'Efigenia', 'Lozano', 2),
(649, '19700618SL', 'Angelino', 'Lozano', 1),
(650, '19660309CG', 'Encarnación', 'Gonzales', 2),
(651, '19660309CG', 'Jose Antonio', 'Gutierrez', 1),
(652, '19640126MC', 'Ines Alicia', 'Ortega De Carrillo', 2),
(653, '19640126MC', 'Juaquin', 'Carrillo', 1),
(654, '19621019WB', 'Ninfa Rosa', 'Bergel', 2),
(655, '19671129NC', 'Maria Del Carmen', 'Macias', 2),
(656, '19671129NC', 'Jose Antonio', 'Chavez', 1),
(657, '19640310MA', 'Imelda', 'Alviarez', 2),
(658, '19580109LM', 'Cleofelina', 'Rueda De Mora', 2),
(659, '19580109LM', 'Juan', 'Mora', 1),
(660, '19690801JC', 'Angelica', 'Cuadros Galvis', 2),
(661, '19690801JC', 'Eusebio', 'Sierra', 1),
(662, '19691030PG', 'Elba Del C', 'Rojas Z', 2),
(663, '19691030PG', 'Sixto Nabor', 'Guerrero Contreras', 1),
(664, '19640404BA', 'Beatriz', 'Villamizar De Acero', 2),
(665, '19640404BA', 'Alirio', 'Acero', 1),
(666, '19580624AD', 'Flor De María', 'Prieto', 2),
(667, '19700913RO', 'Luvencia', 'Blanco', 2),
(668, '19700913RO', 'Jose Ciro', 'Ortega', 1),
(669, '19681210MS', 'Yolanda', 'Silva Salcedo', 2),
(670, '19681210MS', 'Adorias', 'Sanches Celis', 1),
(671, '19631225JE', 'Mercedes', 'Celis De Espinoza', 2),
(672, '19631225JE', 'Mateo', 'Espinoza', 1),
(673, '19690824OA', 'Ogelia Ma', 'Sanchez', 2),
(674, '19690824OA', 'Pedro Antonio', 'Aceros Sandoval', 1),
(675, '19581012LR', 'Ana María', 'Cárdenas', 2),
(676, '19581012LR', 'Santiago', 'Ramirez', 1),
(677, '19691007MD', 'Maria Fidelia', 'Duque Roa', 2),
(678, '19710416MM', 'Carmen Elena', 'Ramirez', 2),
(679, '19710416MM', 'Jose Del Carmen', 'Martinez', 1),
(680, '19691002SQ', 'Ma Oliva', 'Neira De G', 2),
(681, '19691002SQ', 'Abrahan', 'Quintero Ropero', 1),
(682, '19580911AM', 'Elena', 'Urdaneta', 2),
(683, '19580911AM', 'Manuel', 'Salvador Morelo', 1),
(684, '19631010CS', 'Ana Plagedes', 'Ramirez', 2),
(685, '19631010CS', 'Agustin', 'Sandoval', 1),
(686, '19710302JD', 'Agueda', 'Silva', 2),
(687, '19710302JD', 'Jose Del Carmen', 'Duque', 1),
(688, '19581103OG', 'Maria Esther', 'Sanchez', 2),
(689, '19581103OG', 'Luben', 'Gutierrez', 1),
(690, '19690620AQ', 'Floria', 'Lennis', 2),
(691, '19690620AQ', 'Pedro Antonio', 'Cordero', 1),
(692, '19630319JV', 'Sara', 'Vera De Villamizar', 2),
(693, '19630319JV', 'Juan De Dios', 'Villamizar', 1),
(694, '19690429EL', 'Efigenia', 'Lozano', 2),
(695, '19580815BS', 'Aura', 'Rosa Sanchez', 2),
(696, '19690910MR', 'Martha Del Carmen', 'Sandia', 2),
(697, '19690910MR', 'Maximiliano', 'Rosales A', 1),
(698, '19640319JU', 'Maria Agripina', 'Orteja De Urbina', 2),
(699, '19640319JU', 'Juan De Jesus', 'Urbina', 1),
(700, '19581213OH', 'María', 'Hernandez', 2),
(701, '19691214LC', 'Ana Juana', 'Contreras', 2),
(702, '19691214LC', 'Humberto Del Carmen', 'Contreras', 1),
(703, '19710817SM', 'Epifania', 'Martinez', 2),
(704, '19630613CG', 'Graciela', 'Molina De Guerreo', 2),
(705, '19630613CG', 'Epifanio', 'Guerrero', 1),
(706, '19580819AG', 'Efeutenia', 'Colmenares', 2),
(707, '19580819AG', 'Leonidas', 'Garcia', 1),
(708, '19691109CM', 'Alba Ma', 'Garcia Arellano', 2),
(709, '19691109CM', 'Carlos Luis', 'Mendoza', 1),
(710, '19700902JB', 'Epifania', 'Martinez', 2),
(711, '19700902JB', 'Daniel', 'Beleño', 1),
(712, '19620112FG', 'Graciela', 'Molina De Guerrero', 2),
(713, '19620112FG', 'Epifanio', 'Guerrero', 1),
(714, '19690930DI', 'Ma Oliva', 'Garcia S', 2),
(715, '19690930DI', 'Orlando', 'Garcia S', 1),
(716, '19710829JE', 'Maria Edelmira', 'Gelvez', 2),
(717, '19710829JE', 'Silvestre', 'Espinel', 1),
(718, '19581224JR', 'Vitalina', 'Morenos', 2),
(719, '19581224JR', 'Jesus Dolores', 'Ramirez', 1),
(720, '19690717JP', 'Maria De Los Reyes', 'Frado', 2),
(721, '19640305LA', 'Olga Maria', 'Alviarez', 2),
(722, '19710427JC', 'Elida Maria', 'Cardenas', 2),
(723, '19581005WG', 'Yolanda', 'Guerra', 2),
(724, '19620917BU', 'Maria Agripina', 'Ortega De Urbina', 2),
(725, '19620917BU', 'Juan', 'Urbina', 1),
(726, '19710715MA', 'Tilcia', 'Acuña Barajas', 2),
(727, '19571214NR', 'Carmen', 'Rincón', 2),
(728, '19690202AR', 'Eloina', 'Cardenas', 2),
(729, '19690202AR', 'Rito Antonio', 'Rodriguez', 1),
(730, '19630814TM', 'Rosa', 'Molina', 2),
(731, '19580828RS', 'Tiodolinda Del Carmen', 'Sancehz', 2),
(732, '19710511LR', 'Ma Del Carmen', 'Rangel', 2),
(733, '19710511LR', 'Evelio De Jesus', 'Valencia', 1),
(734, '19710714MT', 'Maria Del Rosario', 'Torres Laguado', 2),
(735, '19691227MS', 'Carmen Cecilia', 'Sanchez', 2),
(736, '19691019CP', 'Cruz Del Cn', 'Pineda', 2),
(737, '19691019CP', 'Atanael', 'Pineda Rodriguez', 1),
(738, '19581114DC', 'Ana De Jesus', 'Chacon', 2),
(739, '19691105JM', 'Olga Ma', 'Navarro De Ma', 2),
(740, '19691105JM', 'Francisco', 'Marquez Gonsalez', 1),
(741, '19660602OB', 'Rosa Maria', 'Ospina', 2),
(742, '19660602OB', 'Miguel Angel', 'Baiter', 1),
(743, '19630620AC', 'Ana Bautista', 'Camacho', 2),
(744, '19690102MC', 'Carmen Teresa', 'Gutierre', 2),
(745, '19690102MC', 'Eudomo', 'Cardozo Leal', 1),
(746, '19700403MC', 'Elida Maria', 'Cardenas', 2),
(747, '19581104SO', 'Claudina', 'Diaz', 2),
(748, '19581104SO', 'Cristobal', 'Omado', 1),
(749, '19640401OO', 'Leila Rosa', 'Correa', 2),
(750, '19640401OO', 'Pablo Emilio', 'Ortega', 1),
(751, '19690913PC', 'Rosa Delia', 'Castillo De R', 2),
(752, '19690913PC', 'Jose Rafael', 'Reina Bautista', 1),
(753, '19701019RA', 'Ma Irene', 'Barrera', 2),
(754, '19701019RA', 'Roberto Ma', 'Arellano', 1),
(755, '19630313LP', 'Ana', 'Carbajal', 2),
(756, '19630313LP', 'Jose Maria', 'Pineda', 1),
(757, '19581017EM', 'María', 'Soto', 2),
(758, '19581017EM', 'Etadio', 'Morales', 1),
(759, '19690909DS', 'Candida Rosa', 'Marquez', 2),
(760, '19690909DS', 'Feliz Maria', 'Silva', 1),
(761, '19581030LG', 'María Eduvijes', 'Guerrero', 2),
(762, '19701216CC', 'Carmen Blanca', 'Medina', 2),
(763, '19701216CC', 'Bain De Jesus', 'Canquis', 1),
(764, '19690216JL', 'Virginia', 'Landarte', 2),
(765, '19581118RR', 'Alejandrina', 'Rosales', 2),
(766, '19690330BS', 'Carmen', 'Rosales', 2),
(767, '19690330BS', 'Felipe', 'Sanchez', 1),
(768, '19710725LC', 'Margarita', 'Contreras', 2),
(769, '19640420PO', 'Ingracia', 'Ortega De Ortega', 2),
(770, '19640420PO', 'Eusebio', 'Ortega', 1),
(771, '19690415JM', 'Mary', 'Mireya', 2),
(772, '19681205JC', 'Margarita', 'Contreras', 2),
(773, '19640309GM', 'Maria Magdalena', 'Morantes', 2),
(774, '19640309GM', 'Jose Antonio', 'Murgas', 1),
(775, '19680401YU', 'Elicida Rosa', 'Urdaneta', 2),
(776, '19580810GB', 'Eva', 'Navarro', 2),
(777, '19580810GB', 'José', 'Barbara', 1),
(778, '19630429GC', 'Maria Arcadia', 'Contreras', 2),
(779, '19700315AB', 'Ana Julieta', 'Salcedo', 2),
(780, '19700315AB', 'Eduardo Emiro', 'Bracho', 1),
(781, '19670403FG', 'Marina', 'Duran', 2),
(782, '19670403FG', 'Antonio Jose', 'Farces', 1),
(783, '19640404AS', 'Idelfonsa', 'Usache De Suarez', 2),
(784, '19640404AS', 'Alejandro', 'Suarez', 1),
(785, '19680518NF', 'Maria', 'Duran', 2),
(786, '19680518NF', 'Antonio Jose', 'Farces', 1),
(787, '19710525FV', 'Ma Angustias', 'Parada', 2),
(788, '19710525FV', 'Pedro Gonzalo', 'Valero', 1),
(789, '19640319SR', 'Maria Auxiliadora', 'Pernia De Rivera', 2),
(790, '19640319SR', 'Daniel', 'Rivera', 1),
(791, '19580624EJ', 'Maria Everia', 'Jaimes', 2),
(792, '19630425IR', 'Angela Rosa', 'Baron', 2),
(793, '19630425IR', 'Elias Antonio', 'Rubio', 1),
(794, '19660608DG', 'Mariana', 'Duran', 2),
(795, '19660608DG', 'Antonio Jose', 'Garces', 1),
(796, '19701021YR', 'Silvina', 'Contreras', 2),
(797, '19701021YR', 'Samuel', 'Rojas Hernandez', 1),
(798, '19580410RQ', 'Carmen', 'Rodriguez', 2),
(799, '19580410RQ', 'Luis', 'Quintero Ayala', 1),
(800, '19580315HN', 'Maria Del Carmen', 'Navarro', 2),
(801, '19621116HD', 'Matilde', 'Ojeda De Diaz', 2),
(802, '19621116HD', 'Juaquin Juaquin', 'Diaz', 1),
(803, '19640418DZ', 'Ana Paula', 'Zambrano', 2),
(804, '19640418DZ', '', 'Zambrano', 1),
(805, '19710524OH', 'Irma Rosa', 'Rosales', 2),
(806, '19710524OH', 'Lope', 'Hidalgo Marquez', 1),
(807, '19690608AC', 'Ramona Oliva', 'Cardenas', 2),
(808, '19581016JG', 'Yrene', 'Toya', 2),
(809, '19581016JG', 'Misael', 'Gomez', 1),
(810, '19640407RR', 'Ana De Dios', 'Rivera', 2),
(811, '19690915YO', 'Ana Austina', 'Otero Medina', 2),
(812, '19631030CM', 'Olga', 'Monca', 2),
(813, '19581122JO', 'Martina', 'Omaña', 2),
(814, '19681127PC', 'Maria Delia', 'Bohada', 2),
(815, '19681127PC', 'Pedrojulio', 'Chachon', 1),
(816, '19690901JR', '', '', 2),
(817, '19690525LA', 'Alix Maria', 'Alba', 2),
(818, '19690818OD', 'Maria Muldenea', 'Depablo', 2),
(819, '19610608MC', 'Maria Ramona', 'Caceres', 2),
(820, '19550922JZ', 'Venizia', 'Zapata', 2),
(821, '19710505IM', 'Antonia', 'Figuera', 2),
(822, '19710505IM', 'Juan Bautista', 'Moncada', 1),
(823, '19550814EG', 'Maria Victoria', 'Guerrero', 2),
(824, '19610801BG', 'Catalina', 'Guzman', 2),
(825, '19610801BG', 'Jose Del Carmen', 'Garcia', 1),
(826, '19660613IB', 'Licenia', 'Corzo', 2),
(827, '19660613IB', 'Amibal Bautista', 'Bogales', 1),
(828, '19550604OM', 'Maria Clara', 'Chacon', 2),
(829, '19550604OM', 'Carlos Tulio', 'Medonza', 1),
(830, '19610827AR', 'Angelina', 'Navarro', 2),
(831, '19610827AR', 'Roberto', 'Rosales', 1),
(832, '18580501HC', 'Maria Tereza', 'Moreno', 2),
(833, '18580501HC', 'Paulo Errique', 'Chacon', 1),
(834, '19660530EU', 'Maria Agripina', 'Ortega', 2),
(835, '19660530EU', 'Juan De Jesus', 'Urbina', 1),
(836, '19610827TR', 'Celina', 'Blanco', 2),
(837, '19610827TR', 'Mamerto', 'Rosales', 1),
(838, '19570606AP', 'Alba', 'Angel', 2),
(839, '19570606AP', 'Gumersindo', 'Panquera', 1),
(840, '19660413JP', 'Victoria', 'Ardila', 2),
(841, '19660413JP', 'Santiago', 'Pabon', 1),
(842, '19610306JC', 'Jherminia', 'Rodriguez', 2),
(843, '19610306JC', 'Francisco', 'Contreras', 1),
(844, '19660423AV', 'Ana Isabel', 'Pernia', 2),
(845, '19660423AV', 'Eusebio', 'Vargas', 1),
(846, '19651220EM', 'Efigenia', 'Davila', 2),
(847, '19651220EM', 'Jose Del Carmen', 'Mojica', 1),
(848, '19610710JS', 'Maria Angelina', 'Sanchez', 2),
(849, '19610918OR', 'Zenobia', 'Rojas', 2),
(850, '19610918OR', 'Guillermo', 'Rodriguez', 1),
(851, '19571206BV', 'Adelta', 'Diaz', 2),
(852, '19571206BV', 'Guillermo', 'Vargas', 1),
(853, '19651209SE', 'Celia', 'Castañeda', 2),
(854, '19651209SE', 'Crispulo David', 'Escalante', 1),
(855, '19581123MD', 'Maria Jesus', 'Domador', 2),
(856, '19610719AG', 'Cruz De Tina', 'Vargas', 2),
(857, '19610719AG', 'Zoilo', 'Garcia', 1),
(858, '19690426EM', 'Mariana Leonor', 'Espinosa', 2),
(859, '19690426EM', 'Jesus Maria', 'Martinez', 1),
(860, '19581030IO', 'Ana Joaquina', 'Ortega', 2),
(861, '19690909YB', 'Elicida Rosa', 'Urdaneta', 2),
(862, '19690909YB', 'Jose Humberto', 'Bombilla', 1),
(863, '19631003LC', 'Saturmina', 'Cáceres', 2),
(864, '19631003LC', 'José Del Carmen', 'Carrilo', 1),
(865, '19610926LD', 'Valemina', 'Hevia', 2),
(866, '19610926LD', 'Evaristo', 'Dias', 1),
(867, '19660523NJ', 'Teresa', 'Gonzalez', 2),
(868, '19660523NJ', 'Luciano', 'Jaimes', 1),
(869, '19690128JR', 'Ana Asencion', 'Quiroz Chacon', 2),
(870, '19690128JR', 'Ricardo', 'Ramirez Castellanos', 1),
(871, '19691026MA', 'Luz De Los Angeles', 'Conde De A', 2),
(872, '19691026MA', 'Eduardo', 'Araña Bustamante', 1),
(873, '19581228JS', 'Eduvije', 'Sambrano', 2),
(874, '19630512MG', 'Cruz Adelmia', 'Vargas De Garcia', 2),
(875, '19630512MG', 'Tolio', 'Garcia', 1),
(876, '19770725CJ', 'Maria Lucia', 'Moreno', 2),
(877, '19770725CJ', 'Jose Del Carmen', 'Jaime', 1),
(878, '19610925MO', 'Maria Eliza', 'Hernandez', 2),
(879, '19610925MO', 'Cristobal', 'Oviedo', 1),
(880, '19660215HS', 'Ana Delia', 'Carvajal Lalasa', 2),
(881, '19660215HS', 'Ramon', 'Suescun', 1),
(882, '18580606RM', 'Ana Francisca', 'Sambrano', 2),
(883, '18580606RM', 'Evelio', 'Maldonado', 1),
(884, '19780201CN', 'Rosa Albina', 'Portillo', 2),
(885, '19780201CN', 'Miguel', 'Noruega Pallares', 1),
(886, '19681108FZ', 'Adiana Maria', 'Zambrano', 2),
(887, '19631217LQ', 'María Luisa', 'Quintero', 2),
(888, '19601023AR', 'Angela Del Carmen', 'Ramiresz', 2),
(889, '19771017NS', 'Hortencia', 'Vianchada', 2),
(890, '19771017NS', 'Guillermo', 'Soto Menoloja', 1),
(891, '19581227MT', 'Adela', 'Torres', 2),
(892, '19640106JG', 'Ana María', 'Pereira', 2),
(893, '19640106JG', 'Hernan', 'Gonzalez', 1),
(894, '19691019MO', 'Hilda Margarita', 'Cn Escalante', 2),
(895, '19691019MO', 'Victor Demetrio', 'Oballos', 1),
(896, '19771105AR', 'Tereza', 'Ramirez', 2),
(897, '19640126JG', 'Otilia', 'Vivas De Garcia', 2),
(898, '19640126JG', 'Pedro Asis', 'Garcia', 1),
(899, '19581105PC', 'Ana Paulina', 'Casanova', 2),
(900, '19660430LL', 'Mariana', 'Zambrano', 2),
(901, '19660430LL', 'Jose Antonio', 'Lavacude', 1),
(902, '19690227NR', 'Lesbia Margarita', 'Parra', 2),
(903, '19690227NR', 'Jose Maria', 'Rincon', 1),
(904, '19760727ZA', 'Maria Del Carmen', 'Vega', 2),
(905, '19760727ZA', 'Viviano Ramon', 'Anzoategui', 1),
(906, '19631124BM', 'María Sabrina', 'Zambrano De Mora', 2),
(907, '19631124BM', 'Jose Saturno', 'Mora', 1),
(908, '19590112RV', 'Amelia Del Rosario', 'Pernia', 2),
(909, '19590112RV', 'Miguel Antonio', 'Vivas', 1),
(910, '19690910NZ', 'Maria Mercedez', 'Quintero', 2),
(911, '19690910NZ', 'Jose Enelio', 'Zambrano Reyes', 1),
(912, '19640328GM', 'Ana Rita', 'Gonzalez', 2),
(913, '19640328GM', 'Campo Elias', 'Mojica', 1),
(914, '19580710CM', 'Bernarda', 'Marin', 2),
(915, '19681217ZH', 'Diocelina', 'Hernandez', 2),
(916, '19640311DD', 'Carmen', 'Roa De Duque', 2),
(917, '19640311DD', 'Antonio Ramon', 'Duque', 1),
(918, '19590107RP', 'Adelicia', 'Moreno', 2),
(919, '19590107RP', 'Alberto', 'Chacon', 1),
(920, '19640222YC', 'Maria Margarita', 'Fernandez De Cristancho', 2),
(921, '19640222YC', 'Alfredo', 'Cristancho', 1),
(922, '19690628II', 'Carmen Rosa', 'Rodriguez', 2),
(923, '19690628II', 'Melquiades', 'Isea', 1),
(924, '19780211GR', 'Eulisia', 'Contreras', 2),
(925, '19780211GR', 'Luis Alberto', 'Rosales', 1),
(926, '19690628ER', 'Martina', 'Molina', 2),
(927, '19690628ER', 'Nicolas', 'Ramirez', 1),
(928, '19640429JO', 'Maria Luisa', 'Ortega De Ortega', 2),
(929, '19640429JO', 'Ricardo', 'Ortega', 1),
(930, '19771101GR', 'Clatilote', 'Rodriguez', 2),
(931, '19771101GR', 'Isai', 'Rodriguez', 1),
(932, '19601006AG', 'Paula', 'Galvis', 2),
(933, '19691023GL', 'Cenobia', 'Torrado Suarez', 2),
(934, '19691023GL', 'Manuel', 'Luna Botello', 1),
(935, '19640513EO', 'Esperanza', 'Hernandez De Ochoa', 2),
(936, '19640513EO', 'Liberio', 'Ochoa', 1),
(937, '19660310JS', 'Ana', 'Plagedes Ramirez', 2),
(938, '19660310JS', 'Agustin', 'Sandoval', 1),
(939, '19581023RA', 'Ana Gertrudes', 'Acevedo', 2),
(940, '19630514RG', 'Olga Yolanda', 'Torres De Garcia', 2),
(941, '19630514RG', 'Ignacio', 'Garcia', 1),
(942, '19691001DE', 'Maroa Del Cn', 'Hernandez', 2),
(943, '19691001DE', 'Jose Del Cn', 'Serrano', 1),
(944, '19760517PL', 'Luz Dilia', 'Rojas', 2),
(945, '19760517PL', 'Luis Antonio', 'Lopez', 1),
(946, '19581021UG', 'Alcira', 'Rodriguez', 2),
(947, '19581021UG', 'Benito', 'Galviz', 1),
(948, '19640113DV', 'Carmen Alcira', 'Carrillo', 2),
(949, '19640113DV', 'Jose Juan', 'Vera', 1),
(950, '19690604RR', 'Candida Rosa', 'Herrera', 2),
(951, '19690604RR', 'Fabriciano', 'Rojas', 1),
(952, '19770504HF', 'Nelly Maria', 'Franco Ramirez', 2),
(953, '19610319AD', 'Gilma', 'Aparicio', 2),
(954, '19610319AD', 'Fernando', 'Delgado', 1),
(955, '19631202ES', 'Maria De Los Angeles', 'Socorro Vivas', 2),
(956, '19660301JO', 'Flor De Maria', 'Lopez', 2),
(957, '19660301JO', 'Jose Angel', 'Olarte', 1),
(958, '19690809NL', 'Flor De Maria', 'Rodriguez', 2),
(959, '19690809NL', 'Elias', 'Lizarazo', 1),
(960, '19770812MG', 'Maria Flor', 'Galvis', 2),
(961, '19631020MP', 'Odela', 'Rosales De Perez', 2),
(962, '19631020MP', 'Nicario', 'Perez', 1),
(963, '19630917RC', 'Teresa', 'Suarez', 2),
(964, '19630917RC', 'Agustin', 'Carvajal', 1),
(965, '19610722WR', 'Ana Rosa', 'Ramirez', 2),
(966, '19630711ES', 'Evangelista', 'Calderon', 2),
(967, '19630711ES', 'Vilgirio', 'Suarez', 1),
(968, '19580505CM', 'Betilde', 'Jaimes', 2),
(969, '19580505CM', 'Afejos', 'Moreno', 1),
(970, '19610322ES', 'Maria', 'Godoy', 2),
(971, '19610322ES', 'Manuel Antonio', 'Sarmiento', 1),
(972, '19690407HM', 'Flor De Ma', 'Valero Valera', 2),
(973, '19690407HM', 'Francisco', 'Morales', 1),
(974, '19660415NG', 'Elena', 'Granadillo', 2),
(975, '19631108JA', 'Rosa Julia', 'Armaya', 2),
(976, '19770602MR', 'Maria Del Rosario', 'Zorro', 2),
(977, '19770602MR', 'Jose De Jesus', 'Rojas', 1),
(978, '19581221RR', 'Maria Antonia', 'Guerrero', 2),
(979, '19581221RR', 'Jose Estuacio', 'Rondon', 1),
(980, '19780131AD', 'Margarita', 'Delgado', 2),
(981, '19581205JN', 'Maria Elena', 'Duran', 2),
(982, '19581205JN', 'Domingo Ernesto', 'Navarro', 1),
(983, '19610507JM', 'Florinda', 'Castañeda', 2),
(984, '19610507JM', 'Argemiro', 'Marquez', 1),
(985, '19631029RP', 'Maria Fidelina', 'Perez De Perez', 2),
(986, '19631029RP', 'Miguel Angel', 'Perez', 1),
(987, '19690118FG', 'Ma Alejandra', 'Pereira', 2),
(988, '19690118FG', 'Eugelio Hernan', 'Gonsalez Ortiz', 1),
(989, '19640423LP', 'Edilia De Las Mercedes', 'Sanchez De Perez', 2),
(990, '19640423LP', 'Rufino Alberto', 'Perez', 1),
(991, '19611019WG', 'Juana De Dios', 'Pinto', 2),
(992, '19611019WG', 'Joseno', 'Guerrero', 1),
(993, '19691020NM', 'Ana Gloria', 'Bayona', 2),
(994, '19691020NM', 'Alejo', 'Moreno', 1),
(995, '19640430AC', 'Elvira', 'Ramirez De Campos', 2),
(996, '19640430AC', 'Lorenzo Agustin', 'Campos', 1),
(997, '19691020YN', 'Hercilia', 'Navarro Canillo', 2),
(998, '19770814ND', 'Solanda', 'Rangel', 2),
(999, '19770814ND', 'Eladio', 'Diaz', 1),
(1000, '19650326JT', 'Cioli Marina', 'Quintero', 2),
(1001, '19650326JT', 'Antino', 'Maria Flores', 1),
(1002, '19630719RM', 'Maria', 'Espinosa', 2),
(1003, '19630719RM', 'Luis', 'Martinez', 1),
(1004, '19610812AP', 'Ninfa', 'Paez', 2),
(1005, '19581102JD', 'Floe', 'Duarte', 2),
(1006, '19690827AV', 'Alida', 'Rosa Guerrero', 2),
(1007, '19690827AV', 'Enoc', 'Valecia Jimenez', 1),
(1008, '19640419JP', 'Rosalia', 'Perez Zambrano', 2),
(1009, '19590126IM', 'Bonifacia', 'Conteras', 2),
(1010, '19590126IM', 'Jose Del Carquemen', 'Marques', 1),
(1011, '19660315MP', 'Graciela Del C', 'Molina', 2),
(1012, '19660315MP', 'Tridelino Antonio', 'Perez', 1),
(1013, '19640504EE', 'Lucrecia', 'Espinal', 2),
(1014, '19610616JF', 'Josefa', 'Fuentes', 2),
(1015, '19690624JG', 'Herlinda', 'Jaimes', 2),
(1016, '19690624JG', 'Honorio', 'Guerrero', 1),
(1017, '19780122AC', 'Isabel', 'Medina', 2),
(1018, '19780122AC', 'Gregorio', 'Cardenas', 1),
(1019, '19630725JN', 'Adela', 'Navarro', 2),
(1020, '19690821LR', 'Ramona Paulina', 'Rivero Aguilar', 2),
(1021, '19660327CC', 'Maria Del Carmen', 'Flores', 2),
(1022, '19660327CC', 'Luis Jesus', 'Carrillo', 1),
(1023, '19640314AS', 'Juana Maria', 'Guerrero', 2),
(1024, '19640314AS', 'Santiago Emilio', 'Sanchez', 1),
(1025, '19690506JA', 'Francisca', 'Higuera', 2),
(1026, '19690506JA', 'Jaime', 'Ariza', 1),
(1027, '19610906DM', 'Maria Celina', 'Morales', 2),
(1028, '19610906DM', 'Jesus Manuel', 'Molina', 1),
(1029, '19660326ER', 'Teresa', 'Rodriguez Mejia', 2),
(1030, '19780212MC', 'Ana Bernilde', 'Roa', 2),
(1031, '19780212MC', 'Digoberto', 'Contreras', 1),
(1032, '19610511FM', 'Maria De Los Angeles', 'Garcia', 2),
(1033, '19610511FM', 'Victor Gabriel', 'Mora', 1),
(1034, '19580913JS', 'Barbara', 'Sierra', 2),
(1035, '19581224LD', 'Romelia', 'Duque', 2),
(1036, '19581224LD', 'Rodolfo', 'Gomez', 1),
(1037, '19611004AG', 'Angelica', 'Perez', 2),
(1038, '19611004AG', 'Eutincio', 'Guerrero', 1),
(1039, '19581128VN', 'Felisia', 'Rodrigues', 2),
(1040, '19581128VN', 'Gerano', 'Niño', 1),
(1041, '19590114JC', 'Ortencia', 'Acevedo', 2),
(1042, '19590114JC', 'Jose De La Cruz', 'Chacon', 1),
(1043, '19610827JR', 'Eliodigna', 'Marquez', 2),
(1044, '19610827JR', 'Josea Domingo', 'Rosales', 1),
(1045, '19671128BV', 'Maria Rosario', 'Parada', 2),
(1046, '19671128BV', 'Alejandro', 'Valderrama', 1),
(1047, '19581212AV', 'Ana Edilia', 'Beltran', 2),
(1048, '19590107AP', 'Anatilia', 'Moncada', 2),
(1049, '19590107AP', 'Demencio', 'Peres', 1),
(1050, '19610619RF', 'Alis Del Carmemn', 'Fernandez', 2),
(1051, '19580916RR', 'Paulina', 'Riberos', 2),
(1052, '19581213AB', 'M', '', 2),
(1053, '19581213AB', 'Maria', 'Bautista', 1),
(1054, '19671220JM', 'Edurina Del Carmen', 'Robles', 2),
(1055, '19671220JM', 'Samuel Antonio', 'Moreno', 1),
(1056, '19611001VM', 'Mrgarita', 'Uribe', 2),
(1057, '19611001VM', 'Eudacio', 'Morales', 1);
INSERT INTO `padres` (`IdPad`, `IdInd`, `Nom`, `Ape`, `Sex`) VALUES
(1058, '19590109AN', 'Alix Maria', 'Navarro', 2),
(1059, '19590109AN', 'Amadeo', 'Niño', 1),
(1060, '19680128IC', 'Alejandrina', 'Chacon', 2),
(1061, '19590118CS', 'Bicenta', 'Sanchez', 2),
(1062, '19581212MR', 'Senobia', 'Roso', 2),
(1063, '19670421LP', 'Isabel', 'Contreras', 2),
(1064, '19670421LP', 'Jesus Maria', 'Panqueba Angel', 1),
(1065, '19610312BD', 'Ana Olga', 'Caceres', 2),
(1066, '19610312BD', 'Teoduardo', 'Domador', 1),
(1067, '19590124MG', 'Antonia', 'Mora De Guerrero', 2),
(1068, '19590124MG', 'Benigdo', 'Guerrero', 1),
(1069, '19610921LA', 'Dolores', 'Ardila', 2),
(1070, '19611002JC', 'Maria Irene', 'Gomez', 2),
(1071, '19611002JC', 'Jose Angel', 'Contreras', 1),
(1072, '19660427NR', 'Maria Del Rosario', 'Zorro', 2),
(1073, '19660427NR', 'Jose De Jesus', 'Rojas Porras', 1),
(1074, '19610915CD', 'Aminta', 'Garcia', 2),
(1075, '19610915CD', 'Silvestre', 'Dias', 1),
(1076, '19550714MJ', 'Ana Maria', 'Jimenez', 2),
(1077, '19550309MQ', 'Dolores', 'Jimenez', 2),
(1078, '19550309MQ', 'Jose', 'Quiroz', 1),
(1079, '19551126PE', 'Carmen', 'Escalante', 2),
(1080, '19551126FE', 'Carmen', 'Escalante', 2),
(1081, '19631202VF', 'Ana Mercedez', 'Santos De Flores', 2),
(1082, '19631202VF', 'Alpinio', 'Flores', 1),
(1083, '19550602ER', 'Carmen', 'Rivera', 2),
(1084, '19630513IC', 'Ema Rosa', 'Ramirez', 2),
(1085, '19630513IC', 'Fermin Gonzalo', 'Caceres', 1),
(1086, '19550924MG', 'Ana Cloteilde', 'Noguera', 2),
(1087, '19550924MG', 'Pablo Emiliano', 'Guerrero', 1),
(1088, '19550503AR', 'Margarita', 'Rojas', 2),
(1089, '19640505JM', 'Blanca Alida', 'Guerra De Marquez', 2),
(1090, '19640505JM', 'Jose Ramiro', 'Marquez', 1),
(1091, '19680531TZ', 'Cándida Rosa', 'Zapata Castro', 2),
(1092, '19550630GR', 'Maria', 'Forero', 2),
(1093, '19550630GR', 'Victor Manuel', 'Rodriguez', 1),
(1094, '19640223RM', 'Carmen', 'Moreno', 2),
(1095, '19551010PL', 'Celina', 'Angarita', 2),
(1096, '19551010PL', 'Pedro', 'Lopez', 1),
(1097, '19680101RG', 'Valeria', 'Contreras', 2),
(1098, '19680101RG', 'Julio', 'Guerrero', 1),
(1099, '19630424NC', 'Ofelina', 'Navarro', 2),
(1100, '19630424NC', 'Luis', 'Castro', 1),
(1101, '19551107CM', 'Josefa', 'Maldonado', 2),
(1102, '19630813EG', 'Maria Elisa', 'Lopez', 2),
(1103, '19630813EG', 'Roque', 'Guzman', 1),
(1104, '19550404YM', 'Ana Clemencia', 'Molina', 2),
(1105, '19670204BZ', 'Cándida Rosa', 'Zapata Castro', 2),
(1106, '19671217PN', 'Modesta', 'Escolante', 2),
(1107, '19671217PN', 'Manuel Antonio', 'Neira', 1),
(1108, '19551125MR', 'Ana', 'Vera', 2),
(1109, '19551125MR', 'Jose Melecio', 'Roa', 1),
(1110, '19640325GG', 'Edelina', 'Parada De Guerrero', 2),
(1111, '19640325GG', 'Evaristo', 'Guerrero', 1),
(1112, '19640427AC', 'Ana Olivia', 'Rojas', 2),
(1113, '19640427AC', 'Pio Ramon', 'Cegarra', 1),
(1114, '19660825ZS', 'Waldeina', 'Sanchez', 2),
(1115, '19660825ZS', 'Efrain', 'Sanchez', 1),
(1116, '19691001BC', 'Ada Maria', 'Contreras', 2),
(1117, '19631025KP', 'Eduviges', 'Chia De Parada', 2),
(1118, '19631025KP', 'Noe', 'Paredes', 1),
(1119, '19640517PD', 'Antonia Eulogia', 'Garcia De Diaz', 2),
(1120, '19640517PD', 'Silvestre', 'Diaz', 1),
(1121, '19680903LP', 'Carmen Celina', 'Maldonado', 2),
(1122, '19680903LP', 'Luis Alfonso', 'Pinzon', 1),
(1123, '19680229JG', 'Digna Alicia', 'Guerrero Contreras', 2),
(1124, '19610306MM', 'Benita', 'Montiel', 2),
(1125, '19630616NM', 'Maria Ramona', 'Mora De Moreno', 2),
(1126, '19630616NM', 'Jose Miguel', 'Moreno', 1),
(1127, '19670812JR', 'Ana De Dios', 'Pabon', 2),
(1128, '19670812JR', 'Jose Rosario', 'Rolon', 1),
(1129, '19621101RR', 'Caridad', 'Carrillo', 2),
(1130, '19621101RR', 'Ramon', 'Rubio', 1),
(1131, '19670212MV', 'Ana Griselda', 'Villamizar', 2),
(1132, '19680805LM', 'Genoveva', 'Montiel', 2),
(1133, '19610601YP', 'Carmen R', 'Duran', 2),
(1134, '19610601YP', 'Nolberto', 'Parada', 1),
(1135, '19671029RS', 'Josefa', 'Escala', 2),
(1136, '19671029RS', 'Luis Franciscio', 'Silva', 1),
(1137, '19640508EA', 'Cenovia', 'Perez', 2),
(1138, '19640508EA', 'Natalio', 'Albomos', 1),
(1139, '19640508EC', 'Cristina', 'Contreras De Chacon', 2),
(1140, '19640508EC', 'Guillermo', 'Chacon', 1),
(1141, '19610815RD', 'Rosa Flor', 'Duarte', 2),
(1142, '09680110LQ', 'Ana Dolores', 'Castellanos', 2),
(1143, '09680110LQ', 'Luis Daniel', 'Quintero Gelvez', 1),
(1144, '19640330GL', 'Victoria', 'Lopez', 2),
(1145, '19640514CS', 'Socorro', 'Sanchez', 2),
(1146, '19640302JC', 'Olivia', 'Perez De Caceres', 2),
(1147, '19640302JC', 'Jose De Los Santos', 'Caceres', 1),
(1148, '19690503OB', 'Otilia', 'Bernal', 2),
(1149, '19631212HD', 'Isabel', 'Durante Duran', 2),
(1150, '19680126IR', 'Maria Hidelfonsa', 'Luzardo', 2),
(1151, '19680126IR', 'Jose Del Carmen', 'Roa', 1),
(1152, '19610315ED', 'Graciela', 'Ramirez', 2),
(1153, '19610315ED', 'Jhumberto', 'Rubio', 1),
(1154, '19640526AC', 'Ana Benilde', 'Colmenares De Cardenas', 2),
(1155, '19640526AC', 'Ramon', 'Cardenas', 1),
(1156, '19691101NG', 'Rosa Maria', 'Gutiérrez', 2),
(1157, '19691112EM', 'Amelia Del Cu', 'Guerrero', 2),
(1158, '19691112EM', 'José Gregorio', 'Montoya', 1),
(1159, '19631115MO', 'Briseida', 'Aparicio De Ochoa', 2),
(1160, '19631115MO', 'Atoniel', 'Ochoa', 1),
(1161, '19690306PB', 'Luz Del P', 'Socorro Guerrero', 2),
(1162, '19690306PB', 'Luis Edudardo', 'Becerra Riaño', 1),
(1163, '19640229MC', 'Martha Cecilia', 'Carreño', 2),
(1164, '19670317HL', 'Berta', 'Ortiz Rey', 2),
(1165, '19690515LC', 'Angelina', 'Montero Villamizar', 2),
(1166, '19690515LC', 'Jose Angel', 'Costero Yamez', 1),
(1167, '19690303EM', 'Teresa', 'Torres Sarabia', 2),
(1168, '19690303EM', 'Otoniel', 'Melendes', 1),
(1169, '19631129GR', 'Pastora', 'Moreno', 2),
(1170, '19631129GR', 'Ciro Antonio', 'Rodriguez', 1),
(1171, '19640509CN', 'Maria Elena', 'Miranda De Navarro', 2),
(1172, '19640509CN', 'Ernesto', 'Navarro', 1),
(1173, '19680605ER', 'Betilde', 'Arenal', 2),
(1174, '19680605ER', 'Jorge', 'Rivera', 1),
(1175, '19640403BO', 'Josefa Antonia', 'Ortega', 2),
(1176, '19640516EC', 'Maria Ligia', 'Carrillo', 2),
(1177, '19690622LR', 'Betilde', 'Arenal', 2),
(1178, '19690622LR', 'Jorge', 'Rivera', 1),
(1179, '19640418DA', 'Saturna Del Carmen', 'Rojas', 2),
(1180, '19640418DA', 'Lusiano Del Carmen', 'Aguilar', 1),
(1181, '19640404YR', 'Maria Eloisa', 'Ramirez De Ramirez', 2),
(1182, '19640404YR', 'Geraldo', 'Ramirez', 1),
(1183, '19670726AO', 'Rosa', 'Ortiz', 2),
(1184, '19640416RD', 'Dioselina', 'Hernandez', 2),
(1185, '19640416RD', 'Geromino', 'Delgado', 1),
(1186, '19630923GQ', 'Rosenda', 'Quintero', 2),
(1187, '19690615AR', 'Matilda', 'Moreno', 2),
(1188, '19690615AR', 'Adonai', 'Rodriguez', 1),
(1189, '19640515HZ', 'Gleofe', 'Zambrano', 2),
(1190, '19691010IP', 'Edita R', 'Davila M', 2),
(1191, '19691010IP', 'Jose Dario', 'Perez Castilla', 1),
(1192, '19660205WM', 'Olga Maria', 'Guerrero', 2),
(1193, '19660205WM', 'Martin', 'Alcidoro Maldonado', 1),
(1194, '19631223GM', 'Cecilia', 'Merchan', 2),
(1195, '19680518OA', 'Balbina', 'Alarcon', 2),
(1196, '19680518OA', 'Jesus Ma', 'Vergel Ricon', 1),
(1197, '19640328JT', 'Eleuteria', 'Arenas', 2),
(1198, '19640328JT', 'Heleodoro', 'Tapa', 1),
(1199, '19691112GS', 'Mary Ramona', 'Colmenares', 2),
(1200, '19691112GS', 'Jose Ramon', 'Sanchez', 1),
(1201, '19640521VR', 'Felicita', 'De Robles', 2),
(1202, '19640521VR', 'Victoriano De Jesus', 'Robles', 1),
(1203, '19630901JE', 'Maria Lucia', 'Mogollon', 2),
(1204, '19630901JE', 'Geraldo', 'Escala', 1),
(1205, '19631112JC', 'Petra', 'Colmenares', 2),
(1206, '19681106AB', 'Marina Sepulbeda', 'De Belen', 2),
(1207, '19681106AB', 'Jose Juan', 'Belen', 1),
(1208, '19640122CG', 'Celida Del Carmen', 'Navarro', 2),
(1209, '19640122CG', 'Carlos Ramon', 'Galaviz', 1),
(1210, '19640504LC', 'Maria Estela', 'Cruz', 2),
(1211, '19640601JC', 'Dioselina', 'Pineda', 2),
(1212, '19640601JC', 'Juan Pablo', 'Chacon', 1),
(1213, '19681217LM', 'Ana De Dios', 'Corde De Zambrano', 2),
(1214, '19681217LM', 'Antonio', 'Zambrano', 1),
(1215, '19631027SG', 'Paula', 'Garcia', 2),
(1216, '19640508GM', 'Nicolasa', 'Carrillo', 2),
(1217, '19640508GM', 'Otilio', 'Melo', 1),
(1218, '19630620DV', 'Alida Rosa', 'Guerrero', 2),
(1219, '19630620DV', 'Enoc', 'Valencia', 1),
(1220, '19620625RN', 'Romelia', 'Nabero', 2),
(1221, '19640530IA', 'Celmia', 'Estupiñan', 2),
(1222, '19640530IA', 'Angel Maria', 'Arellano', 1);

INSERT INTO `padrinos` (`IdPadri`, `IdInd`, `Nom`, `Ape`, `Sex`, `TipCelPad`) VALUES
(1, '19550620LC', 'Pedro', 'Dulcey', 1, 1),
(2, '19550620LC', 'Maria Raquel', 'Sanchez De Dulcey', 2, 1),
(3, '19550329AD', 'Jose Baldomero', 'Escalante', 1, 1),
(4, '19550329AD', 'Elena', 'Borrero', 2, 1),
(5, '19551002JR', 'Jorge', 'Ramirez Caceres', 1, 1),
(6, '19551002JR', 'Alabaria', 'Clevi Colmenares', 2, 1),
(7, '19551002TG', 'Jose Baldomero', 'Escalante', 1, 1),
(8, '19551002TG', 'Elena', 'Borrero', 2, 1),
(9, '19620321EA', 'Martin Alcidoro', 'Maldonado', 1, 1),
(10, '19620321EA', 'Olga', 'Gerrero De M', 2, 1),
(11, '19770818JE', 'José Eloy', 'Luna', 1, 1),
(12, '19770818JE', 'Julia', 'Montañés', 2, 1),
(13, '19551014CN', 'Jose', 'Velazco', 1, 1),
(14, '19551014CN', 'Eleuteria', 'Velazco', 2, 1),
(15, '19770727GM', 'Eduardo', 'Acuña', 1, 1),
(16, '19770727GM', 'Maria De Los Angeles', 'Conde', 2, 1),
(17, '19550731DB', 'Jesus Maria', 'Vega', 1, 1),
(18, '19550731DB', 'Barbara', 'Galue', 2, 1),
(19, '19710411JC', 'Jose', 'Camargo', 1, 1),
(20, '19710411JC', 'Ramona', 'De Camargo', 2, 1),
(21, '19710729EC', 'Jose Melerio', 'Roa', 1, 1),
(22, '19710729EC', 'Olga Del C', 'Vera', 2, 1),
(23, '19550920JP', 'Jose', 'Zapata', 1, 1),
(24, '19550920JP', 'Ramona', 'Sandia', 2, 1),
(25, '19650811FR', 'Armando', 'Niño', 1, 1),
(26, '19650811FR', 'Ana Cecilia', 'Niño', 2, 1),
(27, '19550306JM', 'Regino', 'Sanguino', 1, 1),
(28, '19550306JM', 'Maria', 'Duarte', 2, 1),
(29, '19650424JM', 'Luis', 'Zambrano', 1, 1),
(30, '19650424JM', 'Hortensia', 'De Zambrano', 2, 1),
(31, '19551025HE', 'Jesus Antonio', 'Pernia', 1, 1),
(32, '19551025HE', 'Carmen', 'Rujano', 2, 1),
(33, '19581004DH', 'Pedro', 'Benigno Pérez', 1, 1),
(34, '19581004DH', 'Mercedes', 'Aldana', 2, 1),
(35, '19670309MC', 'Orlando Antonio', 'Guerrero', 1, 1),
(36, '19670309MC', 'Mercedes', 'Saudoral', 2, 1),
(37, '19640312GP', 'Jose Antonio', 'Noguera', 1, 1),
(38, '19640312GP', 'Maria Antonia', 'Rojas', 2, 1),
(39, '19790416LM', 'Edilio', 'Sanchez Parada', 1, 1),
(40, '19790416LM', 'Ana', 'Tilcia Boada', 2, 1),
(41, '19710704BM', 'Marcos Tulio', 'Caceres', 1, 1),
(42, '19710704BM', 'Ana Belia', 'De Caceres', 2, 1),
(43, '19660311AM', 'Pascual', 'Duque', 1, 1),
(44, '19660311AM', 'Ana', 'Belaguera', 2, 1),
(45, '19550405JQ', 'Antonio', 'Rosales', 1, 1),
(46, '19550405JQ', 'Lina', 'Vivas', 2, 1),
(47, '19780525LC', 'Afilin', 'Camillo', 1, 1),
(48, '19780525LC', 'Ligia', 'Medina', 2, 1),
(49, '19710617MR', 'Julio', 'Guerrero', 1, 1),
(50, '19710617MR', 'Valeria', 'Contreras', 2, 1),
(51, '19660403AA', 'Domingo Homero', 'Rangel', 1, 1),
(52, '19660403AA', 'Rosa', 'De Virras', 2, 1),
(53, '19671104WR', 'Manuel', 'Morales', 1, 1),
(54, '19671104WR', 'Juana', 'Zambrano', 2, 1),
(55, '19541202GG', 'Pedro Antonio', 'Briceño', 1, 1),
(56, '19541202GG', 'Ligia Rosa', 'Zambrano', 2, 1),
(57, '19660429AM', 'Angel María', 'Lulido', 1, 1),
(58, '19660429AM', 'Bertha', 'Moros De Lulido', 2, 1),
(59, '19540306JC', 'Jirfto', 'Suarez', 1, 1),
(60, '19540306JC', 'Clara', 'Suarez', 2, 1),
(61, '19671202AC', 'Jorge Enrrique', 'Otero', 1, 1),
(62, '19671202AC', 'Brigida', 'Hernandez', 2, 1),
(63, '19580822JL', 'Jesus Maria', 'Orellano', 1, 1),
(64, '19580822JL', 'Margarita', 'Orellano', 2, 1),
(65, '19780909GO', 'Antonio Ramon', 'Montolla', 1, 1),
(66, '19780909GO', 'Maria Del Carmen', 'Montolla', 2, 1),
(67, '19551015GD', 'Bonifacio', 'Parada', 1, 1),
(68, '19551015GD', 'Ana', 'Caceres', 2, 1),
(69, '19700919JB', 'Marcelo Tulio', 'Aparicio', 1, 1),
(70, '19700919JB', 'Eva', 'Torres', 2, 1),
(71, '19631119NQ', 'Migel Antonio', 'Gonzalez', 1, 1),
(72, '19631119NQ', 'Ana Maria', 'Rincon De Leon', 2, 1),
(73, '19651004MA', 'Manuel', 'Adrianza', 1, 1),
(74, '19651004MA', 'Nollys', 'Parra De Adrianza', 2, 1),
(75, '19551026JP', 'Luis', 'Cardenas', 1, 1),
(76, '19551026JP', 'Paula', 'Ochoa', 2, 1),
(77, '19660307MJ', 'Jose Antonio', 'Ramirez', 1, 1),
(78, '19660307MJ', 'Ubaldina', 'Roa', 2, 1),
(79, '19550127MA', 'Agustin', 'Chacon', 1, 1),
(80, '19550127MA', 'Antonia', 'Chacon', 2, 1),
(81, '19660403MA', 'Angel', 'Camacho', 1, 1),
(82, '19660403MA', 'Carmen', 'Sánchez', 2, 1),
(83, '19630829GH', 'Domingo Ignacio', 'Yrigay', 1, 1),
(84, '19630829GH', 'Antonia', 'Duque', 2, 1),
(85, '19671104JB', 'Jose Dolores', 'Ramirez', 1, 1),
(86, '19671104JB', 'Carmen Vitalina', 'De Ramirez', 2, 1),
(87, '09710422CG', 'Hermes Anselmo', 'Duran', 1, 1),
(88, '09710422CG', 'Maria Asuncion', 'Abello', 2, 1),
(89, '19771128WR', 'Honorio', 'Requena', 1, 1),
(90, '19771128WR', 'Josefa', 'Ostos De R', 2, 1),
(91, '19581022FP', 'Luis', 'Ribera', 1, 1),
(92, '19581022FP', 'Maria', 'Mora', 2, 1),
(93, '19671208CP', 'Jose Angel', 'Espinoza', 1, 1),
(94, '19671208CP', 'Gladys Maria', 'Hernandez', 2, 1),
(95, '19650626JC', 'Santiago', 'Jáuregui', 1, 1),
(96, '19650626JC', 'María', 'De Jáuregu', 2, 1),
(97, '19790429MF', 'Honorio', 'Requena', 1, 1),
(98, '19790429MF', 'Josefa', 'Ostos De R', 2, 1),
(99, '19710621LB', 'Humbreto', 'Moreno', 1, 1),
(100, '19710621LB', 'Nelly Carmen', 'De Moreno', 2, 1),
(101, '19550811JP', 'Encarnacion', 'Medina', 1, 1),
(102, '19550811JP', 'Ramona', 'Alviarez', 2, 1),
(103, '19671031HG', 'Jesus Andrez', 'Martinez', 1, 1),
(104, '19671031HG', 'Ana Lucia', 'Medina', 2, 1),
(105, '19660417LF', 'Arcangel', 'Guerrero', 1, 1),
(106, '19660417LF', 'Emira', 'León De Guerrero', 2, 1),
(107, '19710911HV', 'Manuel Antonio', 'Ovalles', 1, 1),
(108, '19710911HV', 'Maria A Lbertina', 'Ovalles', 2, 1),
(109, '19670830JP', 'Jose Dolores', 'Contreras', 1, 1),
(110, '19670830JP', 'Maria Elena', 'Rojas', 2, 1),
(111, '19581020MS', 'Gergio', 'Garcia', 1, 1),
(112, '19581020MS', 'Clara', 'Pineda', 2, 1),
(113, '19790926EZ', 'Luis Alfonso', 'Roa', 1, 1),
(114, '19790926EZ', 'Carmen Gloria', 'Mendez', 2, 1),
(115, '19650613CO', 'Francisco', 'Zambrano', 1, 1),
(116, '19650613CO', 'Carmen Cecilia', 'Chacón', 2, 1),
(117, '19550326FP', 'Jesus', 'Salcedo', 1, 1),
(118, '19550326FP', 'Cruz', 'Villamizar', 2, 1),
(119, '19680121JL', 'Francisco Adan', 'Zambrano', 1, 1),
(120, '19680121JL', 'Ana Agobita', 'Contreras', 2, 1),
(121, '19690206RV', 'Pio Lenis', 'Peña', 1, 1),
(122, '19690206RV', 'Domitila', 'Moncada', 2, 1),
(123, '19660403GG', 'Pedro', 'Mejías', 1, 1),
(124, '19660403GG', 'Zolia Rosa', 'De Mejías', 2, 1),
(125, '19640131RM', 'Lionidas', 'Guerrero', 1, 1),
(126, '19640131RM', 'Cristina', 'Pernia De Guerrero', 2, 1),
(127, '19550102JA', 'Benito', 'Cardenas', 1, 1),
(128, '19550102JA', 'Ofelia Guerrero', '', 2, 1),
(129, '19580603FR', 'Francisco Antonio', 'Rosales', 1, 1),
(130, '19580603FR', 'Rosas', 'Vivas', 2, 1),
(131, '19710301LC', 'Alfonso', 'Moncada', 1, 1),
(132, '19710301LC', 'Noelia', 'Lubo', 2, 1),
(133, '19700108LC', 'Alfonso', 'Rozo Hernández', 1, 1),
(134, '19700108LC', 'Maria Antonia', 'Contreras', 2, 1),
(135, '19670222BC', 'Elenterio', 'Sanchez', 1, 1),
(136, '19670222BC', 'Eloiza', 'Alviarez', 2, 1),
(137, '19550905MC', 'Jose Gregorio', 'Marquez', 1, 1),
(138, '19550905MC', 'Ana De Dios', 'Olivares', 2, 1),
(139, '19710722AC', 'Medardo', 'Cardenas', 1, 1),
(140, '19710722AC', 'Trancito', 'Lizarazo', 2, 1),
(141, '19581025RP', 'German', 'Chacón', 1, 1),
(142, '19581025RP', 'Lourdes', 'Pérez', 2, 1),
(143, '19651020PC', 'José Patricio', 'Sandoral', 1, 1),
(144, '19651020PC', 'Amparo', 'Rodríguez', 2, 1),
(145, '19551030SH', 'Antonio', 'Garcia', 1, 1),
(146, '19551030SH', 'Teotiste', 'Sandia', 2, 1),
(147, '19671119ET', 'Jose Dolores', 'Contreras', 1, 1),
(148, '19671119ET', 'Maria Elena', 'Rojas', 2, 1),
(149, '19630125LQ', 'Miguel Antonio', 'Gonzales', 1, 1),
(150, '19630125LQ', 'Aura Maria', 'Rincon', 2, 1),
(151, '19710707JL', 'Pedro', 'Briceño', 1, 1),
(152, '19710707JL', 'Ligia', 'De Briceño', 2, 1),
(153, '19580404CM', 'Marcos', 'Olivares', 1, 1),
(154, '19580404CM', 'Hermilda', 'Hernández', 2, 1),
(155, '19650603BF', 'Pedro', 'León Gómez', 1, 1),
(156, '19650603BF', 'Rosalia', 'Sánchez De Ramírez', 2, 1),
(157, '19790704ZM', 'Roberto', 'Gonzalez', 1, 1),
(158, '19790704ZM', 'Luisa Luciana', 'Estevel', 2, 1),
(159, '19630929CM', 'Git Antonio', 'Torres', 1, 1),
(160, '19630929CM', 'Gricelda', 'Fernandez', 2, 1),
(161, '19710714MB', 'Luis Antonio', 'Camacho', 1, 1),
(162, '19710714MB', 'Maria Transito', 'Lizarazo', 2, 1),
(163, '19660519AR', 'Luis Antonio', 'Camacho', 1, 1),
(164, '19660519AR', 'María Belén', 'De Camacho', 2, 1),
(165, '19611210DJ', 'Patricio', 'Guerrero', 1, 1),
(166, '19611210DJ', 'Eduviges', 'Colmenares', 2, 1),
(167, '09700901RO', 'Vidal', 'Sanchez', 1, 1),
(168, '09700901RO', 'Ana Yibe', 'Becerra', 2, 1),
(169, '19680104LP', 'Gustavo', 'Frias', 1, 1),
(170, '19680104LP', 'Maria Label', 'Perez De Frías', 2, 1),
(171, '19630708BB', 'Alfredo', 'Perez', 1, 1),
(172, '19630708BB', 'Alicia', 'Perez De Perez', 2, 1),
(173, '19710531AP', 'Victoriano', 'Medina', 1, 1),
(174, '19710531AP', 'Alejandrina', 'Torres', 2, 1),
(175, '19661122JP', 'Victor Julio', 'Germiento', 1, 1),
(176, '19661122JP', 'Ana Fea', 'Medina', 2, 1),
(177, '19580924ML', 'José Juan', 'Garcia', 1, 1),
(178, '19580924ML', 'Gebastiana', 'Palenca De García', 2, 1),
(179, '19551014PM', 'Antonio', 'Garcia', 1, 1),
(180, '19551014PM', 'Teotiste', 'Sandia', 2, 1),
(181, '19640322JC', 'Trino', 'Medina', 1, 1),
(182, '19640322JC', 'Cecilia', 'Medina', 2, 1),
(183, '19660605JM', 'Celestino', 'Juárez', 1, 1),
(184, '19660605JM', 'Julia', 'Ostos De Juárez', 2, 1),
(185, '19790824GB', 'Manuel Alfonso', 'Zambrano', 1, 1),
(186, '19790824GB', 'Esfigenia', 'Romero', 2, 1),
(187, '19661220DR', 'Jose Melecio', 'Roa', 1, 1),
(188, '19661220DR', 'Anda Del Carmen', 'Vera De R', 2, 1),
(189, '19550630LE', 'Antonio', 'Garcia', 1, 1),
(190, '19550630LE', 'Teotiste', 'Sandia', 2, 1),
(191, '19710703CR', 'Victor', 'Arellano', 1, 1),
(192, '19710703CR', 'Maria', 'Delgado', 2, 1),
(193, '19640312NB', 'Andres', 'Villamizar', 1, 1),
(194, '19640312NB', 'Marcelina', 'Quintero De B', 2, 1),
(195, '19651009GC', 'Julio', 'Guerrero', 1, 1),
(196, '19651009GC', 'Valeria', 'De Guerrero', 2, 1),
(197, '19551003NG', 'Celestino', 'Suarez', 1, 1),
(198, '19551003NG', 'Tulia', 'Ostos', 2, 1),
(199, '19671205BG', 'Antonio', 'Contreras', 1, 1),
(200, '19671205BG', 'Cantalicia', 'Guerrero', 2, 1),
(201, '19670829DB', 'Jose Rodolfo', 'Zambrano', 1, 1),
(202, '19670829DB', 'Alix Teresa', 'Zambrano', 2, 1),
(203, '19551002CM', 'Jose', 'Guerrero', 1, 1),
(204, '19551002CM', 'Oliva', 'Mendez', 2, 1),
(205, '19671016RR', 'Carlos Luis', 'Meraloza', 1, 1),
(206, '19671016RR', 'Elva', 'Mendoza', 2, 1),
(207, '19710824JO', 'Samuel', 'Salcedo', 1, 1),
(208, '19710824JO', 'Jobita', 'Duque', 2, 1),
(209, '19710503RN', 'Pedro', 'Mendez', 1, 1),
(210, '19710503RN', 'Francelina', 'Rincon', 2, 1),
(211, '19580316LP', 'Ramon', 'Lorenzo', 1, 1),
(212, '19580316LP', 'Friana', 'Rojas', 2, 1),
(213, '19640209PG', 'Pastor', 'Sanches', 1, 1),
(214, '19640209PG', 'Aracelis', 'Ramirez De Sanches', 2, 1),
(215, '19550213LH', 'Prospero', 'Bustamante', 1, 1),
(216, '19550213LH', 'Bonifacia', 'Medina', 2, 1),
(217, '19650822OH', 'Celestino', 'Juárez', 1, 1),
(218, '19650822OH', 'Julia', 'Ostos De Juárez', 2, 1),
(219, '19670609JA', 'Salvador', 'Ortega', 1, 1),
(220, '19670609JA', 'Aura', 'Orozco Moreno', 2, 1),
(221, '19631127RD', 'Antonio', 'Montuja Diaz', 1, 1),
(222, '19631127RD', 'Bernanda', 'De Montuja', 2, 1),
(223, '19710801FA', 'Eustasio', 'Ramirez', 1, 1),
(224, '19710801FA', 'Blanca', 'Hernandez', 2, 1),
(225, '19690815WS', 'Luis Alfonso', 'Romero', 1, 1),
(226, '19690815WS', 'Blanca Mirella', 'Borrego', 2, 1),
(227, '19640122LC', 'Vicente', 'Reyes', 1, 1),
(228, '19640122LC', 'Ufrasia', 'Fajardo De Reyes', 2, 1),
(229, '19650822AA', 'Eleuterio', 'Ubribe', 1, 1),
(230, '19650822AA', 'María Ysolina', 'De Ubribe', 2, 1),
(231, '19671102HO', 'Celestino', 'Mendoza', 1, 1),
(232, '19671102HO', 'Celina', 'Clavijo', 2, 1),
(233, '19581012NR', 'Jose Antonio', 'Arellano', 1, 1),
(234, '19581012NR', 'Mercedes', 'Medina', 2, 1),
(235, '19610428PR', 'David', 'Medina', 1, 1),
(236, '19610428PR', 'Francisca Del Carmen', 'De Medina', 2, 1),
(237, '19660606RP', 'Miguel', 'Torres', 1, 1),
(238, '19660606RP', 'Ysidora', 'De Torres', 2, 1),
(239, '19681101RV', 'Ramon', 'Suescun', 1, 1),
(240, '19681101RV', 'Olga Teresa', 'Corvajal', 2, 1),
(241, '19631129BM', 'Jose', 'Santo Lizarso', 1, 1),
(242, '19631129BM', 'Romelia', 'Torrez Lizarso', 2, 1),
(243, '19631212BS', 'Rafael', 'Vivas', 1, 1),
(244, '19631212BS', 'Ana Graciaela', 'Gomez', 2, 1),
(245, '19580923MF', 'Vigiio', 'Guerrero', 1, 1),
(246, '19580923MF', 'Maria Elsa', 'Mendoza', 2, 1),
(247, '19700307NT', 'Pedro', 'Megia Alcantara', 1, 1),
(248, '19700307NT', 'Soila', 'Roa Gusman', 2, 1),
(249, '19640216JB', 'Jose Patricio', 'Peñaloza', 1, 1),
(250, '19640216JB', 'Salvadara', 'Borrero', 2, 1),
(251, '19660428NV', 'Gilberto', 'Ramírez', 1, 1),
(252, '19660428NV', 'Isabel', 'Gómez De Ramírez', 2, 1),
(253, '19680126JA', 'Jose Ramón', 'Salas', 1, 1),
(254, '19680126JA', 'Nancy Jenolyth', 'Gómez', 2, 1),
(255, '19610304PH', 'Angel Otilio', 'Mendez', 1, 1),
(256, '19610304PH', 'Josefa', 'Chacon', 2, 1),
(257, '19631225RJ', 'Jose', 'Peñaranda', 1, 1),
(258, '19631225RJ', 'Dominga', 'Orozco', 2, 1),
(259, '19680729JR', 'Jose Antonio', 'Belandria', 1, 1),
(260, '19680729JR', 'Rosa', 'Rey', 2, 1),
(261, '19580930NS', 'Antonio Ramon', 'Sanchez', 1, 1),
(262, '19580930NS', 'Dora', 'Mendez De Sanchez', 2, 1),
(263, '19660429JM', 'Victor Manuel', 'Chacon', 1, 1),
(264, '19660429JM', 'María Petra', 'De Chacon', 2, 1),
(265, '19670610CR', 'Adriano', 'Jamil', 1, 1),
(266, '19670610CR', 'Carmen Lidra', 'De Gómez', 2, 1),
(267, '19710310JC', 'Alvino', 'Rincon', 1, 1),
(268, '19710310JC', 'Alva', 'Perez', 2, 1),
(269, '19630716JJ', 'Juan', 'Cañas', 1, 1),
(270, '19630716JJ', 'Lola', 'Rangel', 2, 1),
(271, '19670803NN', 'Celio', 'Gallo', 1, 1),
(272, '19670803NN', 'Celina', 'Ferrer', 2, 1),
(273, '19660602JP', 'Jose Del Carmen', 'Perez', 1, 1),
(274, '19660602JP', 'Celena', 'Ferrer', 2, 1),
(275, '19631118JG', 'Lalisdao', 'Mendez', 1, 1),
(276, '19631118JG', 'Maria', 'De Mendez', 2, 1),
(277, '19650720RP', 'Jose Abdón', 'Cardenas', 1, 1),
(278, '19650720RP', 'Altamira', 'De Parra', 2, 1),
(279, '19610806JM', 'Josea Angel', 'Borrvita', 1, 1),
(280, '19610806JM', 'Rosaura', 'Galvis', 2, 1),
(281, '19631201PH', 'Juan', 'Roso', 1, 1),
(282, '19631201PH', 'Rosa', 'Mendoza De Roso', 2, 1),
(283, '19671228AB', 'Elias', 'Moreno Perez', 1, 1),
(284, '19671228AB', 'Maria Sebsatina', 'Perez', 2, 1),
(285, '19660508LG', 'Miguel Angel', 'Durán', 1, 1),
(286, '19660508LG', 'Ramona', 'De Durán', 2, 1),
(287, '19580126JC', 'Edgar Enrrique', 'Ruiz', 1, 1),
(288, '19580126JC', 'Ana Rosa', 'Romero De Ruiz', 2, 1),
(289, '19661230JZ', 'Silvestre', 'Roa', 1, 1),
(290, '19661230JZ', 'Flor De Maria', 'Vival', 2, 1),
(291, '19710819MV', 'Eusebio', 'Colmenares', 1, 1),
(292, '19710819MV', 'Edelmira Del Carmen', 'Rosales', 2, 1),
(293, '19660527CL', '', '', 1, 1),
(294, '19660527CL', 'Ana Agustina', 'Rincón De Medina', 2, 1),
(295, '19640314MM', 'Jorge Arturo', 'Fepulveda', 1, 1),
(296, '19640314MM', 'Ysmenia', 'Contreras', 2, 1),
(297, '19581128AD', 'Virgilio', 'Gurrero', 1, 1),
(298, '19581128AD', 'Maria Elsa', 'Mendoza De Guerrero', 2, 1),
(299, '19690705AI', 'Teofilo', 'Chacón', 1, 1),
(300, '19690705AI', 'Alix Maria', 'Urdaneta', 2, 1),
(301, '19640227JM', 'Tebulo', 'Sanchez', 1, 1),
(302, '19640227JM', 'Oliva', 'De Rondon', 2, 1),
(303, '19670607FF', 'Camilo', 'Nieto Camacho', 1, 1),
(304, '19670607FF', 'Maria Ignacia', 'Figueroa', 2, 1),
(305, '19581120VA', 'Roberto', 'Utriago Rojas', 1, 1),
(306, '19581120VA', 'Berta Ligia', 'Lopez', 2, 1),
(307, '19610925MB', 'Pascual', 'Duque', 1, 1),
(308, '19610925MB', 'Isidora', 'Moatel', 2, 1),
(309, '19660326JR', 'Paulino', 'Gutiérrez', 1, 1),
(310, '19660326JR', 'María Eulogia', 'De Gutiérrez', 2, 1),
(311, '19621113MS', 'Silfredo Antonio', 'Lopez', 1, 1),
(312, '19621113MS', 'Arcila', 'Escola De Alvarez', 2, 1),
(313, '19670616OM', 'Pablo Emilio', 'Ruiz', 1, 1),
(314, '19670616OM', 'Ana Maria', 'Guerrero', 2, 1),
(315, '19581013LH', 'Elias', 'Zomaza Zambrano', 1, 1),
(316, '19581013LH', 'Frinidas', 'Correa De Zomaza', 2, 1),
(317, '19621118NM', 'Clemente', 'Ontiveros', 1, 1),
(318, '19621118NM', 'Carmen', 'Kohade', 2, 1),
(319, '19610811LV', 'Jose Antonio', 'Valles', 1, 1),
(320, '19610811LV', 'Maria A', 'Ovalles', 2, 1),
(321, '19691003OR', 'Filadelfo', 'Duran', 1, 1),
(322, '19691003OR', 'Sofia', 'Roa De Duran', 2, 1),
(323, '19670926AE', 'Luis Francisco', 'Paredez', 1, 1),
(324, '19670926AE', 'Juana', 'Escalante', 2, 1),
(325, '19710108JM', 'Moises', 'Estupiñal', 1, 1),
(326, '19710108JM', 'Bibiana', 'Estupiñal', 2, 1),
(327, '19640226PL', 'Octavio', 'Lalas', 1, 1),
(328, '19640226PL', 'Efigenia', 'Costañeda', 2, 1),
(329, '19661105LM', 'Fransico', 'Gomez Botello', 1, 1),
(330, '19661105LM', 'Maria Antonia', 'Soto', 2, 1),
(331, '19561222EJ', 'Pedro Antonio', 'Lizcano', 1, 1),
(332, '19561222EJ', 'Rosa Albina', 'Lizcano', 2, 1),
(333, '19710726ML', 'Guzman', 'Zambrano', 1, 1),
(334, '19710726ML', 'Jesusa', 'Zambrano', 2, 1),
(335, '19680124MZ', 'Jose', 'Reyes Bastos', 1, 1),
(336, '19680124MZ', 'Maria Antonia', 'De Bastos', 2, 1),
(337, '19640208JG', 'Jose Bidal', 'Osorio', 1, 1),
(338, '19640208JG', 'Ana Isabel', 'Rodriguez', 2, 1),
(339, '19610714MB', 'Luis Antonio', 'Camacho', 1, 1),
(340, '19610714MB', 'Maria T', 'Camacho', 2, 1),
(341, '19581128RR', 'Ponciano', 'Perez', 1, 1),
(342, '19581128RR', 'Socorro', 'Barreta De Perez', 2, 1),
(343, '19660218LA', 'David', 'Moreno', 1, 1),
(344, '19660218LA', 'Dominga', 'Moreno', 2, 1),
(345, '19640226OG', 'Modesto', 'Rosales', 1, 1),
(346, '19640226OG', 'Adelina', 'Ramirez De Rosales', 2, 1),
(347, '19670320EL', 'Emiliano', 'Cortial', 1, 1),
(348, '19670320EL', 'Aracelis', 'Ortega', 2, 1),
(349, '19710629EJ', 'Gabriel', 'Carrero', 1, 1),
(350, '19710629EJ', 'Maria Del Carmen', 'Sierra', 2, 1),
(351, '19640107CR', 'Jose Cristobal', 'Rojas', 1, 1),
(352, '19640107CR', 'Praxedes', 'Quintero', 2, 1),
(353, '19660424CC', 'Casiano', 'Rincón', 1, 1),
(354, '19660424CC', 'María De Los Angeles', 'De Rincón', 2, 1),
(355, '19680107CA', 'Ramon', 'Praido', 1, 1),
(356, '19680107CA', 'Josefina', 'Barbosa', 2, 1),
(357, '19551012JA', 'Ramon Del Carmen', 'Ramirez', 1, 1),
(358, '19551012JA', 'Abaria', 'Esponsorios Parra', 2, 1),
(359, '19581201ED', 'Anohes', 'Contreras', 1, 1),
(360, '19581201ED', 'Ana Mercedes', 'Castañeda De Ramirez', 2, 1),
(361, '19610722AC', 'Medardo', 'Camacho', 1, 1),
(362, '19610722AC', 'Trancito', 'Buitriago', 2, 1),
(363, '19680527NB', 'Luis Angel', 'Romero', 1, 1),
(364, '19680527NB', 'Encarnacion', 'Mendoza', 2, 1),
(365, '19660501AO', 'Luis Francisco', 'Ortíz', 1, 1),
(366, '19660501AO', 'María Josefa', 'Rangel', 2, 1),
(367, '19640125PZ', 'Jose Lisandro', 'Arangure', 1, 1),
(368, '19640125PZ', 'Carmen Cecilia', 'Gonzalez', 2, 1),
(369, '19660401AG', 'Jose Del Carmen', 'Fuentes', 1, 1),
(370, '19660401AG', 'Geofila', 'Gomez', 2, 1),
(371, '19581113LP', 'Andres Alvelino', 'Mora Mora', 1, 1),
(372, '19581113LP', 'Ana Gregoria', 'Uzcategui', 2, 1),
(373, '19680104RD', 'Ramon Holimar', 'Contreras', 1, 1),
(374, '19680104RD', 'Ana Mireya', 'Sanchez', 2, 1),
(375, '19651213AO', 'Carlos Julio', 'Calderón', 1, 1),
(376, '19651213AO', 'Ramona', 'Avendaño', 2, 1),
(377, '19640131LZ', 'Jose Amable', 'Roa', 1, 1),
(378, '19640131LZ', 'Fernanda', 'Viva De Molina', 2, 1),
(379, '19580830RM', 'Luis Daniel', 'Rincon', 1, 1),
(380, '19580830RM', 'Eloiza', 'Calderon', 2, 1),
(381, '19680130LV', 'Jose Elias', 'Zambrano', 1, 1),
(382, '19680130LV', 'Guillermina', 'De Zambrano', 2, 1),
(383, '19640223JC', 'Domingo Ramon', 'Chacon', 1, 1),
(384, '19640223JC', 'Ana Julia', 'Perez', 2, 1),
(385, '19640420EO', 'Ernesto', 'Gamboa', 1, 1),
(386, '19640420EO', 'María De Los Angeles', 'González', 2, 1),
(387, '19630405JJ', 'Azael', 'Colmenares', 1, 1),
(388, '19630405JJ', 'Maria Belen', 'Mora De Colmenares', 2, 1),
(389, '19671105JA', 'Alejandro', 'Pérez Roa', 1, 1),
(390, '19671105JA', 'Margarita', 'Caicedo', 2, 1),
(391, '19551025JP', 'Evaristo', 'Mora', 1, 1),
(392, '19551025JP', 'Ana Graciela', 'Ramirez', 2, 1),
(393, '19671029RG', 'Jose', 'Delgado Quiroz', 1, 1),
(394, '19671029RG', 'Francelina', 'Alviarez', 2, 1),
(395, '19580404CP', 'Nestor R', 'Arague G', 1, 1),
(396, '19580404CP', 'Rosana Maria', 'Arague G', 2, 1),
(397, '19610816JA', 'Julio Cesar', 'Angarita', 1, 1),
(398, '19610816JA', 'Ascension', 'Angarita', 2, 1),
(399, '19660217BP', 'Silvestre', 'Santamaría', 1, 1),
(400, '19660217BP', 'Elva', 'Lizcano', 2, 1),
(401, '19630416JG', 'Jose', 'Mendoza', 1, 1),
(402, '19630416JG', 'Irene', 'Molina', 2, 1),
(403, '19701013MT', 'Ramiro', 'Aguilar', 1, 1),
(404, '19701013MT', 'Marian', 'Aguilar', 2, 1),
(405, '19670816GA', 'Luis', 'Roa', 1, 1),
(406, '19670816GA', 'Maria', 'Vivas De Roa', 2, 1),
(407, '19660625MC', 'Manuel', 'Villamirar', 1, 1),
(408, '19660625MC', 'María Evangelina', 'Villamirar', 2, 1),
(409, '19630422EF', 'Jose Alberto', 'Marciales', 1, 1),
(410, '19630422EF', 'Teodolida', 'Rosado', 2, 1),
(411, '19680123ZB', 'Marcilino', 'Medina', 1, 1),
(412, '19680123ZB', 'Legia', 'Medina', 2, 1),
(413, '19620702PV', 'Juan', 'Ovalle', 1, 1),
(414, '19620702PV', 'Maria', 'Chacon De Ovalle', 2, 1),
(415, '19631221MO', 'Tomas', 'Moncada', 1, 1),
(416, '19631221MO', 'Rosa', 'Mojica De Perez', 2, 1),
(417, '19681218AC', 'Luis Alfonso', 'Romero', 1, 1),
(418, '19681218AC', 'Rosa Evelia', 'Zambrano', 2, 1),
(419, '19710326JJ', 'Eduardo', 'Cardenas', 1, 1),
(420, '19710326JJ', 'Isolina', 'Grateron', 2, 1),
(421, '19660520CC', 'David', 'Salazar', 1, 1),
(422, '19660520CC', 'Ana Paulina', 'De Salazar', 2, 1),
(423, '19640318JS', '', '', 1, 1),
(424, '19640318JS', 'Ramona', 'Pulido', 2, 1),
(425, '19651117JM', 'Domingo', 'Márquez', 1, 1),
(426, '19651117JM', 'Florencia', 'Zambrano', 2, 1),
(427, '19671210FR', 'Alcides', 'Chacon', 1, 1),
(428, '19671210FR', 'Emma', 'Allamil', 2, 1),
(429, '19581020JA', 'Mario', 'Palencia', 1, 1),
(430, '19581020JA', 'Estefania', 'Zambrano De Noguera', 2, 1),
(431, '19640202CS', 'Juan', 'Pacheco', 1, 1),
(432, '19640202CS', 'Delia', 'Marquez De Pacheco', 2, 1),
(433, '19660615LZ', 'Bartolome', 'Garcia', 1, 1),
(434, '19660615LZ', 'Marina', 'Zarote', 2, 1),
(435, '19660602LB', 'Elías', 'Moreno Pérez', 1, 1),
(436, '19660602LB', 'María Sebastiana', 'De Moreno', 2, 1),
(437, '19640401HR', 'Orial', 'Garcia', 1, 1),
(438, '19640401HR', 'Debora', 'Mendez De Garcia', 2, 1),
(439, '19580906MR', 'Anohes', 'Villamizar', 1, 1),
(440, '19580906MR', 'Marcelina', 'Quintero De Villamizar', 2, 1),
(441, '19640405MJ', 'Jose Trinidad', 'Perez', 1, 1),
(442, '19640405MJ', 'Maria Jose', 'Duque', 2, 1),
(443, '19710807MC', 'Juan Bautista', 'Roa', 1, 1),
(444, '19710807MC', 'Ernestina', 'De Roa', 2, 1),
(445, '19670626RA', 'Victor', 'Ramirez', 1, 1),
(446, '19670626RA', 'Maria Belén', 'De Ramírez', 2, 1),
(447, '19640404JS', 'Mario', 'Buitrago', 1, 1),
(448, '19640404JS', 'Teresa', 'Garcia', 2, 1),
(449, '19580813MP', 'Samuel', 'Colmenares', 1, 1),
(450, '19580813MP', 'Feodosia', 'Chacon', 2, 1),
(451, '19640215JP', 'Gregorio', 'Sanchez', 1, 1),
(452, '19640215JP', 'Adeladia', 'De Sanchez', 2, 1),
(453, '19551024AP', 'Luis Alberto', 'Ramirez', 1, 1),
(454, '19551024AP', 'Ana Graciela', 'Ramirez', 2, 1),
(455, '19710603CG', 'Jesus', 'Varela', 1, 1),
(456, '19710603CG', 'Maria Eulogia', 'Contreras', 2, 1),
(457, '19650913JM', 'José Del Carmen', 'Caícedo', 1, 1),
(458, '19650913JM', 'Blanca Oliva', 'Cáceres', 2, 1),
(459, '19610808EM', 'Jose Luis', 'Abreu', 1, 1),
(460, '19610808EM', 'Flor', 'Calderon', 2, 1),
(461, '19680127RR', 'Ramon', 'Roa', 1, 1),
(462, '19680127RR', 'Imelda', 'Marquez', 2, 1),
(463, '19581024AM', 'Jose', 'Maldonado', 1, 1),
(464, '19581024AM', 'Nicacia', 'Omaña De Rojas', 2, 1),
(465, '19631104ZA', 'Antonio', 'Torres', 1, 1),
(466, '19631104ZA', 'Julia', 'Montañez', 2, 1),
(467, '19670318GB', 'Maximino', 'Silva', 1, 1),
(468, '19670318GB', 'Elsida', 'Caudal', 2, 1),
(469, '19640127JS', 'Silberio', 'Angulo', 1, 1),
(470, '19640127JS', 'Berenice', 'Sanchez', 2, 1),
(471, '19580830RS', 'Jose Jairo', 'Ropero', 1, 1),
(472, '19580830RS', 'Matilde', 'Porras', 2, 1),
(473, '19660405DB', 'Andrés De Jesús', 'Pérez', 1, 1),
(474, '19660405DB', 'Blanca', 'Belén Sánchez', 2, 1),
(475, '19671110JD', 'Pablo Antonio', 'Rozo', 1, 1),
(476, '19671110JD', 'Eufenio', 'Becerro', 2, 1),
(477, '19631110JC', 'Juan De Pantoja', 'Laguado', 1, 1),
(478, '19631110JC', 'Elcida Maria', 'Patiño', 2, 1),
(479, '19670927JB', 'Francisco', 'Flores', 1, 1),
(480, '19670927JB', 'Paula', 'Flores', 2, 1),
(481, '19660614LC', 'Rodolfo', 'Contreras', 1, 1),
(482, '19660614LC', 'Margarita', 'Fernández', 2, 1),
(483, '19581119VM', 'Fidelino', 'Rubio', 1, 1),
(484, '19581119VM', 'Maria Del Carmen', 'Beltran', 2, 1),
(485, '19660501YO', 'Maximiano', 'Contreras', 1, 1),
(486, '19660501YO', 'Mercedes', 'Aguilar', 2, 1),
(487, '19640307MT', 'Isidro', 'Patiño', 1, 1),
(488, '19640307MT', 'Virginia', 'Romero De Patiño', 2, 1),
(489, '19710630JC', 'Jose Parmenio', 'Rondon', 1, 1),
(490, '19710630JC', 'Alba', 'De Rondon', 2, 1),
(491, '19660129AM', 'José', 'Circunsesión González', 1, 1),
(492, '19660129AM', 'Gregoria', 'Rincón', 2, 1),
(493, '19640317JP', 'Jose Ruben', 'Mora', 1, 1),
(494, '19640317JP', 'Juana Maria', 'Suarez De Mora', 2, 1),
(495, '19580624JV', 'Nestor R', 'Arague', 1, 1),
(496, '19580624JV', 'Rosa M', 'Arague G', 2, 1),
(497, '19610818BC', 'Teodoro', 'Arellano', 1, 1),
(498, '19610818BC', 'Eva', 'De Arellano', 2, 1),
(499, '19710115CO', 'Jose Luis', 'Suarez', 1, 1),
(500, '19710115CO', 'Ana Bethilde', 'Cardozo', 2, 1),
(501, '19660422JS', 'Froilan', 'Rincón', 1, 1),
(502, '19660422JS', 'Consuelo R', 'De Rincón', 2, 1),
(503, '19640315RE', 'Graliciano', 'Mora', 1, 1),
(504, '19640315RE', 'Maria Cricelda', 'Pernia De Mora', 2, 1),
(505, '19610605ZZ', 'Isabelano', 'Rodriguez', 1, 1),
(506, '19610605ZZ', 'Ramona', 'Zambrano', 2, 1),
(507, '19660627EV', 'Juan De La Cruz', 'Hernández', 1, 1),
(508, '19660627EV', 'Gloria Oliva', 'Moreno', 2, 1),
(509, '19640324MR', 'Ramon', 'Omaña', 1, 1),
(510, '19640324MR', 'Federica', 'Omaña', 2, 1),
(511, '19571203WS', 'Adriano', 'Feanni', 1, 1),
(512, '19571203WS', 'Gertrudis', 'Olviza', 2, 1),
(513, '19710414CP', 'Thelmo', 'Villamizar', 1, 1),
(514, '19710414CP', 'Auxiliadora', 'De Villamizar', 2, 1),
(515, '19680909JA', 'Thelmo', 'Villamizar', 1, 1),
(516, '19680909JA', 'Auxiliadora', 'De Villamizar', 2, 1),
(517, '19660211WL', 'Modesto', 'Medina', 1, 1),
(518, '19660211WL', 'Ana Agustina', 'De Medina', 2, 1),
(519, '19640112ID', 'Domingo', 'Sanchez', 1, 1),
(520, '19640112ID', 'Elcida', 'Loto De Sanchez', 2, 1),
(521, '19610610MP', 'Pedro J', 'De La Cruz', 1, 1),
(522, '19610610MP', 'Alis Maria', 'Garzon', 2, 1),
(523, '19710102JC', 'Agapito', 'Leon', 1, 1),
(524, '19710102JC', 'Benilde', 'Mansilla', 2, 1),
(525, '19660422AG', 'Miguel Antonio', 'Ochoa', 1, 1),
(526, '19660422AG', 'Miguelina', 'De Ochoa', 2, 1),
(527, '19631206CM', 'Justo Pastor', 'Ramirez', 1, 1),
(528, '19631206CM', 'Flor De Maria', 'Orteja', 2, 1),
(529, '19710521LC', 'Juan De Dios', 'Leon Garcia', 1, 1),
(530, '19710521LC', 'Mercedes', 'Uribe', 2, 1),
(531, '19660514JG', 'Rafael', 'Guerrero', 1, 1),
(532, '19660514JG', 'Ana Ylse', 'De Guerrero', 2, 1),
(533, '19640322JM', 'Juan Loreto', 'Perez', 1, 1),
(534, '19640322JM', 'Marina', 'Jaimes', 2, 1),
(535, '19610705VC', 'Miciades', 'Pacheco', 1, 1),
(536, '19610705VC', 'Eloiza', 'Contreras', 2, 1),
(537, '19660415VO', 'Valentín', 'Ramírez', 1, 1),
(538, '19660415VO', 'Feodolinda', 'Delgado', 2, 1),
(539, '19640119JC', 'Martin', 'Maldonado', 1, 1),
(540, '19640119JC', 'Olga', 'De Maldonado', 2, 1),
(541, '19701030MG', 'Pascual', 'Vargas', 1, 1),
(542, '19701030MG', 'Sofia', 'Zapata', 2, 1),
(543, '19610717NU', 'Manuel', 'Blanco', 1, 1),
(544, '19610717NU', 'Josefa', 'Lopez', 2, 1),
(545, '19650306JV', 'Adán', 'Chávez', 1, 1),
(546, '19650306JV', 'María Teresa', 'Castellanos', 2, 1),
(547, '19631117MB', 'Jesus', 'Ibarra', 1, 1),
(548, '19631117MB', 'Anicasia', 'Omaña De Rojas', 2, 1),
(549, '19690724MC', 'Solano Natalio', 'Parra R', 1, 1),
(550, '19690724MC', 'Celina', 'Roa De Parra', 2, 1),
(551, '19550520AR', 'Manuel', 'Roa', 1, 1),
(552, '19550520AR', 'Ana Irene', 'Moncada', 2, 1),
(553, '19550808BZ', 'Andres Maria', 'Roa', 1, 1),
(554, '19550808BZ', 'Carmen', 'Roa', 2, 1),
(555, '19640327JS', 'Humberto', 'Gerra', 1, 1),
(556, '19640327JS', 'Telma', 'Mora De Gerrerro', 2, 1),
(557, '19550320JA', 'Santiago', 'Ramirez', 1, 1),
(558, '19550320JA', 'Ana Maria', 'Cardenas', 2, 1),
(559, '19671119YB', 'Zacarias', 'Nieto', 1, 1),
(560, '19671119YB', 'Elba', 'Contreras', 2, 1),
(561, '19551103JA', 'Andres Maria', 'Roa', 1, 1),
(562, '19551103JA', 'Lina Rosa', 'Roa', 2, 1),
(563, '19620624AB', 'Ruizdael', 'Rincon', 1, 1),
(564, '19620624AB', 'Sofia', 'Ibarra De Rodrigez', 2, 1),
(565, '19550720AH', 'Jose Leoncio', 'Brigida', 1, 1),
(566, '19550720AH', 'Carlina', 'Galvis', 2, 1),
(567, '19551102VR', 'Ramon', 'Contreras', 1, 1),
(568, '19551102VR', 'Rosa', 'Salas De Contreras', 2, 1),
(569, '19550827CC', 'Domingo', 'Mendoza', 1, 1),
(570, '19550827CC', 'Clementina', 'Caicedo', 2, 1),
(571, '19550930LN', 'Jose Luis', 'Moreno', 1, 1),
(572, '19550930LN', 'Yolanda', 'Nieto De Moreno', 2, 1),
(573, '19631230SR', 'Amable', 'Sanchez', 1, 1),
(574, '19631230SR', 'Ana Fertiste', 'Ramirez', 2, 1),
(575, '19551024RR', 'Juan De La Cruz', 'Rojas', 1, 1),
(576, '19551024RR', 'Ana Rita', 'Rangel', 2, 1),
(577, '19670905CM', 'Calletano', 'Vivas', 1, 1),
(578, '19670905CM', 'Carmen', 'Mora De Vivas', 2, 1),
(579, '19550312AO', 'Nestor Ramon', 'Araque', 1, 1),
(580, '19550312AO', 'Alicia', 'Toscano', 2, 1),
(581, '19691127CS', 'Alberto', 'Chaparro', 1, 1),
(582, '19691127CS', 'Petra', 'Gonzalez', 2, 1),
(583, '19671024GR', 'Gregorio', 'Arismendi', 1, 1),
(584, '19671024GR', 'Elvira', 'Caseres De A', 2, 1),
(585, '19640412SM', 'Domingo Ramon', 'Chacon', 1, 1),
(586, '19640412SM', 'Ana Julia', 'Perez De Chacon', 2, 1),
(587, '19660521MM', 'Angel', 'Bautista Castillo', 1, 1),
(588, '19660521MM', 'Aura', 'Maria De Castillo', 2, 1),
(589, '19580522OL', 'Nestor', 'Araque', 1, 1),
(590, '19580522OL', 'Olicia', 'Fascano De Oraque', 2, 1),
(591, '19550803AG', 'Gilberto', 'Uribe', 1, 1),
(592, '19550803AG', 'Hortencia', 'Guerrero', 2, 1),
(593, '19690317AC', 'Guillermo', 'Flores', 1, 1),
(594, '19690317AC', 'Lucrecia', 'Ortiz', 2, 1),
(595, '19640412EG', 'Neptali De Carmen', 'Contreras', 1, 1),
(596, '19640412EG', 'Maria Eulalia', 'Contreras', 2, 1),
(597, '19550725MF', 'Natividad', 'Navarro', 1, 1),
(598, '19550725MF', 'Maria Salome', 'Marquez', 2, 1),
(599, '19670823EA', 'Pedro Pablo', 'Plata', 1, 1),
(600, '19670823EA', 'Juana Maria', 'Plata', 2, 1),
(601, '19550930JV', 'Luis Antonio', 'Zambrano', 1, 1),
(602, '19550930JV', 'Hortencia', 'Guerrero', 2, 1),
(603, '19660512PR', 'Pablo', 'Moreno', 1, 1),
(604, '19660512PR', 'Ana', 'Maria De Moreno', 2, 1),
(605, '19631130PR', 'Jose Visitacion', 'Hernandez', 1, 1),
(606, '19631130PR', 'Carmen Sofia', 'Velandi', 2, 1),
(607, '19550930JF', 'Luis Antonio', 'Zambrano', 1, 1),
(608, '19550930JF', 'Hortencia', 'Guerrero', 2, 1),
(609, '19670906GS', 'Gregorio', 'Arismendi', 1, 1),
(610, '19670906GS', 'Elvira', 'Caceres De Arismendi', 2, 1),
(611, '19690729LG', 'Fabiciano', 'Luna', 1, 1),
(612, '19690729LG', 'Justina', 'Marquez De C', 2, 1),
(613, '19630722WD', 'Olitio', 'Sanchez', 1, 1),
(614, '19630722WD', 'Maria', 'Sanchez De Sanchez', 2, 1),
(615, '19581122MU', 'José', 'Rivera', 1, 1),
(616, '19581122MU', 'Cristina', 'Contreras', 2, 1),
(617, '19680525MO', 'Jose Americo', 'Quintero', 1, 1),
(618, '19680525MO', 'Milian', 'Martinez', 2, 1),
(619, '19640125OS', 'Benedicto', 'Soto', 1, 1),
(620, '19640125OS', 'Genoveva', 'Colmenares', 2, 1),
(621, '19550721HM', 'Jesus', 'Bonilla', 1, 1),
(622, '19550721HM', 'Rafaela', 'De Bonilla', 2, 1),
(623, '19651103MR', 'Luis German', 'Mora', 1, 1),
(624, '19651103MR', 'Otilia', 'De Mora', 2, 1),
(625, '19690610NO', 'Tomas', 'Ramirez', 1, 1),
(626, '19690610NO', 'Ana Julia', 'Carvajal', 2, 1),
(627, '19640408AM', 'Rodolfo', 'Gutierrez', 1, 1),
(628, '19640408AM', 'Ana Dolores', 'Parada', 2, 1),
(629, '19601214EG', 'Carlos Ramon', 'Zambrano', 1, 1),
(630, '19601214EG', 'Ana Fea', 'Roa De Z', 2, 1),
(631, '19550803LS', 'Daniel', 'Torres', 1, 1),
(632, '19550803LS', 'Ysabel', 'Betancourt De Torres', 2, 1),
(633, '19640403JR', 'Jose Eladio', 'Chacon', 1, 1),
(634, '19640403JR', 'Genara', 'Chacon', 2, 1),
(635, '19550803CS', 'Francisco', 'Rosales', 1, 1),
(636, '19550803CS', 'Lina Rosa', 'De Rosales', 2, 1),
(637, '19580529JN', 'Enrique', 'Ramirez', 1, 1),
(638, '19580529JN', 'Riquilda', 'Rosa De Ramirez', 2, 1),
(639, '19660529RV', 'Azael', 'Guerrero', 1, 1),
(640, '19660529RV', 'Eumira', 'León De Guerrero', 2, 1),
(641, '19670529ZS', 'Modesto', 'Gomez', 1, 1),
(642, '19670529ZS', 'Luisa', 'R De Pineda', 2, 1),
(643, '19640124DM', 'Gonzalo', 'Vilta', 1, 1),
(644, '19640124DM', 'Eloina', 'Alvarez De Vilta', 2, 1),
(645, '19550920JO', 'Mariano', 'Uribe', 1, 1),
(646, '19550920JO', 'Alicia', 'Romero', 2, 1),
(647, '19681209JS', 'Efrain', 'Sanchez', 1, 1),
(648, '19681209JS', 'Maria', 'Zambrano', 2, 1),
(649, '19670704YC', 'Teofilo', 'Chacon', 1, 1),
(650, '19670704YC', 'Felicia', 'Gillen De Casique', 2, 1),
(651, '19640330AR', 'Marco Julio', 'Roa', 1, 1),
(652, '19640330AR', 'Carmen Dulfa', 'Secenes', 2, 1),
(653, '19581022DP', 'Dominiciano', 'Contreras', 1, 1),
(654, '19581022DP', 'Aldemeita', 'Reginoso De Contrera', 2, 1),
(655, '19550613GB', 'Eugenio', 'Kotoroxych', 1, 1),
(656, '19550613GB', 'Jesusa', 'Escalante', 2, 1),
(657, '19640821TS', 'Jesus Manuel', 'Sanchez', 1, 1),
(658, '19640821TS', 'Rosa Hortensia', 'Andrade', 2, 1),
(659, '19651220RR', 'Jesús Ernesto', 'Rangel', 1, 1),
(660, '19651220RR', 'Ciolis', 'De Torres', 2, 1),
(661, '19651203JD', 'Jose Angel', 'Delgado', 1, 1),
(662, '19651203JD', 'Griselda', 'Pineda', 2, 1),
(663, '19551020FL', 'Heriberto', 'Guerrero', 1, 1),
(664, '19551020FL', 'Maria', 'Castro', 2, 1),
(665, '19691209IS', 'Luis Alfonso', 'Hernandez', 1, 1),
(666, '19691209IS', 'Beatriz Del Socorro', 'Vila', 2, 1),
(667, '19660815FD', 'Rafael', 'Perez', 1, 1),
(668, '19660815FD', 'Irene', 'Molina', 2, 1),
(669, '19630920GC', 'Jose Antonio', 'Noguera', 1, 1),
(670, '19630920GC', 'Santos', 'Castillos De Marciales', 2, 1),
(671, '19580911EO', 'José Paulo', 'Colmenares', 1, 1),
(672, '19580911EO', 'Consuelo', 'Zambrano', 2, 1),
(673, '19550801JP', 'Faustino', 'Villamizar', 1, 1),
(674, '19550801JP', 'Mascima', 'Aguilar', 2, 1),
(675, '19551102GM', 'Antonio', 'Garcia', 1, 1),
(676, '19551102GM', 'Teotiste', 'De Garcia', 2, 1),
(677, '19640314AM', 'Manuel Maria', 'Blanco', 1, 1),
(678, '19640314AM', 'Maria Josefa', 'Lopez De B', 2, 1),
(679, '19580609JR', 'Antonio M', 'Ramirez', 1, 1),
(680, '19580609JR', 'Rosa Emilia', 'Aparicio', 2, 1),
(681, '19550815CG', 'Eleuterio', 'Galvis', 1, 1),
(682, '19550815CG', 'Elba Rosa', 'Rodriguez', 2, 1),
(683, '19640423AG', 'Jose Antonio', 'Ortega', 1, 1),
(684, '19640423AG', 'Maria De Jesus', 'Molina De Ortega', 2, 1),
(685, '19551108MZ', 'Francisco Antonio', 'Rosales', 1, 1),
(686, '19551108MZ', 'Lina Rosa', 'Vivas', 2, 1),
(687, '19650722ID', 'Silverio', 'Angulo', 1, 1),
(688, '19650722ID', 'Elenteria', 'De Angulo', 2, 1),
(689, '19550920VM', 'Romulo', 'Mora', 1, 1),
(690, '19550920VM', 'Pacifica', 'Bracamontes', 2, 1),
(691, '19581208MC', 'Argimiro', 'Gandica', 1, 1),
(692, '19581208MC', 'Edelmira', 'Becerra', 2, 1),
(693, '19640119AC', 'Jose Gregorio', 'Ramirez', 1, 1),
(694, '19640119AC', 'Carmen Aurora', 'Alvarez', 2, 1),
(695, '19551115AA', 'Jose Del Carmen', 'Ochoa', 1, 1),
(696, '19551115AA', 'Sabina', 'Soto', 2, 1),
(697, '19660601OG', 'Bartolo', 'Arellano', 1, 1),
(698, '19660601OG', 'Céfora', 'Mora', 2, 1),
(699, '19671215EM', 'Valentino', 'Cordero', 1, 1),
(700, '19671215EM', 'Nervesia', 'Rangel', 2, 1),
(701, '19551116LR', 'Nicolas', 'Contreras', 1, 1),
(702, '19551116LR', 'Enriqueta', 'Arellano', 2, 1),
(703, '19580327MC', 'Juan De Jesús', 'Farjado', 1, 1),
(704, '19580327MC', 'Fortunata', 'Alvárez', 2, 1),
(705, '19640420OT', 'Pedro Maria', 'Lopez', 1, 1),
(706, '19640420OT', 'Celina', 'De Lopez', 2, 1),
(707, '19550730RG', 'Pedro Antonio', 'Briceño', 1, 1),
(708, '19550730RG', 'Ligia Ros', 'Zambrano', 2, 1),
(709, '19660630FD', 'Luis', 'Zambrano', 1, 1),
(710, '19660630FD', 'Maria De Los Angeles', 'De Zambrano', 2, 1),
(711, '19640416AP', 'Benjamin', 'Soledad', 1, 1),
(712, '19640416AP', 'Jualina', 'Rosales De Soledad', 2, 1),
(713, '19670727TV', 'Luis Alfonso', 'Hernandez', 1, 1),
(714, '19670727TV', 'Beatriz Del Socorro', 'Vila', 2, 1),
(715, '19580403PL', 'Luis Alberto', 'Parada', 1, 1),
(716, '19580403PL', 'Olga', 'Beltran', 2, 1),
(717, '19550920CG', 'Pedro Maria', 'Lopez', 1, 1),
(718, '19550920CG', 'Celina', 'Angarita', 2, 1),
(719, '19640313AF', 'Pedro', 'Silva Vera', 1, 1),
(720, '19640313AF', 'Blanca Nieves', 'Morales', 2, 1),
(721, '19691030JR', 'Celestino', 'Suarez', 1, 1),
(722, '19691030JR', 'Julio', 'Ortiz', 2, 1),
(723, '19551117BP', 'Lucrecio Antonio', 'Zambrano', 1, 1),
(724, '19551117BP', 'Ana Tulia', 'Pernia', 2, 1),
(725, '19680110MV', 'Jose Ramon', 'Sanchez', 1, 1),
(726, '19680110MV', 'Mary Ramona', 'Colmenares', 2, 1),
(727, '19581211LL', 'Luis Alberto', 'Parada', 1, 1),
(728, '19581211LL', 'Olvertina', 'Laguado De Perillas', 2, 1),
(729, '19631010BM', 'Jose Eugenio', 'Morales', 1, 1),
(730, '19631010BM', 'Epifania', 'Castillo De Morales', 2, 1),
(731, '19681029ER', 'Luis Alfonso', 'Roa', 1, 1),
(732, '19681029ER', 'Alicia', 'Rodriguez', 2, 1),
(733, '19551121CR', 'Juan De Dios', 'Lozano', 1, 1),
(734, '19551121CR', 'Ana Lucia', 'Rosales', 2, 1),
(735, '19691111JS', 'Juan Ramon', 'Suarez', 1, 1),
(736, '19691111JS', 'Elcida', 'Ontivero', 2, 1),
(737, '19620422AA', 'Audias De Jesus', 'Medina Salcedo', 1, 1),
(738, '19620422AA', 'Maria Gregoria', 'Ramirez', 2, 1),
(739, '19660506HL', 'José Dimas', 'Zamora', 1, 1),
(740, '19660506HL', 'Carmen', 'De Zamora', 2, 1),
(741, '19710301IM', 'Andres', 'Villamizar', 1, 1),
(742, '19710301IM', 'Marcelina', 'Quintero', 2, 1),
(743, '19551026AH', 'Jose', 'Reyes Santo', 1, 1),
(744, '19551026AH', 'Ramona', 'Cardenas', 2, 1),
(745, '19581011AH', 'Julio', 'Revillary', 1, 1),
(746, '19581011AH', 'Elfortina', 'Higuera De Revillary', 2, 1),
(747, '19681101IC', 'Jose', 'Serrano', 1, 1),
(748, '19681101IC', 'Elcida M', 'Montiveros', 2, 1),
(749, '19640318EH', 'Miguel Angel', 'Duran', 1, 1),
(750, '19640318EH', 'Ramona', 'Feo De Duran', 2, 1),
(751, '19690517IZ', 'Jose', 'Galvis', 1, 1),
(752, '19690517IZ', 'Emira', 'Cuellar Medina', 2, 1),
(753, '19551115RM', 'Antonio', 'Gandica', 1, 1),
(754, '19551115RM', 'Evangelina', 'Paz De Croce', 2, 1),
(755, '19671213HV', 'Patrocinio', 'Marquez', 1, 1),
(756, '19671213HV', 'Maria', 'Quevedo', 2, 1),
(757, '19581007DO', 'José Del Carmen', 'Fanegas', 1, 1),
(758, '19581007DO', 'Mandalena', 'Ortiz De Vanegas', 2, 1),
(759, '19551127JP', 'Isidro', 'Salinas', 1, 1),
(760, '19551127JP', 'Carmen', 'Guerrero', 2, 1),
(761, '19690117CB', 'Trino Antonio', 'Zambrano', 1, 1),
(762, '19690117CB', 'Irene', 'Izarra', 2, 1),
(763, '19710417WS', 'Clemente', 'Perez', 1, 1),
(764, '19710417WS', 'Margarita', 'Rojas', 2, 1),
(765, '19640227LZ', 'Jesus Maria', 'Rondon Mendez', 1, 1),
(766, '19640227LZ', 'Juana', 'Roa Garcia', 2, 1),
(767, '19551027RN', 'Carlos Modesto', 'Casique', 1, 1),
(768, '19551027RN', 'Ana Teresa', 'Marquez', 2, 1),
(769, '19620519RD', 'Eurelio', 'Dulcey Sánchez', 1, 1),
(770, '19620519RD', 'Maria Raquel', 'De Dulcey', 2, 1),
(771, '19580625MB', 'José Isidro', 'Torres', 1, 1),
(772, '19580625MB', 'Angela Mery', 'Molinas De Torres', 2, 1),
(773, '19550916JS', 'Ovidio', 'Cardozo', 1, 1),
(774, '19550916JS', 'Maria Luisa', 'Perez', 2, 1),
(775, '19680604AM', 'Carlos Orlando', 'Navarro', 1, 1),
(776, '19680604AM', 'Mery', 'Portilla De M', 2, 1),
(777, '19710901VR', 'Romulo', 'Parra', 1, 1),
(778, '19710901VR', 'Aura', 'De Parra', 2, 1),
(779, '19630311LC', 'Luis Jose', 'Rueda', 1, 1),
(780, '19630311LC', 'Teresa Emperatriz', 'Gil De Rueda', 2, 1),
(781, '19580825AH', 'Erasmo Isaac', 'Quieto', 1, 1),
(782, '19580825AH', 'Carmecia', 'Martinez', 2, 1),
(783, '19640501MM', 'Maximiliano', 'Contreras', 1, 1),
(784, '19640501MM', 'Maria De Los Angeles', 'Avendaño', 2, 1),
(785, '19631228JC', 'Jose Emiliano', 'Delgado', 1, 1),
(786, '19631228JC', 'Sofia', 'Roa', 2, 1),
(787, '19670713NM', 'Eduardo', 'Cuña', 1, 1),
(788, '19670713NM', 'Rosa', 'Quintero', 2, 1),
(789, '19700618SL', 'Jose', 'Tarazona', 1, 1),
(790, '19700618SL', 'Luisa', 'Mejia', 2, 1),
(791, '19660309CG', 'Jesus Natalio', 'Rivas', 1, 1),
(792, '19660309CG', 'Bernarda', 'Delgado De Rivas', 2, 1),
(793, '19640126MC', 'Efrain', 'Sarabia', 1, 1),
(794, '19640126MC', 'Paulina', 'Leon', 2, 1),
(795, '19621019WB', 'Rafael Angel', 'Duran', 1, 1),
(796, '19621019WB', 'Ana Delia', 'De Rodriguez', 2, 1),
(797, '19671129NC', 'Jose Geldardo', 'Medina', 1, 1),
(798, '19671129NC', 'Isolda', 'Moreno De Medina', 2, 1),
(799, '19640310MA', 'Leodidas', 'Alvarez Contreras', 1, 1),
(800, '19640310MA', 'Eloisa', 'Albiarez Sanchez', 2, 1),
(801, '19580109LM', 'Rafael', 'Losano Acevedo', 1, 1),
(802, '19580109LM', 'Ana', 'Mercedez Chacon', 2, 1),
(803, '19690801JC', 'Ananias', 'Sierra', 1, 1),
(804, '19690801JC', 'Rosanna', 'Rodrigues', 2, 1),
(805, '19691030PG', 'Antonio', 'Contreras', 1, 1),
(806, '19691030PG', 'Josefa', 'Contreras', 2, 1),
(807, '19640404BA', 'Leonidas', 'Alviarez', 1, 1),
(808, '19640404BA', 'Gladys Maria', 'Sanchez Alviarez', 2, 1),
(809, '19580624AD', 'Jose Del Carmen', 'Molina', 1, 1),
(810, '19580624AD', 'Almeida', 'Navarrez', 2, 1),
(811, '19700913RO', 'Jose Ezequiel', 'Neyra', 1, 1),
(812, '19700913RO', 'Marina', 'De Neyra', 2, 1),
(813, '19681210MS', 'Luis Alfonso', 'Romero', 1, 1),
(814, '19681210MS', 'Swalditndis', 'Alviarez', 2, 1),
(815, '19631225JE', 'Juan De Jesus', 'Ardila', 1, 1),
(816, '19631225JE', 'Inocencia', 'De Ramirez', 2, 1),
(817, '19690824OA', 'Heriberto', 'Noguera', 1, 1),
(818, '19690824OA', 'Delfina', 'Castro', 2, 1),
(819, '19581012LR', 'Norberto', 'Bracho', 1, 1),
(820, '19581012LR', 'Ana', 'Dolones Rangel', 2, 1),
(821, '19691007MD', 'Luis Alberto', 'Mora', 1, 1),
(822, '19691007MD', 'Esperanza', 'De Mora', 2, 1),
(823, '19710416MM', 'Rufino Alberto', 'Pérez', 1, 1),
(824, '19710416MM', 'Elidia', 'Sánchez', 2, 1),
(825, '19691002SQ', 'Alivio', 'Varela', 1, 1),
(826, '19691002SQ', 'Olga Maria', 'Contreras', 2, 1),
(827, '19580911AM', 'Julio', 'Revilla', 1, 1),
(828, '19580911AM', 'Elbertina', 'Noruega De Revilla', 2, 1),
(829, '19631010CS', 'Daniel', 'Carrillo', 1, 1),
(830, '19631010CS', 'Maria', 'Villamizar', 2, 1),
(831, '19710302JD', 'Jose Juan', 'Delgado', 1, 1),
(832, '19710302JD', 'Feliciana', 'Labrador', 2, 1),
(833, '19581103OG', 'Luis José', 'Rueda', 1, 1),
(834, '19581103OG', 'Teresa Emberatriz', 'De Rueda', 2, 1),
(835, '19690620AQ', 'Eustasio', 'Guerrero', 1, 1),
(836, '19690620AQ', 'Neida', 'Dasa', 2, 1),
(837, '19630319JV', 'Luis', 'Vera', 1, 1),
(838, '19630319JV', 'Maria De La Cruz', 'Bautista', 2, 1),
(839, '19690429EL', 'Enrique', 'Ruiz', 1, 1),
(840, '19690429EL', 'Justina', 'Mejias', 2, 1),
(841, '19580815BS', 'Luis Jose', 'Rueda', 1, 1),
(842, '19580815BS', 'Teresa Emberatriz', 'De Rueda', 2, 1),
(843, '19690910MR', 'Jose Edilferto', 'Suarez', 1, 1),
(844, '19690910MR', 'Julia', 'Ostos De S', 2, 1),
(845, '19640319JU', 'Juan De Dios', 'Murillo', 1, 1),
(846, '19640319JU', 'Lucrecia', 'Arias', 2, 1),
(847, '19581213OH', 'Luis José', 'Rueda', 1, 1),
(848, '19581213OH', 'Teresa', 'Caballero', 2, 1),
(849, '19691214LC', 'Victor Manuel', 'Ramirez', 1, 1),
(850, '19691214LC', 'Ma Pastora', 'Colmenares', 2, 1),
(851, '19710817SM', 'Miguel Angel', 'Baiter', 1, 1),
(852, '19710817SM', 'Rosa', 'Ospina', 2, 1),
(853, '19630613CG', 'Medardo', 'Perez', 1, 1),
(854, '19630613CG', 'Maria Inicentes', 'Duran De Perez', 2, 1),
(855, '19580819AG', 'Luis', 'Rivera', 1, 1),
(856, '19580819AG', 'María', 'Mora', 2, 1),
(857, '19691109CM', 'Jairo', 'Gualdron', 1, 1),
(858, '19691109CM', 'Rosa', 'Sanchez', 2, 1),
(859, '19700902JB', 'Gustavo Alfonso', 'Chacon', 1, 1),
(860, '19700902JB', 'Carmen', 'Pineda', 2, 1),
(861, '19620112FG', 'Tomas', 'Rodriguez', 1, 1),
(862, '19620112FG', 'Allis', 'Perez De Rodriguez', 2, 1),
(863, '19690930DI', 'Jose Pablo', 'Rivera', 1, 1),
(864, '19690930DI', 'Rosana', 'Andrade De R', 2, 1),
(865, '19710829JE', 'Victor Julio', 'Ramirez', 1, 1),
(866, '19710829JE', 'Maria Belen', 'De Ramirez', 2, 1),
(867, '19581224JR', 'Alejo', 'Labrador', 1, 1),
(868, '19581224JR', 'Cristina', 'Moreno', 2, 1),
(869, '19690717JP', 'Jose Marcelino', 'Castillo', 1, 1),
(870, '19690717JP', 'P Julian', 'Silveti', 2, 1),
(871, '19640305LA', 'Marco', 'Antonio Moncada', 1, 1),
(872, '19640305LA', 'Maria Demetria', 'Suarez', 2, 1),
(873, '19710427JC', 'Armando', 'Castillo', 1, 1),
(874, '19710427JC', 'Gloria Aurora', 'De Castillo', 2, 1),
(875, '19581005WG', 'José Humberto', 'Amade Márquez', 1, 1),
(876, '19581005WG', 'Carmen Alicia', 'Sanchez', 2, 1),
(877, '19620917BU', 'Elfidio', 'Cardenas', 1, 1),
(878, '19620917BU', 'Sara', 'Vera De Villamizar', 2, 1),
(879, '19710715MA', 'Carlos', 'Araque', 1, 1),
(880, '19710715MA', 'Rosa', 'Mejia', 2, 1),
(881, '19571214NR', 'Domingo', 'Monteverde Bernal', 1, 1),
(882, '19571214NR', 'Ernestina', 'Orso De Bernal', 2, 1),
(883, '19690202AR', 'Horacio', 'Garces', 1, 1),
(884, '19690202AR', 'Ascension', 'Duran', 2, 1),
(885, '19630814TM', 'Jesus', 'Rodrigez', 1, 1),
(886, '19630814TM', 'Serveliana', 'Rodrigez De Rodrigez', 2, 1),
(887, '19580828RS', 'Nolberto', 'Bracamonte', 1, 1),
(888, '19580828RS', 'Estefania', 'Niño', 2, 1),
(889, '19710511LR', 'Jose Manuel', 'Torres', 1, 1),
(890, '19710511LR', 'Ma Ignacia', 'Laguado', 2, 1),
(891, '19710714MT', 'Evelio Jesus', 'Valencia', 1, 1),
(892, '19710714MT', 'Ma Del Carmen', 'Rangel', 2, 1),
(893, '19691227MS', 'Armando', 'Contreras', 1, 1),
(894, '19691227MS', 'Ma Felena', 'Peña', 2, 1),
(895, '19691019CP', 'Erasmo', 'Guerrero', 1, 1),
(896, '19691019CP', 'Elena', 'Guerrero', 2, 1),
(897, '19581114DC', 'Marcelino', 'Guerrero', 1, 1),
(898, '19581114DC', 'Filomera', 'Arellano De Guerrero', 2, 1),
(899, '19691105JM', 'Domingo', 'Galvis', 1, 1),
(900, '19691105JM', 'Elcida', 'Soto De G', 2, 1),
(901, '19660602OB', 'Gustavo Alfonso', 'Chacon', 1, 1),
(902, '19660602OB', 'Ma Del Carmen', 'Pineda', 2, 1),
(903, '19630620AC', 'Andres Antonio', 'Contreras', 1, 1),
(904, '19630620AC', 'Emiteria', 'Perez', 2, 1),
(905, '19690102MC', 'Guillermo', 'Rojas', 1, 1),
(906, '19690102MC', 'Luceira', 'Ortiz', 2, 1),
(907, '19700403MC', 'Jose Emilio', 'Vega', 1, 1),
(908, '19700403MC', 'Esperanza', 'Pavon', 2, 1),
(909, '19581104SO', 'Marcelino', 'Guerrero', 1, 1),
(910, '19581104SO', 'Filomena', 'Arellano De Guerrero', 2, 1),
(911, '19640401OO', 'Jesus Maria', 'Figueroa', 1, 1),
(912, '19640401OO', 'Rafaela', 'Orduz De Bonilla', 2, 1),
(913, '19690913PC', 'Efrain', 'Chacon', 1, 1),
(914, '19690913PC', 'Andrea Lustina', 'Pernia', 2, 1),
(915, '19701019RA', 'Carlos Ramon', 'Galavis', 1, 1),
(916, '19701019RA', 'Celida Del Camen', 'De Galavis', 2, 1),
(917, '19630313LP', 'Guillermo Alfonso', 'Velazco', 1, 1),
(918, '19630313LP', 'Rosa', 'De Velazco', 2, 1),
(919, '19581017EM', 'Pedro', 'Parra', 1, 1),
(920, '19581017EM', 'Concepción', 'Picón', 2, 1),
(921, '19690909DS', 'Bernardino', 'Naranjo', 1, 1),
(922, '19690909DS', 'Carmen Victoria', 'Barajas', 2, 1),
(923, '19581030LG', 'Ruben', 'Mora', 1, 1),
(924, '19581030LG', 'Juana María', 'Gomez De Mora', 2, 1),
(925, '19701216CC', 'Rosario', 'Noriega', 1, 1),
(926, '19701216CC', 'Angela', 'Parcia', 2, 1),
(927, '19690216JL', 'Santos', 'Olgui', 1, 1),
(928, '19690216JL', 'Betina', 'Lugo', 2, 1),
(929, '19581118RR', 'Agustin', 'Garcia', 1, 1),
(930, '19581118RR', 'Estefania', 'Jaimes', 2, 1),
(931, '19690330BS', 'Jose', 'Contreras', 1, 1),
(932, '19690330BS', 'Esperanza', 'Salvario', 2, 1),
(933, '19710725LC', 'Gustavo', 'Peñaloza', 1, 1),
(934, '19710725LC', 'Ana R', 'De Peñaloza', 2, 1),
(935, '19640420PO', 'Frailan', 'Contreras', 1, 1),
(936, '19640420PO', 'Evelia', 'Mora De Contreras', 2, 1),
(937, '19690415JM', 'Carlos Luis', 'Mendoza', 1, 1),
(938, '19690415JM', 'Elfa', 'De Mendoza', 2, 1),
(939, '19681205JC', 'Jose Eugenio', 'Rosales', 1, 1),
(940, '19681205JC', 'Beatriz', 'Medina', 2, 1),
(941, '19640309GM', 'Jose Santos', 'Chanaga', 1, 1),
(942, '19640309GM', 'Yolanda', 'Silva', 2, 1),
(943, '19680401YU', 'Paulo Jose', 'Chacon', 1, 1),
(944, '19680401YU', 'Anselma Yolanda', 'Pernia', 2, 1),
(945, '19580810GB', 'Luis Alberto', 'Bautista', 1, 1),
(946, '19580810GB', 'Zoraida', 'Jaimes', 2, 1),
(947, '19630429GC', 'Jaime A', 'Pineda', 1, 1),
(948, '19630429GC', 'Francisca', 'Higera', 2, 1),
(949, '19700315AB', 'Juan Isidro', 'Sandoval', 1, 1),
(950, '19700315AB', 'Carmen Cecilia', 'De Sandoval', 2, 1),
(951, '19670403FG', 'Ramon', 'Pacheco', 1, 1),
(952, '19670403FG', 'Juana', 'Mendoza', 2, 1),
(953, '19640404AS', 'Pablo', 'Contreras', 1, 1),
(954, '19640404AS', 'Filomena', 'Briceño', 2, 1),
(955, '19680518NF', 'Enrique', 'Ramirez Zambrano', 1, 1),
(956, '19680518NF', 'Riquilda', 'Roncon De R', 2, 1),
(957, '19710525FV', 'Jose Antonio', 'Belandria', 1, 1),
(958, '19710525FV', 'Rosa', 'Rey', 2, 1),
(959, '19640319SR', 'Simon Arcangel', 'Morales', 1, 1),
(960, '19640319SR', 'Epifania', 'Castillo', 2, 1),
(961, '19580624EJ', 'Santiago', 'Mora', 1, 1),
(962, '19580624EJ', 'Maria', 'Belen Mora', 2, 1),
(963, '19630425IR', 'Rafael', 'Gonzalez Jaimes', 1, 1),
(964, '19630425IR', 'Lilia', 'Contreras', 2, 1),
(965, '19660608DG', 'Humberto', 'Perez', 1, 1),
(966, '19660608DG', 'Maura', 'De Perez', 2, 1),
(967, '19701021YR', 'Victor Julio', 'Ramirez', 1, 1),
(968, '19701021YR', 'Ma Belen', 'Araque', 2, 1),
(969, '19580410RQ', 'Victor Manuel', 'Contreras', 1, 1),
(970, '19580410RQ', 'Ana', 'Felina Garcia', 2, 1),
(971, '19580315HN', 'Juan', 'Sandoval', 1, 1),
(972, '19580315HN', 'Maria Antonia', 'Chacon', 2, 1),
(973, '19621116HD', 'Bauldilio', 'Roa', 1, 1),
(974, '19621116HD', 'Ana Cleotilde', 'Roa', 2, 1),
(975, '19640418DZ', 'Pablo', 'Ovalles', 1, 1),
(976, '19640418DZ', 'Lucrecia', 'Hernandez De Ovalles', 2, 1),
(977, '19710524OH', 'Aparicio', 'Perez', 1, 1),
(978, '19710524OH', 'Irma', 'Rodriguez', 2, 1),
(979, '19690608AC', 'Jose Ernesto', 'Silva', 1, 1),
(980, '19690608AC', 'Evangelina', 'Torres', 2, 1),
(981, '19581016JG', 'Lesmes', 'Berbesí', 1, 1),
(982, '19581016JG', 'Estefania', 'Quintero', 2, 1),
(983, '19640407RR', 'Eliazar', 'Peñaralta', 1, 1),
(984, '19640407RR', 'Julia', 'Contreras De Peñaralda', 2, 1),
(985, '19690915YO', 'Patrocinio', 'Marquez', 1, 1),
(986, '19690915YO', 'Juana', 'Escalante', 2, 1),
(987, '19631030CM', 'Luis Armando', 'Vega', 1, 1),
(988, '19631030CM', 'Maria Celina', 'Becerra', 2, 1),
(989, '19581122JO', 'Efrain', 'Panqueban', 1, 1),
(990, '19581122JO', 'Oliva', 'Angel', 2, 1),
(991, '19681127PC', 'Jose Miguel', 'Vivas', 1, 1),
(992, '19681127PC', 'Justa', 'Rosales', 2, 1),
(993, '19690901JR', 'Ramon', 'Pacheco', 1, 1),
(994, '19690901JR', 'Rosalia', 'Ramirez De S', 2, 1),
(995, '19690525LA', 'Juan Cosostomo', 'Ramirez', 1, 1),
(996, '19690525LA', 'Blanca Idmelda', 'Vega', 2, 1),
(997, '19690818OD', 'Gerardo', 'Labrador', 1, 1),
(998, '19690818OD', 'Maria', 'Labrador', 2, 1),
(999, '19610608MC', 'Octavio', 'Salas', 1, 1),
(1000, '19610608MC', 'Dolores', 'Mariño', 2, 1),
(1001, '19550922JZ', 'Jose Candelario', 'Pernia', 1, 1),
(1002, '19550922JZ', 'Teresa', 'Escalante', 2, 1),
(1003, '19710505IM', 'Andrés', 'Villamizar', 1, 1),
(1004, '19710505IM', 'Marcelina', 'Quintero', 2, 1),
(1005, '19550814EG', 'Jose Candelario', 'Pernia', 1, 1),
(1006, '19550814EG', 'Teresa', 'Escalante', 2, 1);
INSERT INTO `padrinos` (`IdPadri`, `IdInd`, `Nom`, `Ape`, `Sex`, `TipCelPad`) VALUES
(1007, '19610801BG', 'Francisco', 'Contreras', 1, 1),
(1008, '19610801BG', 'Sra', 'De Contreras', 2, 1),
(1009, '19660613IB', 'Ansidon', 'Alviarez', 1, 1),
(1010, '19660613IB', 'Ana Josefa', 'Rubio', 2, 1),
(1011, '19550604OM', 'Jesus Salvador', 'Arellano', 1, 1),
(1012, '19550604OM', 'Ramona', 'Cardenas', 2, 1),
(1013, '19610827AR', 'Norberto', 'Bracamonte', 1, 1),
(1014, '19610827AR', 'Debora', 'Ramirez', 2, 1),
(1015, '18580501HC', 'Eliseo', 'Sepulbeda', 1, 1),
(1016, '18580501HC', 'Maria Antonia', 'Rosales', 2, 1),
(1017, '19660530EU', 'Florencio', 'Luiz', 1, 1),
(1018, '19660530EU', 'Lina Rosa', 'De Bautista', 2, 1),
(1019, '19610827TR', 'Pedro', 'Zapata', 1, 1),
(1020, '19610827TR', 'Flor De Maria', 'Aguado', 2, 1),
(1021, '19570606AP', 'Luis', 'Camillo', 1, 1),
(1022, '19570606AP', 'Victoria', 'Leon', 2, 1),
(1023, '19660413JP', 'Jose Isidoro', 'Torres', 1, 1),
(1024, '19660413JP', 'Angela Noris', 'De Torres', 2, 1),
(1025, '19610306JC', 'Jose', 'Viña', 1, 1),
(1026, '19610306JC', 'Gracia Luz', 'Ureña', 2, 1),
(1027, '19660423AV', 'Jose Abraham', 'Pernia', 1, 1),
(1028, '19660423AV', 'Albertina', 'Contreras', 2, 1),
(1029, '19651220EM', 'Ricardo Alfonso', 'Ruiz', 1, 1),
(1030, '19651220EM', 'Rosmira', 'De Ruiz', 2, 1),
(1031, '19610710JS', 'Alfredo', 'Perez', 1, 1),
(1032, '19610710JS', 'Alicia', 'De Perez', 2, 1),
(1033, '19610918OR', 'Miguel Angel', 'Vivas', 1, 1),
(1034, '19610918OR', 'Ana Rosa', 'Rojas', 2, 1),
(1035, '19571206BV', 'Diocles', 'Losano Roso', 1, 1),
(1036, '19571206BV', 'Alicia', 'Perez De Losano', 2, 1),
(1037, '19651209SE', 'Elio', 'Rivas', 1, 1),
(1038, '19651209SE', 'Olga', 'Rivas', 2, 1),
(1039, '19581123MD', 'Zenon', 'Chacon Rosales', 1, 1),
(1040, '19581123MD', 'Beronica', 'Garcia De Chacon', 2, 1),
(1041, '19610719AG', 'Pedro Jose', 'Cruz', 1, 1),
(1042, '19610719AG', 'Adela', 'Barajas', 2, 1),
(1043, '19690426EM', 'Virgilio', 'Martinez', 1, 1),
(1044, '19690426EM', 'Carmen Sofia', 'Duarte', 2, 1),
(1045, '19581030IO', 'Ramon', 'Guerreo', 1, 1),
(1046, '19581030IO', 'Mauricia', 'Mogollon', 2, 1),
(1047, '19690909YB', 'Francisco', 'Gregoria', 1, 1),
(1048, '19690909YB', 'Carmen Ismelda', 'Salazan', 2, 1),
(1049, '19631003LC', 'Ricardo Enrique', 'Araque', 1, 1),
(1050, '19631003LC', 'María Lucrecia', 'Lopez', 2, 1),
(1051, '19610926LD', 'Martin Alcidoro', 'Maldonado', 1, 1),
(1052, '19610926LD', 'Olga', 'De Maldonado', 2, 1),
(1053, '19660523NJ', 'Farcicio', 'Ramirez', 1, 1),
(1054, '19660523NJ', 'Graciela', 'De Ramirez', 2, 1),
(1055, '19690128JR', 'Jose Gregorio', 'Chaparro', 1, 1),
(1056, '19690128JR', 'Blanca Yamile', 'Dias De Ch', 2, 1),
(1057, '19691026MA', 'Jorge', 'Conde', 1, 1),
(1058, '19691026MA', 'Luz Alba', 'Parada', 2, 1),
(1059, '19581228JS', 'Miguel', 'Alvires', 1, 1),
(1060, '19581228JS', 'Isabel', 'Molina', 2, 1),
(1061, '19630512MG', 'Fabriciano', 'Luna', 1, 1),
(1062, '19630512MG', 'Agustina', 'Marquez De Luna', 2, 1),
(1063, '19770725CJ', 'Victor Manuel', 'Guerrero', 1, 1),
(1064, '19770725CJ', 'Briseida', 'Perez De Rivera', 2, 1),
(1065, '19610925MO', 'Felipe', 'Guerrero', 1, 1),
(1066, '19610925MO', 'Dioselina', 'Marquez De Guerrero', 2, 1),
(1067, '19660215HS', 'Jose Dimas', 'Zamora', 1, 1),
(1068, '19660215HS', 'Carmen', 'De Zamora', 2, 1),
(1069, '18580606RM', 'Jose Ramon', 'Sanchez', 1, 1),
(1070, '18580606RM', 'Carmen Alicia', 'Sanchez', 2, 1),
(1071, '19780201CN', 'Angel Manuel', 'Duran', 1, 1),
(1072, '19780201CN', 'Ramina Elizas', 'Sanchez', 2, 1),
(1073, '19681108FZ', 'Alirio Fuentes', 'Ortega', 1, 1),
(1074, '19681108FZ', 'Maria Orlia', 'Pineda', 2, 1),
(1075, '19631217LQ', 'Pedro Celestino', 'Castillo', 1, 1),
(1076, '19631217LQ', 'Ana Dolores', 'Romero De Castillo', 2, 1),
(1077, '19601023AR', 'Eulagio', 'Sandoval', 1, 1),
(1078, '19601023AR', 'Alicia', 'De Sandoval', 2, 1),
(1079, '19771017NS', 'Pablo Antonio', 'Rosa', 1, 1),
(1080, '19771017NS', 'Ana Rita', 'Gonsalez', 2, 1),
(1081, '19581227MT', 'Roberto Ramon', 'Ramirez', 1, 1),
(1082, '19581227MT', 'Rosa Maria', 'Sanchez', 2, 1),
(1083, '19640106JG', 'Jose', 'Noriega', 1, 1),
(1084, '19640106JG', 'Delfina', 'Castro De Noriega', 2, 1),
(1085, '19691019MO', 'Francisco Ant', 'Escalante', 1, 1),
(1086, '19691019MO', 'Ana Teresa', 'Escalante', 2, 1),
(1087, '19771105AR', 'Emiliano', 'Vivas', 1, 1),
(1088, '19771105AR', 'Graciela', 'Sayago De V', 2, 1),
(1089, '19640126JG', 'Ramon Leovigildo', 'Guerrero', 1, 1),
(1090, '19640126JG', 'Maria Sorcelina', 'Vivas De Guerrero', 2, 1),
(1091, '19581105PC', 'Guiselo', 'Colmenarez', 1, 1),
(1092, '19581105PC', 'Bonifacia', 'Escalante', 2, 1),
(1093, '19660430LL', 'Jose Dimas', 'Zamora', 1, 1),
(1094, '19660430LL', 'Carmen', 'De Zamora', 2, 1),
(1095, '19690227NR', 'Casimiro', 'Rincon', 1, 1),
(1096, '19690227NR', 'Leida Mireya', 'Rincon', 2, 1),
(1097, '19760727ZA', 'Abaracio', 'Perez', 1, 1),
(1098, '19760727ZA', 'Alicia', 'Perez', 2, 1),
(1099, '19631124BM', 'Juan Ramon', 'Guerrero', 1, 1),
(1100, '19631124BM', 'Ana Julia', 'Roa', 2, 1),
(1101, '19590112RV', 'Jose Mercedes', 'Sanchez', 1, 1),
(1102, '19590112RV', 'Lucia', 'Sanchez', 2, 1),
(1103, '19690910NZ', 'Julian', 'Duque', 1, 1),
(1104, '19690910NZ', 'Apolonia', 'Barreras De D', 2, 1),
(1105, '19640328GM', 'Pedro', 'Benites', 1, 1),
(1106, '19640328GM', 'Herminia', 'Mojica', 2, 1),
(1107, '19580710CM', 'Jose Francisco', 'Alvarez', 1, 1),
(1108, '19580710CM', 'Berta', 'Lopera', 2, 1),
(1109, '19681217ZH', 'Antonio', 'Garces', 1, 1),
(1110, '19681217ZH', 'Dora', 'Guerrero', 2, 1),
(1111, '19640311DD', 'Julio Estoquio', 'Contreras', 1, 1),
(1112, '19640311DD', 'Amelia', 'Guerrero De Contreras', 2, 1),
(1113, '19590107RP', 'Ipolito', 'Luna', 1, 1),
(1114, '19590107RP', 'Rosa', 'Sambrano', 2, 1),
(1115, '19640222YC', 'Juan Alberto', 'Carrillo', 1, 1),
(1116, '19640222YC', 'Maria', 'Becerra', 2, 1),
(1117, '19690628II', 'Z Antonio', 'Morales G', 1, 1),
(1118, '19690628II', 'Ma Reyes', 'Bombilla Delu', 2, 1),
(1119, '19780211GR', 'Francisco', 'Bustamante', 1, 1),
(1120, '19780211GR', 'Flor De Maria', 'Gomez', 2, 1),
(1121, '19690628ER', 'Z Antonio', 'Moralez G', 1, 1),
(1122, '19690628ER', 'Ma Reyes', 'Bombilla Delu', 2, 1),
(1123, '19640429JO', 'Juan De Jesus', 'Ulbina', 1, 1),
(1124, '19640429JO', 'Maria Argripina', 'Ortega De Ulbina', 2, 1),
(1125, '19771101GR', 'Jorge', 'Corrale', 1, 1),
(1126, '19771101GR', 'Omaira', 'Casanova', 2, 1),
(1127, '19601006AG', 'Rafael', '', 1, 1),
(1128, '19601006AG', 'Candelaria', 'Albornoz', 2, 1),
(1129, '19691023GL', 'Gerardo', 'Labrador', 1, 1),
(1130, '19691023GL', 'Primitiva', 'Cacique', 2, 1),
(1131, '19640513EO', 'Jose Gregorio', 'Ramirez', 1, 1),
(1132, '19640513EO', '', '', 2, 1),
(1133, '19660310JS', 'Teodoro', 'Peñaloza', 1, 1),
(1134, '19660310JS', 'Bertha Isolina', 'Fuentes', 2, 1),
(1135, '19581023RA', 'Jose', 'Acevedo', 1, 1),
(1136, '19581023RA', 'Imelda', 'Anselmi', 2, 1),
(1137, '19630514RG', 'Constantino', 'Ponce', 1, 1),
(1138, '19630514RG', 'Sixta', 'Garcia De Ponce', 2, 1),
(1139, '19691001DE', 'Reinaldo', 'Roso', 1, 1),
(1140, '19691001DE', 'Elena Ruiz', 'De Guerrero', 2, 1),
(1141, '19760517PL', 'Alolino', 'Yiannatale', 1, 1),
(1142, '19760517PL', 'Alicia', 'Dubay Morales D', 2, 1),
(1143, '19581021UG', 'Ponciano', 'Perez', 1, 1),
(1144, '19581021UG', 'Socorro', 'Valera De Perez', 2, 1),
(1145, '19640113DV', 'Luis Alberto', 'Niño', 1, 1),
(1146, '19640113DV', 'Custodia', 'Sanchez', 2, 1),
(1147, '19690604RR', 'Juan', 'Ortivero', 1, 1),
(1148, '19690604RR', 'Elena Ruis', 'De Guerrero', 2, 1),
(1149, '19770504HF', 'Angel', 'Luzano', 1, 1),
(1150, '19770504HF', 'Angela', 'Iglesia', 2, 1),
(1151, '19610319AD', 'Roberto', 'Aviarez', 1, 1),
(1152, '19610319AD', 'Leonor', 'Juarez', 2, 1),
(1153, '19631202ES', 'Luis Jorge', 'Lozano', 1, 1),
(1154, '19631202ES', 'Custodia', 'Sanchez', 2, 1),
(1155, '19660301JO', 'Teodoro', 'Peñaloza', 1, 1),
(1156, '19660301JO', 'Praxedes', 'Ramirez', 2, 1),
(1157, '19690809NL', 'Zorilo', 'Garcia', 1, 1),
(1158, '19690809NL', 'Cruzdelina', 'Vargas', 2, 1),
(1159, '19770812MG', 'Vagilio', 'Martinez', 1, 1),
(1160, '19770812MG', 'Carmen', 'Duarte De Martinez', 2, 1),
(1161, '19631020MP', 'Jose Francisco', 'Marquez', 1, 1),
(1162, '19631020MP', 'Maria De Demetria', 'Agilar De Marquez', 2, 1),
(1163, '19630917RC', 'Juan De Jesus', 'Farjado', 1, 1),
(1164, '19630917RC', 'Julia', 'Astos De Suarez', 2, 1),
(1165, '19610722WR', 'Eduardo', 'Acuña', 1, 1),
(1166, '19610722WR', 'Maria De Los Angeles', 'De Acuña', 2, 1),
(1167, '19630711ES', 'Santos Maria', 'Parada', 1, 1),
(1168, '19630711ES', 'Delfina', 'Botillo', 2, 1),
(1169, '19580505CM', 'Polinfadio De Jesus', 'Bello', 1, 1),
(1170, '19580505CM', 'Dominga', 'Del Rosario Contera', 2, 1),
(1171, '19610322ES', 'Domingo', 'Navarro', 1, 1),
(1172, '19610322ES', 'Elena', 'Navarro', 2, 1),
(1173, '19690407HM', 'Olinto', 'Picon', 1, 1),
(1174, '19690407HM', 'Alba Carolina', 'Chacon', 2, 1),
(1175, '19660415NG', 'Jose', 'Parra Molero', 1, 1),
(1176, '19660415NG', 'Bonifacia', 'Velmont', 2, 1),
(1177, '19631108JA', 'Pastor', 'Moncada', 1, 1),
(1178, '19631108JA', 'Carmen', 'Ramirez', 2, 1),
(1179, '19770602MR', 'Leovigildo', 'Urdaneta', 1, 1),
(1180, '19770602MR', 'Esperanza', 'Hernandez', 2, 1),
(1181, '19581221RR', 'Fortunado', 'Moreno', 1, 1),
(1182, '19581221RR', 'Avela', 'Mora De Moreno', 2, 1),
(1183, '19780131AD', 'Ricardo', 'Mendoza', 1, 1),
(1184, '19780131AD', 'Solanda', 'De Mendoza', 2, 1),
(1185, '19581205JN', 'Venici', 'Camillo', 1, 1),
(1186, '19581205JN', 'Eudisa', 'Jaimes', 2, 1),
(1187, '19610507JM', 'Leovigildo', 'Catañeda', 1, 1),
(1188, '19610507JM', 'Ana', 'Quiñonez', 2, 1),
(1189, '19631029RP', 'Armamias', 'Zambrano', 1, 1),
(1190, '19631029RP', 'Irma Jesus', 'Fuentes', 2, 1),
(1191, '19690118FG', 'Jose', 'Marques Moreno', 1, 1),
(1192, '19690118FG', 'Isabel', 'Colmenares', 2, 1),
(1193, '19640423LP', 'Jose Del Carmen', 'Pabon', 1, 1),
(1194, '19640423LP', 'Fidelina', 'Pernia De Pabon', 2, 1),
(1195, '19611019WG', 'Jose', 'Contreras', 1, 1),
(1196, '19611019WG', 'Maria De Jesus', 'De Contreras', 2, 1),
(1197, '19691020NM', 'Rosalino', 'Colmenares M', 1, 1),
(1198, '19691020NM', 'Celina', 'Perez De C', 2, 1),
(1199, '19640430AC', 'Graciliano', 'Mora Ramirez', 1, 1),
(1200, '19640430AC', 'Maria', 'Pernia De Mora', 2, 1),
(1201, '19691020YN', 'Rosalino', 'Colmenares M', 1, 1),
(1202, '19691020YN', 'Celina', 'Perez De C', 2, 1),
(1203, '19770814ND', 'Luis Antonio', 'Zambrano', 1, 1),
(1204, '19770814ND', 'Luisa Ortencia', 'Guerrero', 2, 1),
(1205, '19650326JT', 'Dr Emiliano', 'Briceño', 1, 1),
(1206, '19650326JT', 'Fanny', 'De Briceño', 2, 1),
(1207, '19630719RM', 'Marcos', 'Rey Cardenas', 1, 1),
(1208, '19630719RM', 'Belin', 'Duran De Cardenas', 2, 1),
(1209, '19610812AP', 'Pablo E', 'Chacon', 1, 1),
(1210, '19610812AP', 'Ana', 'De Chacon', 2, 1),
(1211, '19581102JD', 'Tito', 'Almeria', 1, 1),
(1212, '19581102JD', 'Maria Antonia', 'Rojas', 2, 1),
(1213, '19690827AV', 'Jesus Maximiliano', 'Guerrero', 1, 1),
(1214, '19690827AV', 'Evangelina', 'Sanchez', 2, 1),
(1215, '19640419JP', 'German', 'Antolinez', 1, 1),
(1216, '19640419JP', 'Maria Concepcion', 'Sierra', 2, 1),
(1217, '19590126IM', 'Pablo Antonio', 'Albares', 1, 1),
(1218, '19590126IM', 'Elvia Maria', 'Alvares', 2, 1),
(1219, '19660315MP', 'Felipe', 'Guerrero', 1, 1),
(1220, '19660315MP', 'Rosa', 'Barajas De Guerrero', 2, 1),
(1221, '19640504EE', 'Miguel', 'Diaz', 1, 1),
(1222, '19640504EE', 'Ana Julia', 'Duque', 2, 1),
(1223, '19610616JF', 'Jose Rufo', 'Rosales', 1, 1),
(1224, '19610616JF', 'Josefa', 'De Rosales', 2, 1),
(1225, '19690624JG', 'Pedro', 'Gonsalez Espinosa', 1, 1),
(1226, '19690624JG', 'Rosa Emilia', 'Rivero', 2, 1),
(1227, '19780122AC', 'Luis Maria', 'Medina', 1, 1),
(1228, '19780122AC', 'Maria Gregoria', 'Ramirez De M', 2, 1),
(1229, '19630725JN', 'Julio', 'Albaracin', 1, 1),
(1230, '19630725JN', 'Josefina', 'Lopez', 2, 1),
(1231, '19690821LR', 'Pedro', 'Gonsalo Espinosa', 1, 1),
(1232, '19690821LR', 'Rosa Emilia', 'Rivero', 2, 1),
(1233, '19660327CC', 'Julio Cesar', 'Briceño', 1, 1),
(1234, '19660327CC', 'Corina', 'De Briceño', 2, 1),
(1235, '19640314AS', 'Victor Manuel', 'Morales', 1, 1),
(1236, '19640314AS', 'Aura', 'Gonzales De Morales', 2, 1),
(1237, '19690506JA', 'Martin', 'Alcidoro Maldonado', 1, 1),
(1238, '19690506JA', 'Olga', 'Guerrero Delu', 2, 1),
(1239, '19610906DM', 'Luis Antonio', 'Pernia', 1, 1),
(1240, '19610906DM', 'Carmen', 'Rujano De Pernia', 2, 1),
(1241, '19660326ER', 'Adolfo', 'Pernia', 1, 1),
(1242, '19660326ER', 'Aura', 'Orozco', 2, 1),
(1243, '19780212MC', 'Antonio', 'Mendoza', 1, 1),
(1244, '19780212MC', 'Leonilde', 'Parras De Mendoza', 2, 1),
(1245, '19610511FM', 'Ramon Eutencio', 'Mora', 1, 1),
(1246, '19610511FM', 'Sabina', 'Mora', 2, 1),
(1247, '19580913JS', 'Isaias', 'Barrientos', 1, 1),
(1248, '19580913JS', 'Blanca Nieve', 'Calderon', 2, 1),
(1249, '19581224LD', 'Juan Bautista', 'Meneses', 1, 1),
(1250, '19581224LD', 'Rosa', 'Araque', 2, 1),
(1251, '19611004AG', 'Pastor', 'Sanchez', 1, 1),
(1252, '19611004AG', 'Ana C', 'Ramirez', 2, 1),
(1253, '19581128VN', 'Roberto', 'Ramires', 1, 1),
(1254, '19581128VN', 'Guisela', 'Coolmenares', 2, 1),
(1255, '19590114JC', 'Rosalino', 'Colmenares', 1, 1),
(1256, '19590114JC', 'Celina', 'Paez De Colmenares', 2, 1),
(1257, '19610827JR', 'Ramon', 'Sanchez', 1, 1),
(1258, '19610827JR', 'Pastora', 'Herrera', 2, 1),
(1259, '19671128BV', 'Jose Alfredo', 'Carrea', 1, 1),
(1260, '19671128BV', 'Isabel Jolanda', 'De Correa', 2, 1),
(1261, '19581212AV', 'Honorio', 'Garcias', 1, 1),
(1262, '19581212AV', 'Carmen Rosa', 'Beltran', 2, 1),
(1263, '19590107AP', 'Jose', 'Gonsales', 1, 1),
(1264, '19590107AP', 'Faustina', 'Moreno De Gonsalees', 2, 1),
(1265, '19610619RF', 'Justo', 'Chacon', 1, 1),
(1266, '19610619RF', 'Josefina', 'Caicedo', 2, 1),
(1267, '19580916RR', 'Andres', 'Forelo', 1, 1),
(1268, '19580916RR', 'Elena', 'Forelo', 2, 1),
(1269, '19581213AB', 'Nolverto', 'Medina Tielanizal', 1, 1),
(1270, '19581213AB', 'Eguitia', 'Cañas', 2, 1),
(1271, '19671220JM', 'Jose', 'Sanchez Morales', 1, 1),
(1272, '19671220JM', 'Mariaa Domitila', 'De Sanchez', 2, 1),
(1273, '19611001VM', 'Jose De Ta', 'H Sanchez', 1, 1),
(1274, '19611001VM', 'Eleodigna', 'Rojas', 2, 1),
(1275, '19590109AN', 'Yldefoso', 'Mogollon', 1, 1),
(1276, '19590109AN', 'Rosa', 'Sanchez', 2, 1),
(1277, '19680128IC', 'Rafael Antonio', 'Garcia', 1, 1),
(1278, '19680128IC', 'Maria Celina', 'Garcia', 2, 1),
(1279, '19590118CS', 'Antonio Ramon', 'Caceres', 1, 1),
(1280, '19590118CS', 'Maria', 'Vivas', 2, 1),
(1281, '19581212MR', 'Argimis', 'Chacon', 1, 1),
(1282, '19581212MR', 'Ana Flor', 'Rosales', 2, 1),
(1283, '19670421LP', 'Luis Alfonso', 'Pinto', 1, 1),
(1284, '19670421LP', 'Ines', 'Hurtado De Ayala', 2, 1),
(1285, '19610312BD', 'Jose Nereo', 'Domador', 1, 1),
(1286, '19610312BD', 'Regina', 'Domador', 2, 1),
(1287, '19590124MG', 'Agafrito', 'Mora', 1, 1),
(1288, '19590124MG', 'Carmen', 'Chacon Representados Por Maria', 2, 1),
(1289, '19610921LA', 'Pedro', 'Sarviento', 1, 1),
(1290, '19610921LA', 'Eva', 'De Sarviento', 2, 1),
(1291, '19611002JC', 'Lorenzo', 'Zambrano', 1, 1),
(1292, '19611002JC', 'Fidelia', 'Leal', 2, 1),
(1293, '19660427NR', 'Luis Enrrique', 'Buitriago', 1, 1),
(1294, '19660427NR', 'Teresa', 'De Rodriguez', 2, 1),
(1295, '19610915CD', 'Julio', 'Jimenez Roa', 1, 1),
(1296, '19610915CD', 'Maria Mercedes', 'Garcia', 2, 1),
(1297, '19550714MJ', 'Luis', 'Gandica', 1, 1),
(1298, '19550714MJ', 'Josefa', 'Gandica', 2, 1),
(1299, '19550309MQ', 'Amable Ramon', 'Silva', 1, 1),
(1300, '19550309MQ', 'Elba Vita', 'De Silva', 2, 1),
(1301, '19551126PE', 'Angel', 'Guerrero', 1, 1),
(1302, '19551126PE', 'Rosario', 'Nuñez', 2, 1),
(1303, '19551126FE', 'Pedro', 'Alcantara', 1, 1),
(1304, '19551126FE', 'Marcelina', 'Valera', 2, 1),
(1305, '19631202VF', 'Gonzalo', 'Ortega', 1, 1),
(1306, '19631202VF', 'Carmen', 'De Ortega', 2, 1),
(1307, '19550602ER', 'Amable Ramon', 'Silva', 1, 1),
(1308, '19550602ER', 'Rosa Julia', 'Momntañez', 2, 1),
(1309, '19630513IC', 'Jose Ramon', 'Acebedo', 1, 1),
(1310, '19630513IC', 'Luisa', 'Caceres', 2, 1),
(1311, '19550924MG', 'Jose Ramon', 'Ramirez', 1, 1),
(1312, '19550924MG', 'Elisdrogma', 'Mendez', 2, 1),
(1313, '19550503AR', 'Nemecio', 'Soto', 1, 1),
(1314, '19550503AR', 'Otilia', 'Grimaldo', 2, 1),
(1315, '19640505JM', 'Jose Santo', 'Lizalaso', 1, 1),
(1316, '19640505JM', 'Ana Romelia', 'Torres', 2, 1),
(1317, '19680531TZ', 'Martin', 'Alciduro Maldonado', 1, 1),
(1318, '19680531TZ', 'Olga', 'Guerrero', 2, 1),
(1319, '19550630GR', 'Cristobal', 'Garcia', 1, 1),
(1320, '19550630GR', 'Maria', 'Ochoa', 2, 1),
(1321, '19640223RM', 'Modesto', 'Rosales', 1, 1),
(1322, '19640223RM', 'Adelina', 'Ramirez', 2, 1),
(1323, '19551010PL', 'Mauricio', 'Orozco', 1, 1),
(1324, '19551010PL', 'Otilia', 'Grimaldo', 2, 1),
(1325, '19680101RG', 'Luis Felipe', 'Hernandez', 1, 1),
(1326, '19680101RG', 'Julia', 'Pernia De Mendoza', 2, 1),
(1327, '19630424NC', 'Oseas', 'Nieto', 1, 1),
(1328, '19630424NC', 'Maria', 'Hernandez', 2, 1),
(1329, '19551107CM', 'Otoniel', 'Ortiz', 1, 1),
(1330, '19551107CM', 'Ramona', 'Cardenas', 2, 1),
(1331, '19630813EG', 'Juan', 'Bta Roa', 1, 1),
(1332, '19630813EG', 'Elba', 'Urbina', 2, 1),
(1333, '19550404YM', 'Luis Gustavo', 'Peñaranda', 1, 1),
(1334, '19550404YM', 'Marcelina', 'Quintero', 2, 1),
(1335, '19670204BZ', 'Silberto', 'Adrianza', 1, 1),
(1336, '19670204BZ', 'Nélida', 'Parra', 2, 1),
(1337, '19671217PN', 'Victor Julio', 'Mendoza Duarte', 1, 1),
(1338, '19671217PN', 'Rosalia', 'Fiallo', 2, 1),
(1339, '19551125MR', 'Juan', 'Perez', 1, 1),
(1340, '19551125MR', 'Ricarda', 'Bustamante', 2, 1),
(1341, '19640325GG', '', '', 1, 1),
(1342, '19640325GG', '', '', 2, 1),
(1343, '19640427AC', 'Nicolas', 'Contreras', 1, 1),
(1344, '19640427AC', 'Enriqueta', 'Arellano De Contreras', 2, 1),
(1345, '19660825ZS', 'Pedro Antonio', 'Vargas', 1, 1),
(1346, '19660825ZS', 'Alejandrina', 'Ramirez', 2, 1),
(1347, '19691001BC', 'Fernando', 'Guerra', 1, 1),
(1348, '19691001BC', 'Alejandrina', 'Palvis', 2, 1),
(1349, '19631025KP', 'Belisino', 'Albarado Peña', 1, 1),
(1350, '19631025KP', 'Maria De Rosalio', 'Albarado', 2, 1),
(1351, '19640517PD', 'Alfredo', 'Guerrero', 1, 1),
(1352, '19640517PD', 'Carmen', 'Ramirez', 2, 1),
(1353, '19680903LP', 'Rodolfo', 'Rivera', 1, 1),
(1354, '19680903LP', 'Rosa Maria', 'Rivera', 2, 1),
(1355, '19680229JG', 'Jose Eduardo', 'Mora', 1, 1),
(1356, '19680229JG', 'Ana Asuncion', 'Contreras', 2, 1),
(1357, '19610306MM', 'Arfilio', 'Carrillo M', 1, 1),
(1358, '19610306MM', 'Ligia', 'M De C', 2, 1),
(1359, '19630616NM', 'Jose Del Carmen', 'Sandoval', 1, 1),
(1360, '19630616NM', 'Agustina', 'Caballero De Sandoval', 2, 1),
(1361, '19670812JR', 'Eusebio', 'Sierra', 1, 1),
(1362, '19670812JR', 'Angelica', 'Cuadros', 2, 1),
(1363, '19621101RR', 'Jose Antonio', 'Zambrano', 1, 1),
(1364, '19621101RR', 'Ana Berta', 'Molina', 2, 1),
(1365, '19670212MV', 'Sixto Fidel', 'Villamizar', 1, 1),
(1366, '19670212MV', 'Luz Marina', 'Galbis', 2, 1),
(1367, '19680805LM', 'José M', 'Chacon', 1, 1),
(1368, '19680805LM', 'Marina', 'Belasco', 2, 1),
(1369, '19610601YP', '', '', 1, 1),
(1370, '19610601YP', 'Ceila Stella', 'Rosales', 2, 1),
(1371, '19671029RS', 'Victor Julio', 'Ramirez', 1, 1),
(1372, '19671029RS', 'Ana', 'Salinas', 2, 1),
(1373, '19640508EA', 'José', 'Roa', 1, 1),
(1374, '19640508EA', 'Ana Maria', 'Perez', 2, 1),
(1375, '19640508EC', 'Florencio', 'Rondon', 1, 1),
(1376, '19640508EC', 'Irene', 'Perez De Rondon', 2, 1),
(1377, '19610815RD', 'Florentino', 'Cortez', 1, 1),
(1378, '19610815RD', 'Rosa V', 'Castro', 2, 1),
(1379, '09680110LQ', 'Efrain', 'Apolinar', 1, 1),
(1380, '09680110LQ', 'Flor', 'Medina', 2, 1),
(1381, '19640330GL', 'Julio Ramon', 'Valero', 1, 1),
(1382, '19640330GL', 'Maria Rufina', 'Gomez', 2, 1),
(1383, '19640514CS', 'Erasmo', 'Guerrero', 1, 1),
(1384, '19640514CS', 'Mercedes', 'Ruiz', 2, 1),
(1385, '19640302JC', 'Carlos Raul', 'Sanchez', 1, 1),
(1386, '19640302JC', 'Maria Concepción', 'Sanchez', 2, 1),
(1387, '19690503OB', 'Pedro Antonio', 'Gomez', 1, 1),
(1388, '19690503OB', 'Mery', 'Silva', 2, 1),
(1389, '19631212HD', 'Braulio', 'Omaña', 1, 1),
(1390, '19631212HD', 'Luisa', 'De Omaña', 2, 1),
(1391, '19680126IR', 'Victor Manuel', 'Duarte', 1, 1),
(1392, '19680126IR', 'Rosadelia', 'Duarte', 2, 1),
(1393, '19610315ED', 'Pascual P', 'Duque Y', 1, 1),
(1394, '19610315ED', '', '', 2, 1),
(1395, '19640526AC', 'Rafael', 'Guerrero', 1, 1),
(1396, '19640526AC', 'Rosa Elena', 'Colmenares', 2, 1),
(1397, '19691101NG', 'Rafael', 'Guerrero', 1, 1),
(1398, '19691101NG', 'Ana Ilcy', 'Villegas', 2, 1),
(1399, '19691112EM', 'Pantaleón', 'Montoya', 1, 1),
(1400, '19691112EM', 'Lourdes', 'Montoya', 2, 1),
(1401, '19631115MO', 'Daniel', 'Lizarazo', 1, 1),
(1402, '19631115MO', 'Leonilde', 'Forero', 2, 1),
(1403, '19690306PB', 'Pablo Vidal', 'Diaz', 1, 1),
(1404, '19690306PB', 'Teresa', 'Sandoval', 2, 1),
(1405, '19640229MC', 'Humberto Ramón', 'Moreno', 1, 1),
(1406, '19640229MC', 'Carmen Yeli', 'Becerra De Moreno', 2, 1),
(1407, '19670317HL', 'Wilfrido', 'Rivas Garcia', 1, 1),
(1408, '19670317HL', 'Carmen', 'Rodriguez Guerrero', 2, 1),
(1409, '19690515LC', 'Zotico Antonio', 'Morales', 1, 1),
(1410, '19690515LC', 'Ma', 'Reyes Bonillla', 2, 1),
(1411, '19690303EM', 'Manuel Maria', 'Blanco', 1, 1),
(1412, '19690303EM', 'Josefa', 'Lopez', 2, 1),
(1413, '19631129GR', 'Ataniel', 'Flores', 1, 1),
(1414, '19631129GR', 'Edilia', 'Medina', 2, 1),
(1415, '19640509CN', 'Edmundo', 'Mora', 1, 1),
(1416, '19640509CN', 'Grina', 'Ortiz', 2, 1),
(1417, '19680605ER', 'Francisco', 'Rivera', 1, 1),
(1418, '19680605ER', 'Oltilia', 'Rivera', 2, 1),
(1419, '19640403BO', 'Isabelino', 'Mendez', 1, 1),
(1420, '19640403BO', 'Dolores', 'Morales', 2, 1),
(1421, '19640516EC', 'Jose Maria', 'Guerrero', 1, 1),
(1422, '19640516EC', 'Maria Alicia', 'Guerrero', 2, 1),
(1423, '19690622LR', 'Abelardo', 'Rivera', 1, 1),
(1424, '19690622LR', 'Mercedes', 'Rivera', 2, 1),
(1425, '19640418DA', 'Higinio', 'Aguilar', 1, 1),
(1426, '19640418DA', 'Cecilia', 'Zambrano De Aguilar', 2, 1),
(1427, '19640404YR', 'Antonio', 'Contreras', 1, 1),
(1428, '19640404YR', 'Catalicia', 'Guerrero De Contreras', 2, 1),
(1429, '19670726AO', 'Pedro', 'Lopez', 1, 1),
(1430, '19670726AO', 'Celina', 'Angarita', 2, 1),
(1431, '19640416RD', 'Bandelio', 'Delgado Zambrano', 1, 1),
(1432, '19640416RD', 'Ana Rosa', 'Delgado De D', 2, 1),
(1433, '19630923GQ', 'Domingo Antonio', 'Chacon', 1, 1),
(1434, '19630923GQ', 'Lucia', 'De Chacon', 2, 1),
(1435, '19690615AR', 'Jose Maria', 'Mora', 1, 1),
(1436, '19690615AR', 'Livoria', 'Varquez', 2, 1),
(1437, '19640515HZ', 'Jose Mauricio', 'Contreras', 1, 1),
(1438, '19640515HZ', 'Rosa Victoria', 'Robles', 2, 1),
(1439, '19691010IP', 'Angel', 'Bautista Castillo', 1, 1),
(1440, '19691010IP', 'Petra Rosa', 'Guerrero', 2, 1),
(1441, '19660205WM', 'Telmo', 'Villamizar', 1, 1),
(1442, '19660205WM', 'Auxiliadora', 'De Villamizar', 2, 1),
(1443, '19631223GM', 'Luis Enrique', 'Ramirez', 1, 1),
(1444, '19631223GM', 'Ana Mercedes', 'Castañeda De R', 2, 1),
(1445, '19680518OA', 'Jose Dolsel', 'Vargal', 1, 1),
(1446, '19680518OA', 'Ida Isola', 'Pineda', 2, 1),
(1447, '19640328JT', 'Jose Ramon', 'Arenas', 1, 1),
(1448, '19640328JT', 'Diosenisia', 'Chacon De Molina', 2, 1),
(1449, '19691112GS', 'Pedro Ali', 'Bustamante', 1, 1),
(1450, '19691112GS', 'Carmen', 'Noguera', 2, 1),
(1451, '19640521VR', 'Fernando Antonio', 'Contreras', 1, 1),
(1452, '19640521VR', 'Hilda', 'Mora De Labrador', 2, 1),
(1453, '19630901JE', 'Jose Antonio', 'Conde', 1, 1),
(1454, '19630901JE', 'Tiodosia', 'Sanchez', 2, 1),
(1455, '19631112JC', 'Gregorio', 'Rosales Contreras', 1, 1),
(1456, '19631112JC', 'Anamelia', 'Mendoza', 2, 1),
(1457, '19681106AB', 'Pedro Jesus', 'Larmes', 1, 1),
(1458, '19681106AB', 'Raimunda', 'Veluda', 2, 1),
(1459, '19640122CG', 'Numa Pompilio', 'Galaviz', 1, 1),
(1460, '19640122CG', 'Ylia Maria', 'De Galaviz', 2, 1),
(1461, '19640504LC', 'Manuel', 'Morales', 1, 1),
(1462, '19640504LC', 'Juana', 'Zambrano', 2, 1),
(1463, '19640601JC', 'Maximiliano', 'Contreras', 1, 1),
(1464, '19640601JC', 'Maria Consuelo', 'Mora', 2, 1),
(1465, '19681217LM', 'Luis Enrique', 'Molina', 1, 1),
(1466, '19681217LM', 'Manuela', 'Arenal', 2, 1),
(1467, '19631027SG', 'Jose', 'Castro', 1, 1),
(1468, '19631027SG', 'Libia', 'Ramirez', 2, 1),
(1469, '19640508GM', 'Heradio', 'Silva', 1, 1),
(1470, '19640508GM', 'Romelia', 'Silva', 2, 1),
(1471, '19630620DV', 'Luis Eduardo', 'Sanchez', 1, 1),
(1472, '19630620DV', 'C N Benedicta', 'Guerrero', 2, 1),
(1473, '19620625RN', 'Braulio', 'Omaña', 1, 1),
(1474, '19620625RN', 'Lucia', 'De Omaña', 2, 1),
(1475, '19640530IA', 'Julian', 'Vivas Chacon', 1, 1),
(1476, '19640530IA', 'Elide', 'Rujano', 2, 1);




